id,index,period,timestamp,minute,second,type_id,type_name,possession,possession_team_id,possession_team_name,play_pattern_id,play_pattern_name,team_id,team_name,duration,tactics,related_events_0,player_id,player_name,position_id,position_name,location_0,location_1,pass,carry,under_pressure,counterpress,shot,goalkeeper_type_id,goalkeeper_type_name,goalkeeper_outcome_id,goalkeeper_outcome_name,goalkeeper_technique_id,goalkeeper_technique_name,goalkeeper_position_id,goalkeeper_position_name,ball_receipt,foul_won,off_camera,duel,dribble,clearance,out,interception,foul_committed,ball_recovery,block,miscontrol,substitution,50_50,pass_recipient_id,pass_recipient_name,pass_length,pass_angle,pass_height_id,pass_height_name,pass_end_location_0,pass_end_location_1,pass_body_part_id,pass_body_part_name,pass_type_id,pass_type_name,goalkeeper,related_events_1,carry_end_location_0,carry_end_location_1,pass_switch,pass_outcome_id,pass_outcome_name,ball_receipt_outcome_id,ball_receipt_outcome_name,related_events_2,interception_outcome_id,interception_outcome_name,clearance_right_foot,clearance_body_part_id,clearance_body_part_name,pass_cross,duel_type_id,duel_type_name,clearance_aerial_won,clearance_head,related_events,pass_aerial_won,pass_assisted_shot_id,pass_shot_assist,shot_statsbomb_xg,shot_end_location_0,shot_end_location_1,shot_end_location_2,shot_key_pass_id,shot_outcome_id,shot_outcome_name,shot_type_id,shot_type_name,shot_body_part_id,shot_body_part_name,shot_technique_id,shot_technique_name,shot_freeze_frame_0_location_0,shot_freeze_frame_0_location_1,shot_freeze_frame_0_player_id,shot_freeze_frame_0_player_name,shot_freeze_frame_0_position_id,shot_freeze_frame_0_position_name,shot_freeze_frame_0_teammate,shot_freeze_frame_1_location_0,shot_freeze_frame_1_location_1,shot_freeze_frame_1_player_id,shot_freeze_frame_1_player_name,shot_freeze_frame_1_position_id,shot_freeze_frame_1_position_name,shot_freeze_frame_1_teammate,shot_freeze_frame_2_location_0,shot_freeze_frame_2_location_1,shot_freeze_frame_2_player_id,shot_freeze_frame_2_player_name,shot_freeze_frame_2_position_id,shot_freeze_frame_2_position_name,shot_freeze_frame_2_teammate,shot_freeze_frame_3_location_0,shot_freeze_frame_3_location_1,shot_freeze_frame_3_player_id,shot_freeze_frame_3_player_name,shot_freeze_frame_3_position_id,shot_freeze_frame_3_position_name,shot_freeze_frame_3_teammate,shot_freeze_frame_4_location_0,shot_freeze_frame_4_location_1,shot_freeze_frame_4_player_id,shot_freeze_frame_4_player_name,shot_freeze_frame_4_position_id,shot_freeze_frame_4_position_name,shot_freeze_frame_4_teammate,shot_freeze_frame_5_location_0,shot_freeze_frame_5_location_1,shot_freeze_frame_5_player_id,shot_freeze_frame_5_player_name,shot_freeze_frame_5_position_id,shot_freeze_frame_5_position_name,shot_freeze_frame_5_teammate,shot_freeze_frame_6_location_0,shot_freeze_frame_6_location_1,shot_freeze_frame_6_player_id,shot_freeze_frame_6_player_name,shot_freeze_frame_6_position_id,shot_freeze_frame_6_position_name,shot_freeze_frame_6_teammate,duel_outcome_id,duel_outcome_name
f7feae97-d2c7-499e-a53f-d46bd4d19591,2839,2,00:40:29.926,85,29,23,Goal Keeper,207,39,Manchester United,4,From Throw In,1,Arsenal,0.0,,d1157746-a05d-4d68-8505-96d63171f935,20015,Jens Lehmann,1,Goalkeeper,1.2,38.1,,,,,,26.0,Goal Conceded,55.0,No Touch,46.0,Standing,43.0,Prone,,,,,,,,,,,,,,,,,,,,,,,,,,,,,,,,,,,,,,,,,,,,,,,,,,,,,,,,,,,,,,,,,,,,,,,,,,,,,,,,,,,,,,,,,,,,,,,,,,,,,,,,,,,,,,,,,,
3f8cc651-db17-4a29-935f-6b0ce4b4b63a,2846,2,00:41:26.070,86,26,30,Pass,209,39,Manchester United,7,From Goal Kick,39,Manchester United,3.15559,,0f0c2ce3-5794-4ad3-aa72-9b195e936aba,40364,Roy Carroll,1,Goalkeeper,6.0,44.0,,,,,,,,,,,,,,,,,,,,,,,,,,,,15402.0,Gary Neville,32.705505,0.90894866,1.0,Ground Pass,26.1,69.8,40.0,Right Foot,63.0,Goal Kick,,,,,,,,,,,,,,,,,,,,,,,,,,,,,,,,,,,,,,,,,,,,,,,,,,,,,,,,,,,,,,,,,,,,,,,,,,,,,,,,,,,,,,,,
0f0c2ce3-5794-4ad3-aa72-9b195e936aba,2847,2,00:41:29.226,86,29,42,Ball Receipt*,209,39,Manchester United,7,From Goal Kick,39,Manchester United,,,3f8cc651-db17-4a29-935f-6b0ce4b4b63a,15402,Gary Neville,2,Right Back,26.1,69.8,,,,,,,,,,,,,,,,,,,,,,,,,,,,,,,,,,,,,,,,,,,,,,,,,,,,,,,,,,,,,,,,,,,,,,,,,,,,,,,,,,,,,,,,,,,,,,,,,,,,,,,,,,,,,,,,,,,,,,,,,,,,,,,
5a941f68-8bae-49c3-9ef9-e91e4b3b5173,2848,2,00:41:29.226,86,29,43,Carry,209,39,Manchester United,7,From Goal Kick,39,Manchester United,3.452022,,0f0c2ce3-5794-4ad3-aa72-9b195e936aba,15402,Gary Neville,2,Right Back,26.1,69.8,,,,,,,,,,,,,,,,,,,,,,,,,,,,,,,,,,,,,,,,,e1ffb380-7557-40a6-b230-2cd0d75a266a,44.2,72.5,,,,,,,,,,,,,,,,,,,,,,,,,,,,,,,,,,,,,,,,,,,,,,,,,,,,,,,,,,,,,,,,,,,,,,,,,,,,,,,,,,,,
e1ffb380-7557-40a6-b230-2cd0d75a266a,2849,2,00:41:32.678,86,32,30,Pass,209,39,Manchester United,7,From Goal Kick,39,Manchester United,3.372694,,e2568d40-7d1d-4f1b-b22a-9d5207d9d3a5,15402,Gary Neville,2,Right Back,44.2,72.5,,,,,,,,,,,,,,,,,,,,,,,,,,,,20505.0,Louis Saha,67.463326,-0.77282023,3.0,High Pass,92.5,25.4,40.0,Right Foot,,,,,,,True,,,,,,,,,,,,,,,,,,,,,,,,,,,,,,,,,,,,,,,,,,,,,,,,,,,,,,,,,,,,,,,,,,,,,,,,,,,,,,,,,,,
e2568d40-7d1d-4f1b-b22a-9d5207d9d3a5,2850,2,00:41:36.050,86,36,42,Ball Receipt*,209,39,Manchester United,7,From Goal Kick,39,Manchester United,,,e1ffb380-7557-40a6-b230-2cd0d75a266a,20505,Louis Saha,19,Center Attacking Midfield,92.5,25.4,,,,,,,,,,,,,,,,,,,,,,,,,,,,,,,,,,,,,,,,,,,,,,,,,,,,,,,,,,,,,,,,,,,,,,,,,,,,,,,,,,,,,,,,,,,,,,,,,,,,,,,,,,,,,,,,,,,,,,,,,,,,,,,
d31c13f7-ae83-4b59-827f-dc6d680b26ea,2851,2,00:41:36.050,86,36,30,Pass,209,39,Manchester United,7,From Goal Kick,39,Manchester United,2.145187,,528c97f6-297a-4868-a055-54bfbdb09f27,20505,Louis Saha,19,Center Attacking Midfield,92.5,25.4,,,,,,,,,,,,,,,,,,,,,,,,,,,,20175.0,Ryan Giggs,9.291394,-1.7111713,2.0,Low Pass,91.2,16.2,70.0,Other,,,,add91a7f-25f8-44cc-b3ae-db73565c8bbc,,,,9.0,Incomplete,,,,,,,,,,,,,,,,,,,,,,,,,,,,,,,,,,,,,,,,,,,,,,,,,,,,,,,,,,,,,,,,,,,,,,,,,,,,,,,,,
528c97f6-297a-4868-a055-54bfbdb09f27,2852,2,00:41:38.196,86,38,42,Ball Receipt*,209,39,Manchester United,7,From Goal Kick,39,Manchester United,,,d31c13f7-ae83-4b59-827f-dc6d680b26ea,20175,Ryan Giggs,16,Left Midfield,92.5,15.4,,,,,,,,,,,,,,,,,,,,,,,,,,,,,,,,,,,,,,,,,,,,,,,9.0,Incomplete,,,,,,,,,,,,,,,,,,,,,,,,,,,,,,,,,,,,,,,,,,,,,,,,,,,,,,,,,,,,,,,,,,,,,,,,,,,,,,,
add91a7f-25f8-44cc-b3ae-db73565c8bbc,2853,2,00:41:38.196,86,38,30,Pass,209,39,Manchester United,7,From Goal Kick,1,Arsenal,1.032161,,68efd441-b80a-41f0-83a3-1c777377460d,40221,Gilberto Aparecido da Silva,22,Right Center Forward,28.9,63.9,,,,,,,,,,,,,,,,,,,,,,,,,,,,15515.0,Patrick Vieira,3.2280025,-0.28255495,1.0,Ground Pass,32.0,63.0,40.0,Right Foot,66.0,Recovery,,d31c13f7-ae83-4b59-827f-dc6d680b26ea,,,,,,,,,,,,,,,,,,,,,,,,,,,,,,,,,,,,,,,,,,,,,,,,,,,,,,,,,,,,,,,,,,,,,,,,,,,,,,,,,,,,,,
68efd441-b80a-41f0-83a3-1c777377460d,2854,2,00:41:39.228,86,39,42,Ball Receipt*,209,39,Manchester United,7,From Goal Kick,1,Arsenal,,,add91a7f-25f8-44cc-b3ae-db73565c8bbc,15515,Patrick Vieira,9,Right Defensive Midfield,32.0,63.0,,,,,,,,,,,,,,,,,,,,,,,,,,,,,,,,,,,,,,,,,,,,,,,,,,,,,,,,,,,,,,,,,,,,,,,,,,,,,,,,,,,,,,,,,,,,,,,,,,,,,,,,,,,,,,,,,,,,,,,,,,,,,,,
a669d6e2-a08e-410f-877d-1c2055098503,2855,2,00:41:39.228,86,39,43,Carry,209,39,Manchester United,7,From Goal Kick,1,Arsenal,1.003128,,68efd441-b80a-41f0-83a3-1c777377460d,15515,Patrick Vieira,9,Right Defensive Midfield,32.0,63.0,,,True,,,,,,,,,,,,,,,,,,,,,,,,,,,,,,,,,,,,,,a931f2c1-db38-49ac-babc-bc489371ddec,40.8,68.6,,,,,,b9f79b1f-aa16-4ccc-9eb4-0b2c60ccf0c5,,,,,,,,,,,,,,,,,,,,,,,,,,,,,,,,,,,,,,,,,,,,,,,,,,,,,,,,,,,,,,,,,,,,,,,,,,,,,,
b9f79b1f-aa16-4ccc-9eb4-0b2c60ccf0c5,2856,2,00:41:39.897,86,39,17,Pressure,209,39,Manchester United,7,From Goal Kick,39,Manchester United,0.575875,,a669d6e2-a08e-410f-877d-1c2055098503,15666,Paul Scholes,13,Right Center Midfield,82.1,16.2,,,,True,,,,,,,,,,,,,,,,,,,,,,,,,,,,,,,,,,,,,a931f2c1-db38-49ac-babc-bc489371ddec,,,,,,,,,,,,,,,,,,,,,,,,,,,,,,,,,,,,,,,,,,,,,,,,,,,,,,,,,,,,,,,,,,,,,,,,,,,,,,,,,,,,,,
a931f2c1-db38-49ac-babc-bc489371ddec,2857,2,00:41:40.231,86,40,38,Miscontrol,209,39,Manchester United,7,From Goal Kick,1,Arsenal,0.0,,b9f79b1f-aa16-4ccc-9eb4-0b2c60ccf0c5,15515,Patrick Vieira,9,Right Defensive Midfield,40.8,68.6,,,True,,,,,,,,,,,,,,,,,,,,,,,,,,,,,,,,,,,,,,,,,,,,,,,,,,,,,,,,,,,,,,,,,,,,,,,,,,,,,,,,,,,,,,,,,,,,,,,,,,,,,,,,,,,,,,,,,,,,,,,,,,,,
17a6a232-9814-472c-bafb-ba5d34f251e8,2858,2,00:41:40.585,86,40,17,Pressure,209,39,Manchester United,7,From Goal Kick,1,Arsenal,0.840838,,f5abfd72-2129-44b2-a0ea-16f60c1b4ef0,15515,Patrick Vieira,9,Right Defensive Midfield,41.3,69.7,,,,,,,,,,,,,,,,,,,,,,,,,,,,,,,,,,,,,,,,,,,,,,,,,,,,,,,,,,,,,,,,,,,,,,,,,,,,,,,,,,,,,,,,,,,,,,,,,,,,,,,,,,,,,,,,,,,,,,,,,,,,,,,
f5abfd72-2129-44b2-a0ea-16f60c1b4ef0,2859,2,00:41:41.363,86,41,30,Pass,209,39,Manchester United,7,From Goal Kick,39,Manchester United,0.325004,,17a6a232-9814-472c-bafb-ba5d34f251e8,16890,John O''Shea,6,Left Back,70.5,5.5,,,True,,,,,,,,,,,,,,,,,,,,,,,,,20505.0,Louis Saha,5.263079,0.89308804,1.0,Ground Pass,73.8,9.6,38.0,Left Foot,66.0,Recovery,,c12bd83b-016d-4380-84ae-7836e2ffe5b9,,,,,,,,,,,,,,,,,,,,,,,,,,,,,,,,,,,,,,,,,,,,,,,,,,,,,,,,,,,,,,,,,,,,,,,,,,,,,,,,,,,,,,
c12bd83b-016d-4380-84ae-7836e2ffe5b9,2860,2,00:41:41.688,86,41,42,Ball Receipt*,209,39,Manchester United,7,From Goal Kick,39,Manchester United,,,f5abfd72-2129-44b2-a0ea-16f60c1b4ef0,20505,Louis Saha,19,Center Attacking Midfield,73.8,9.6,,,,,,,,,,,,,,,,,,,,,,,,,,,,,,,,,,,,,,,,,,,,,,,,,,,,,,,,,,,,,,,,,,,,,,,,,,,,,,,,,,,,,,,,,,,,,,,,,,,,,,,,,,,,,,,,,,,,,,,,,,,,,,,
8ed86f6f-2a41-4dac-a3d1-18d860784869,2861,2,00:41:41.688,86,41,43,Carry,209,39,Manchester United,7,From Goal Kick,39,Manchester United,2.518201,,c12bd83b-016d-4380-84ae-7836e2ffe5b9,20505,Louis Saha,19,Center Attacking Midfield,73.8,9.6,,,,,,,,,,,,,,,,,,,,,,,,,,,,,,,,,,,,,,,,,e10fe6b8-f5aa-4c01-95b6-6de825ca33b3,73.8,11.2,,,,,,,,,,,,,,,,,,,,,,,,,,,,,,,,,,,,,,,,,,,,,,,,,,,,,,,,,,,,,,,,,,,,,,,,,,,,,,,,,,,,
e10fe6b8-f5aa-4c01-95b6-6de825ca33b3,2862,2,00:41:44.206,86,44,30,Pass,209,39,Manchester United,7,From Goal Kick,39,Manchester United,0.72965,,4f967e53-00e3-4fed-a408-b23d210fbd2c,20505,Louis Saha,19,Center Attacking Midfield,73.8,11.2,,,,,,,,,,,,,,,,,,,,,,,,,,,,20175.0,Ryan Giggs,13.947401,0.30587888,2.0,Low Pass,87.1,15.4,38.0,Left Foot,,,,,,,,,,,,,,,,,,,,,,,,,,,,,,,,,,,,,,,,,,,,,,,,,,,,,,,,,,,,,,,,,,,,,,,,,,,,,,,,,,,,,,,,,,
4f967e53-00e3-4fed-a408-b23d210fbd2c,2863,2,00:41:44.935,86,44,42,Ball Receipt*,209,39,Manchester United,7,From Goal Kick,39,Manchester United,,,e10fe6b8-f5aa-4c01-95b6-6de825ca33b3,20175,Ryan Giggs,16,Left Midfield,87.1,15.4,,,,,,,,,,,,,,,,,,,,,,,,,,,,,,,,,,,,,,,,,,,,,,,,,,,,,,,,,,,,,,,,,,,,,,,,,,,,,,,,,,,,,,,,,,,,,,,,,,,,,,,,,,,,,,,,,,,,,,,,,,,,,,,
8bbd5930-850d-440b-894c-f2d3788573e5,2864,2,00:41:44.935,86,44,43,Carry,209,39,Manchester United,7,From Goal Kick,39,Manchester United,0.903711,,4f967e53-00e3-4fed-a408-b23d210fbd2c,20175,Ryan Giggs,16,Left Midfield,87.1,15.4,,,,,,,,,,,,,,,,,,,,,,,,,,,,,,,,,,,,,,,,,576dbc0a-ef80-489b-92b4-3a9e1f6609f2,87.1,15.4,,,,,,,,,,,,,,,,,,,,,,,,,,,,,,,,,,,,,,,,,,,,,,,,,,,,,,,,,,,,,,,,,,,,,,,,,,,,,,,,,,,,
576dbc0a-ef80-489b-92b4-3a9e1f6609f2,2865,2,00:41:45.839,86,45,30,Pass,209,39,Manchester United,7,From Goal Kick,39,Manchester United,0.842083,,b7d1d775-bee2-4658-bd4c-a2bc4017c04e,20175,Ryan Giggs,16,Left Midfield,87.1,15.4,,,,,,,,,,,,,,,,,,,,,,,,,,,,20505.0,Louis Saha,10.111875,1.7196863,1.0,Ground Pass,85.6,25.4,38.0,Left Foot,,,,beb1af6e-647b-494b-9393-4dddb3466113,,,,9.0,Incomplete,,,,,,,,,,,,,,,,,,,,,,,,,,,,,,,,,,,,,,,,,,,,,,,,,,,,,,,,,,,,,,,,,,,,,,,,,,,,,,,,,
b7d1d775-bee2-4658-bd4c-a2bc4017c04e,2866,2,00:41:46.681,86,46,42,Ball Receipt*,209,39,Manchester United,7,From Goal Kick,39,Manchester United,,,576dbc0a-ef80-489b-92b4-3a9e1f6609f2,20505,Louis Saha,19,Center Attacking Midfield,86.2,23.6,,,,,,,,,,,,,,,,,,,,,,,,,,,,,,,,,,,,,,,,,,,,,,,9.0,Incomplete,,,,,,,,,,,,,,,,,,,,,,,,,,,,,,,,,,,,,,,,,,,,,,,,,,,,,,,,,,,,,,,,,,,,,,,,,,,,,,,
beb1af6e-647b-494b-9393-4dddb3466113,2867,2,00:41:46.681,86,46,10,Interception,209,39,Manchester United,7,From Goal Kick,1,Arsenal,0.0,,576dbc0a-ef80-489b-92b4-3a9e1f6609f2,26014,Eduardo César Daude Gaspar,11,Left Defensive Midfield,34.5,54.7,,,,,,,,,,,,,,,,,,,,,,,,,,,,,,,,,,,,,,,,,,,,,,,,,,13.0,Lost In Play,,,,,,,,,,,,,,,,,,,,,,,,,,,,,,,,,,,,,,,,,,,,,,,,,,,,,,,,,,,,,,,,,,,,,,,,,,,,
78d815a4-350a-4fbb-bf6e-ce67589a8393,2868,2,00:41:48.868,86,48,30,Pass,209,39,Manchester United,7,From Goal Kick,39,Manchester United,1.188731,,542725db-7eb6-43fc-a4f3-a7a934bffb0a,20175,Ryan Giggs,16,Left Midfield,84.8,27.5,,,,,,,,,,,,,,,,,,,,,,,,,,,,,,19.18463,0.395994,3.0,High Pass,102.5,34.9,38.0,Left Foot,66.0,Recovery,,,,,,9.0,Incomplete,,,,,,,,,,,,,,,,,,,,,,,,,,,,,,,,,,,,,,,,,,,,,,,,,,,,,,,,,,,,,,,,,,,,,,,,,,,,,,,,,
542725db-7eb6-43fc-a4f3-a7a934bffb0a,2869,2,00:41:50.057,86,50,9,Clearance,209,39,Manchester United,7,From Goal Kick,1,Arsenal,0.0,,78d815a4-350a-4fbb-bf6e-ce67589a8393,15637,Sulzeer Jeremiah ''Sol' Campbell,5,Left Center Back,17.6,45.2,,,True,,,,,,,,,,,,,,,,,,,,,,,,,,,,,,,,,,,,,,,,,,,,,,,,,True,40.0,Right Foot,,,,,,,,,,,,,,,,,,,,,,,,,,,,,,,,,,,,,,,,,,,,,,,,,,,,,,,,,,,,,,,,,,,,,,,,,
115ef8b9-d9a3-453b-994d-c9a4996a14ac,2904,2,00:42:47.786,87,47,30,Pass,212,39,Manchester United,7,From Goal Kick,39,Manchester United,4.137115,,d876be1d-9bb0-42d7-a373-a73b6ac1d78a,40364,Roy Carroll,1,Goalkeeper,6.0,36.0,,,,,,,,,,,,,,,,True,,,,,,,,,,,,19729.0,Ruud van Nistelrooy,95.74492,0.37759715,3.0,High Pass,95.0,71.3,40.0,Right Foot,63.0,Goal Kick,,,,,,,,,,,,,,,,,,,,,,,,,,,,,,,,,,,,,,,,,,,,,,,,,,,,,,,,,,,,,,,,,,,,,,,,,,,,,,,,,,,,,,,,
d876be1d-9bb0-42d7-a373-a73b6ac1d78a,2905,2,00:42:51.923,87,51,42,Ball Receipt*,212,39,Manchester United,7,From Goal Kick,39,Manchester United,,,115ef8b9-d9a3-453b-994d-c9a4996a14ac,19729,Ruud van Nistelrooy,23,Center Forward,95.0,71.3,,,,,,,,,,,,,,,,,,,,,,,,,,,,,,,,,,,,,,,,,,,,,,,,,,,,,,,,,,,,,,,,,,,,,,,,,,,,,,,,,,,,,,,,,,,,,,,,,,,,,,,,,,,,,,,,,,,,,,,,,,,,,,,
95a58516-9a95-4382-acfb-42ae8758e3fb,2906,2,00:42:56.206,87,56,22,Foul Committed,212,39,Manchester United,7,From Goal Kick,1,Arsenal,0.0,,5a844154-bb15-4597-8fd7-17b8bbfcd3ac,15637,Sulzeer Jeremiah ''Sol' Campbell,5,Left Center Back,19.3,8.8,,,,,,,,,,,,,,,,,,,,,,,,,,,,,,,,,,,,,,,,,,,,,,,,,,,,,,,,,,,,,,,,,,,,,,,,,,,,,,,,,,,,,,,,,,,,,,,,,,,,,,,,,,,,,,,,,,,,,,,,,,,,,,,
5a844154-bb15-4597-8fd7-17b8bbfcd3ac,2907,2,00:42:56.206,87,56,21,Foul Won,212,39,Manchester United,7,From Goal Kick,39,Manchester United,0.0,,95a58516-9a95-4382-acfb-42ae8758e3fb,19729,Ruud van Nistelrooy,23,Center Forward,100.8,71.3,,,True,,,,,,,,,,,,,True,,,,,,,,,,,,,,,,,,,,,,,,,,,,,,,,,,,,,,,,,,,,,,,,,,,,,,,,,,,,,,,,,,,,,,,,,,,,,,,,,,,,,,,,,,,,,,,,,,,,,,,,,,,,,,,
e4ebd405-8a1b-4b0c-bf1e-cbfc2878357f,2908,2,00:43:24.744,88,24,30,Pass,213,39,Manchester United,3,From Free Kick,39,Manchester United,1.24419,,04fe7b99-3d50-477f-9635-9ee63c3cb2e1,20175,Ryan Giggs,16,Left Midfield,98.6,73.3,,,,,,,,,,,,,,,,,,,,,,,,,,,,,,37.993816,-1.1849136,3.0,High Pass,112.9,38.1,38.0,Left Foot,62.0,Free Kick,,,,,,9.0,Incomplete,,,,,,,,,True,,,,,,,,,,,,,,,,,,,,,,,,,,,,,,,,,,,,,,,,,,,,,,,,,,,,,,,,,,,,,,,,,,,,,,,,
46fdbb16-afbb-4941-acf9-04ae90762dec,2909,2,00:43:25.988,88,25,4,Duel,213,39,Manchester United,3,From Free Kick,39,Manchester United,0.0,,04fe7b99-3d50-477f-9635-9ee63c3cb2e1,19729,Ruud van Nistelrooy,23,Center Forward,112.9,38.1,,,True,,,,,,,,,,,,,,,,,,,,,,,,,,,,,,,,,,,,,,,,,,,,,,,,,,,,,10.0,Aerial Lost,,,,,,,,,,,,,,,,,,,,,,,,,,,,,,,,,,,,,,,,,,,,,,,,,,,,,,,,,,,,,,,,,,,,,,
04fe7b99-3d50-477f-9635-9ee63c3cb2e1,2910,2,00:43:25.988,88,25,9,Clearance,213,39,Manchester United,3,From Free Kick,1,Arsenal,0.0,,46fdbb16-afbb-4941-acf9-04ae90762dec,38412,Kolo Habib Touré,3,Right Center Back,7.2,42.0,,,True,,,,,,,,,,,,,,,,,,,,,,,,,,,,,,,,,,,,,,e4ebd405-8a1b-4b0c-bf1e-cbfc2878357f,,,,,,,,,,,,37.0,Head,,,,True,True,,,,,,,,,,,,,,,,,,,,,,,,,,,,,,,,,,,,,,,,,,,,,,,,,,,,,,,,,,,,,,,,,,,,
d5fbfa1c-7692-4377-9249-ea373f8d249b,2924,2,00:43:48.814,88,48,30,Pass,216,39,Manchester United,1,Regular Play,39,Manchester United,0.769459,,a9511d14-8beb-47fd-a1fe-77788eccba71,24805,Roy Keane,15,Left Center Midfield,47.8,39.6,,,,,,,,,,,,,,,,,,,,,,,,,,,,20175.0,Ryan Giggs,16.542068,1.8275046,1.0,Ground Pass,43.6,55.6,40.0,Right Foot,66.0,Recovery,,,,,,,,,,,,,,,,,,,,,,,,,,,,,,,,,,,,,,,,,,,,,,,,,,,,,,,,,,,,,,,,,,,,,,,,,,,,,,,,,,,,,,,,
a9511d14-8beb-47fd-a1fe-77788eccba71,2925,2,00:43:49.583,88,49,42,Ball Receipt*,216,39,Manchester United,1,Regular Play,39,Manchester United,,,d5fbfa1c-7692-4377-9249-ea373f8d249b,20175,Ryan Giggs,16,Left Midfield,43.6,55.6,,,,,,,,,,,,,,,,,,,,,,,,,,,,,,,,,,,,,,,,,,,,,,,,,,,,,,,,,,,,,,,,,,,,,,,,,,,,,,,,,,,,,,,,,,,,,,,,,,,,,,,,,,,,,,,,,,,,,,,,,,,,,,,
0a9541bb-2932-4403-8f7d-983cd5f15bd1,2926,2,00:43:49.583,88,49,30,Pass,216,39,Manchester United,1,Regular Play,39,Manchester United,1.543928,,6fffaa08-fa1d-46d9-96d3-f50e6d914730,20175,Ryan Giggs,16,Left Midfield,43.6,55.6,,,,,,,,,,,,,,,,,,,,,,,,,,,,40366.0,Wes Brown,13.865786,-2.3255918,1.0,Ground Pass,34.1,45.5,38.0,Left Foot,,,,,,,,,,,,,,,,,,,,,,,,,,,,,,,,,,,,,,,,,,,,,,,,,,,,,,,,,,,,,,,,,,,,,,,,,,,,,,,,,,,,,,,,,,
6fffaa08-fa1d-46d9-96d3-f50e6d914730,2927,2,00:43:51.127,88,51,42,Ball Receipt*,216,39,Manchester United,1,Regular Play,39,Manchester United,,,0a9541bb-2932-4403-8f7d-983cd5f15bd1,40366,Wes Brown,3,Right Center Back,34.1,45.5,,,,,,,,,,,,,,,,,,,,,,,,,,,,,,,,,,,,,,,,,,,,,,,,,,,,,,,,,,,,,,,,,,,,,,,,,,,,,,,,,,,,,,,,,,,,,,,,,,,,,,,,,,,,,,,,,,,,,,,,,,,,,,,
8bd05947-cc63-4f1a-9281-bbfc1bf6e41f,2928,2,00:43:51.127,88,51,30,Pass,216,39,Manchester United,1,Regular Play,39,Manchester United,0.990016,,3ac49c9c-5055-44c0-ac99-8f541be26e38,40366,Wes Brown,3,Right Center Back,34.1,45.5,,,,,,,,,,,,,,,,,,,,,,,,,,,,24805.0,Roy Keane,5.249762,0.30970293,1.0,Ground Pass,39.1,47.1,38.0,Left Foot,,,,,,,,,,,,,,,,,,,,,,,,,,,,,,,,,,,,,,,,,,,,,,,,,,,,,,,,,,,,,,,,,,,,,,,,,,,,,,,,,,,,,,,,,,
3ac49c9c-5055-44c0-ac99-8f541be26e38,2929,2,00:43:52.117,88,52,42,Ball Receipt*,216,39,Manchester United,1,Regular Play,39,Manchester United,,,8bd05947-cc63-4f1a-9281-bbfc1bf6e41f,24805,Roy Keane,15,Left Center Midfield,39.1,47.1,,,,,,,,,,,,,,,,,,,,,,,,,,,,,,,,,,,,,,,,,,,,,,,,,,,,,,,,,,,,,,,,,,,,,,,,,,,,,,,,,,,,,,,,,,,,,,,,,,,,,,,,,,,,,,,,,,,,,,,,,,,,,,,
bfbbe144-d7c9-4227-a368-24a36d107e86,2930,2,00:43:52.117,88,52,43,Carry,216,39,Manchester United,1,Regular Play,39,Manchester United,0.535791,,3ac49c9c-5055-44c0-ac99-8f541be26e38,24805,Roy Keane,15,Left Center Midfield,39.1,47.1,,,,,,,,,,,,,,,,,,,,,,,,,,,,,,,,,,,,,,,,,6adb254c-b546-40d9-ad86-f489dcc88893,39.8,47.1,,,,,,,,,,,,,,,,,,,,,,,,,,,,,,,,,,,,,,,,,,,,,,,,,,,,,,,,,,,,,,,,,,,,,,,,,,,,,,,,,,,,
6adb254c-b546-40d9-ad86-f489dcc88893,2931,2,00:43:52.653,88,52,30,Pass,216,39,Manchester United,1,Regular Play,39,Manchester United,0.870108,,8ca6e367-41a0-4d7d-9884-bcb39802ace9,24805,Roy Keane,15,Left Center Midfield,39.8,47.1,,,,,,,,,,,,,,,,,,,,,,,,,,,,15666.0,Paul Scholes,17.173235,-1.3116943,1.0,Ground Pass,44.2,30.5,40.0,Right Foot,,,,,,,,,,,,,,,,,,,,,,,,,,,,,,,,,,,,,,,,,,,,,,,,,,,,,,,,,,,,,,,,,,,,,,,,,,,,,,,,,,,,,,,,,,
8ca6e367-41a0-4d7d-9884-bcb39802ace9,2932,2,00:43:53.523,88,53,42,Ball Receipt*,216,39,Manchester United,1,Regular Play,39,Manchester United,,,6adb254c-b546-40d9-ad86-f489dcc88893,15666,Paul Scholes,13,Right Center Midfield,44.2,30.5,,,,,,,,,,,,,,,,,,,,,,,,,,,,,,,,,,,,,,,,,,,,,,,,,,,,,,,,,,,,,,,,,,,,,,,,,,,,,,,,,,,,,,,,,,,,,,,,,,,,,,,,,,,,,,,,,,,,,,,,,,,,,,,
8994a6b2-5343-4a88-b2a9-96c3360e0abe,2933,2,00:43:53.523,88,53,43,Carry,216,39,Manchester United,1,Regular Play,39,Manchester United,1.25221,,45e9a408-12e3-45ad-b99c-dfebe4e95bab,15666,Paul Scholes,13,Right Center Midfield,44.2,30.5,,,,,,,,,,,,,,,,,,,,,,,,,,,,,,,,,,,,,,,,,8ca6e367-41a0-4d7d-9884-bcb39802ace9,45.4,32.2,,,,,,,,,,,,,,,,,,,,,,,,,,,,,,,,,,,,,,,,,,,,,,,,,,,,,,,,,,,,,,,,,,,,,,,,,,,,,,,,,,,,
45e9a408-12e3-45ad-b99c-dfebe4e95bab,2934,2,00:43:54.775,88,54,30,Pass,216,39,Manchester United,1,Regular Play,39,Manchester United,1.403247,,d673c362-2cbe-4cc8-96da-81aa2cd37c6f,15666,Paul Scholes,13,Right Center Midfield,45.4,32.2,,,,,,,,,,,,,,,,,,,,,,,,,,,,24805.0,Roy Keane,11.011357,0.9727185,1.0,Ground Pass,51.6,41.3,40.0,Right Foot,,,,,,,,,,,,,,,,,,,,,,,,,,,,,,,,,,,,,,,,,,,,,,,,,,,,,,,,,,,,,,,,,,,,,,,,,,,,,,,,,,,,,,,,,,
d673c362-2cbe-4cc8-96da-81aa2cd37c6f,2935,2,00:43:56.179,88,56,42,Ball Receipt*,216,39,Manchester United,1,Regular Play,39,Manchester United,,,45e9a408-12e3-45ad-b99c-dfebe4e95bab,24805,Roy Keane,15,Left Center Midfield,51.6,41.3,,,,,,,,,,,,,,,,,,,,,,,,,,,,,,,,,,,,,,,,,,,,,,,,,,,,,,,,,,,,,,,,,,,,,,,,,,,,,,,,,,,,,,,,,,,,,,,,,,,,,,,,,,,,,,,,,,,,,,,,,,,,,,,
f3191e41-f8c8-4e9c-93be-07eb0dbb2b00,2936,2,00:43:56.179,88,56,30,Pass,216,39,Manchester United,1,Regular Play,39,Manchester United,0.915451,,a1636536-6071-46b3-af1e-4d04fa401f96,24805,Roy Keane,15,Left Center Midfield,53.4,40.2,,,,,,,,,,,,,,,,,,,,,,,,,,,,20505.0,Louis Saha,18.200275,-0.6489956,1.0,Ground Pass,67.9,29.2,40.0,Right Foot,,,,,,,,,,,,,,,,,,,,,,,,,,,,,,,,,,,,,,,,,,,,,,,,,,,,,,,,,,,,,,,,,,,,,,,,,,,,,,,,,,,,,,,,,,
a1636536-6071-46b3-af1e-4d04fa401f96,2937,2,00:43:57.094,88,57,42,Ball Receipt*,216,39,Manchester United,1,Regular Play,39,Manchester United,,,f3191e41-f8c8-4e9c-93be-07eb0dbb2b00,20505,Louis Saha,19,Center Attacking Midfield,67.9,29.2,,,,,,,,,,,,,,,,,,,,,,,,,,,,,,,,,,,,,,,,,,,,,,,,,,,,,,,,,,,,,,,,,,,,,,,,,,,,,,,,,,,,,,,,,,,,,,,,,,,,,,,,,,,,,,,,,,,,,,,,,,,,,,,
50fc6b6b-5301-4493-b23f-8ead4c604303,2938,2,00:43:57.094,88,57,43,Carry,216,39,Manchester United,1,Regular Play,39,Manchester United,0.121584,,83266eb9-44f6-44cf-8903-9ea766f6a671,20505,Louis Saha,19,Center Attacking Midfield,67.9,29.2,,,,,,,,,,,,,,,,,,,,,,,,,,,,,,,,,,,,,,,,,a1636536-6071-46b3-af1e-4d04fa401f96,67.9,29.2,,,,,,,,,,,,,,,,,,,,,,,,,,,,,,,,,,,,,,,,,,,,,,,,,,,,,,,,,,,,,,,,,,,,,,,,,,,,,,,,,,,,
83266eb9-44f6-44cf-8903-9ea766f6a671,2939,2,00:43:57.216,88,57,30,Pass,216,39,Manchester United,1,Regular Play,39,Manchester United,0.653522,,35941656-cb98-4bdf-a37f-f48ccb844e6d,20505,Louis Saha,19,Center Attacking Midfield,67.9,29.2,,,,,,,,,,,,,,,,,,,,,,,,,,,,15666.0,Paul Scholes,5.95483,2.427502,2.0,Low Pass,63.4,33.1,38.0,Left Foot,,,,,,,,,,,,,,,,,,,,,,,,,,,,,,,,,,,,,,,,,,,,,,,,,,,,,,,,,,,,,,,,,,,,,,,,,,,,,,,,,,,,,,,,,,
35941656-cb98-4bdf-a37f-f48ccb844e6d,2940,2,00:43:57.869,88,57,42,Ball Receipt*,216,39,Manchester United,1,Regular Play,39,Manchester United,,,83266eb9-44f6-44cf-8903-9ea766f6a671,15666,Paul Scholes,13,Right Center Midfield,63.4,33.1,,,,,,,,,,,,,,,,,,,,,,,,,,,,,,,,,,,,,,,,,,,,,,,,,,,,,,,,,,,,,,,,,,,,,,,,,,,,,,,,,,,,,,,,,,,,,,,,,,,,,,,,,,,,,,,,,,,,,,,,,,,,,,,
414fd897-aed8-403c-9eb0-c80a92cebb72,2941,2,00:43:57.869,88,57,30,Pass,216,39,Manchester United,1,Regular Play,39,Manchester United,1.182423,,1795f82c-22da-42ea-a952-4ba999422107,15666,Paul Scholes,13,Right Center Midfield,63.8,34.4,,,,,,,,,,,,,,,,,,,,,,,,,,,,19729.0,Ruud van Nistelrooy,10.948059,0.28708237,2.0,Low Pass,74.3,37.5,38.0,Left Foot,,,,,,,,,,,,,,,,,,,,,,,,,,,,,,,,,,,,,,,,,,,,,,,,,,,,,,,,,,,,,,,,,,,,,,,,,,,,,,,,,,,,,,,,,,
1795f82c-22da-42ea-a952-4ba999422107,2942,2,00:43:59.052,88,59,42,Ball Receipt*,216,39,Manchester United,1,Regular Play,39,Manchester United,,,414fd897-aed8-403c-9eb0-c80a92cebb72,19729,Ruud van Nistelrooy,23,Center Forward,74.3,37.5,,,,,,,,,,,,,,,,,,,,,,,,,,,,,,,,,,,,,,,,,,,,,,,,,,,,,,,,,,,,,,,,,,,,,,,,,,,,,,,,,,,,,,,,,,,,,,,,,,,,,,,,,,,,,,,,,,,,,,,,,,,,,,,
72aba403-4e0c-4c6a-a310-69a46693eef6,2943,2,00:43:59.052,88,59,30,Pass,216,39,Manchester United,1,Regular Play,39,Manchester United,0.586423,,9f53b552-2559-4a14-8e79-33d843547368,19729,Ruud van Nistelrooy,23,Center Forward,74.6,37.8,,,,,,,,,,,,,,,,,,,,,,,,,,,,20505.0,Louis Saha,6.9115844,-1.0229328,1.0,Ground Pass,78.2,31.9,38.0,Left Foot,,,,,,,,,,,,,,,,,,,,,,,,,,,,,,,,,,,,,,,,,,,,,,,,,,,,,,,,,,,,,,,,,,,,,,,,,,,,,,,,,,,,,,,,,,
6ba8c3fe-2307-4bee-8d6b-85bace0f9c03,2944,2,00:43:59.092,88,59,17,Pressure,216,39,Manchester United,1,Regular Play,1,Arsenal,0.407614,,,15515,Patrick Vieira,9,Right Defensive Midfield,48.3,44.6,,,,,,,,,,,,,,,,,,,,,,,,,,,,,,,,,,,,,,,,,,,,,,,,,,,,,,,,,,,,,,,,,,,,,,,,,,,,,,,,,,,,,,,,,,,,,,,,,,,,,,,,,,,,,,,,,,,,,,,,,,,,,,,
9f53b552-2559-4a14-8e79-33d843547368,2945,2,00:43:59.638,88,59,42,Ball Receipt*,216,39,Manchester United,1,Regular Play,39,Manchester United,,,72aba403-4e0c-4c6a-a310-69a46693eef6,20505,Louis Saha,19,Center Attacking Midfield,78.2,31.9,,,,,,,,,,,,,,,,,,,,,,,,,,,,,,,,,,,,,,,,,,,,,,,,,,,,,,,,,,,,,,,,,,,,,,,,,,,,,,,,,,,,,,,,,,,,,,,,,,,,,,,,,,,,,,,,,,,,,,,,,,,,,,,
a1fbd10f-08bc-4951-abe3-ff49076c944e,2946,2,00:43:59.638,88,59,43,Carry,216,39,Manchester United,1,Regular Play,39,Manchester United,1.221856,,9f53b552-2559-4a14-8e79-33d843547368,20505,Louis Saha,19,Center Attacking Midfield,78.2,31.9,,,,,,,,,,,,,,,,,,,,,,,,,,,,,,,,,,,,,,,,,b498d03d-7774-4176-88cb-4a3f3c2988a2,85.3,30.1,,,,,,,,,,,,,,,,,,,,,,,,,,,,,,,,,,,,,,,,,,,,,,,,,,,,,,,,,,,,,,,,,,,,,,,,,,,,,,,,,,,,
b498d03d-7774-4176-88cb-4a3f3c2988a2,2947,2,00:44:00.860,89,0,38,Miscontrol,216,39,Manchester United,1,Regular Play,39,Manchester United,0.0,,,20505,Louis Saha,19,Center Attacking Midfield,85.3,30.1,,,,,,,,,,,,,,,,,,,,,,,,,,,,,,,,,,,,,,,,,,,,,,,,,,,,,,,,,,,,,,,,,,,,,,,,,,,,,,,,,,,,,,,,,,,,,,,,,,,,,,,,,,,,,,,,,,,,,,,,,,,,,,,
db4a3e41-7514-4c70-8567-e9599c7e2949,2948,2,00:44:01.018,89,1,17,Pressure,216,39,Manchester United,1,Regular Play,39,Manchester United,0.333098,,,20505,Louis Saha,19,Center Attacking Midfield,85.9,29.5,,,,,,,,,,,,,,,,,,,,,,,,,,,,,,,,,,,,,,,,,,,,,,,,,,,,,,,,,,,,,,,,,,,,,,,,,,,,,,,,,,,,,,,,,,,,,,,,,,,,,,,,,,,,,,,,,,,,,,,,,,,,,,,
f61cc8b6-a7a0-43ff-ac10-7c8b1d9c6bfd,2949,2,00:44:01.468,89,1,9,Clearance,216,39,Manchester United,1,Regular Play,1,Arsenal,0.0,,,40222,Laureano Bisan-Etame Mayer,2,Right Back,32.0,51.5,,,True,,,,,,,,,,,,,,,,,,,,,,,,,,,,,,,,,,,,,,,,,,,,,,,,,True,40.0,Right Foot,,,,,,,,,,,,,,,,,,,,,,,,,,,,,,,,,,,,,,,,,,,,,,,,,,,,,,,,,,,,,,,,,,,,,,,,,
c9e67dce-9062-424d-b10a-5997a8649723,2950,2,00:44:01.537,89,1,6,Block,216,39,Manchester United,1,Regular Play,39,Manchester United,0.0,,,20505,Louis Saha,19,Center Attacking Midfield,85.1,27.5,,,,,,,,,,,,,,,,,,,,,,,,,,,,,,,,,,,,,,,,,,,,,,,,,,,,,,,,,,,,,,,,,,,,,,,,,,,,,,,,,,,,,,,,,,,,,,,,,,,,,,,,,,,,,,,,,,,,,,,,,,,,,,,
30580bf7-8d3f-487a-9b0c-90b2b0939c66,2951,2,00:44:03.230,89,3,2,Ball Recovery,216,39,Manchester United,1,Regular Play,1,Arsenal,0.0,,,40221,Gilberto Aparecido da Silva,22,Right Center Forward,40.3,68.9,,,,,,,,,,,,,,,,,,,,,,,,,,,,,,,,,,,,,,,,,,,,,,,,,,,,,,,,,,,,,,,,,,,,,,,,,,,,,,,,,,,,,,,,,,,,,,,,,,,,,,,,,,,,,,,,,,,,,,,,,,,,,,,
a3e64ad0-392a-43b3-bbb5-5e24c306c811,2952,2,00:44:03.230,89,3,43,Carry,216,39,Manchester United,1,Regular Play,1,Arsenal,3.512343,,23e79da0-5e8b-477f-968c-27ee4b3adb70,40221,Gilberto Aparecido da Silva,22,Right Center Forward,40.3,68.9,,,,,,,,,,,,,,,,,,,,,,,,,,,,,,,,,,,,,,,,,30580bf7-8d3f-487a-9b0c-90b2b0939c66,56.0,74.9,,,,,,,,,,,,,,,,,,,,,,,,,,,,,,,,,,,,,,,,,,,,,,,,,,,,,,,,,,,,,,,,,,,,,,,,,,,,,,,,,,,,
23e79da0-5e8b-477f-968c-27ee4b3adb70,2953,2,00:44:06.743,89,6,30,Pass,216,39,Manchester United,1,Regular Play,1,Arsenal,5.091799,,04c7062c-b1fe-4b4e-98b8-04cf9e962186,40221,Gilberto Aparecido da Silva,22,Right Center Forward,56.0,74.9,,,,,,,,,,,,,,,,,,,,,,,,,,,,,,60.410015,0.018209908,1.0,Ground Pass,116.4,76.0,40.0,Right Foot,,,,,,,,9.0,Incomplete,,,,,,,,,,,,,,,,,,,,,,,,,,,,,,,,,,,,,,,,,,,,,,,,,,,,,,,,,,,,,,,,,,,,,,,,,,,,,,,,,
04c7062c-b1fe-4b4e-98b8-04cf9e962186,2954,2,00:44:11.835,89,11,2,Ball Recovery,216,39,Manchester United,1,Regular Play,39,Manchester United,0.0,,23e79da0-5e8b-477f-968c-27ee4b3adb70,40364,Roy Carroll,1,Goalkeeper,3.7,4.1,,,,,,,,,,,,,,,,,,,,,,,,,,,,,,,,,,,,,,,,,,,,,,,,,,,,,,,,,,,,,,,,,,,,,,,,,,,,,,,,,,,,,,,,,,,,,,,,,,,,,,,,,,,,,,,,,,,,,,,,,,,,,,,
9123086a-1ed7-4f45-b151-39ba3ff30f4a,2955,2,00:44:11.835,89,11,43,Carry,216,39,Manchester United,1,Regular Play,39,Manchester United,0.788713,,04c7062c-b1fe-4b4e-98b8-04cf9e962186,40364,Roy Carroll,1,Goalkeeper,3.7,4.1,,,,,,,,,,,,,,,,,,,,,,,,,,,,,,,,,,,,,,,,,53104236-e6ee-4120-84d7-4dd70b93509b,3.7,4.9,,,,,,,,,,,,,,,,,,,,,,,,,,,,,,,,,,,,,,,,,,,,,,,,,,,,,,,,,,,,,,,,,,,,,,,,,,,,,,,,,,,,
53104236-e6ee-4120-84d7-4dd70b93509b,2956,2,00:44:12.623,89,12,30,Pass,216,39,Manchester United,1,Regular Play,39,Manchester United,1.647189,,7019c4b4-1626-4bc1-808b-6ebc5a63939d,40364,Roy Carroll,1,Goalkeeper,3.7,4.9,,,,,,,,,,,,,,,,,,,,,,,,,,,,16890.0,John O''Shea,13.049521,0.23196824,1.0,Ground Pass,16.4,7.9,40.0,Right Foot,,,,,,,,,,,,,,,,,,,,,,,,,,,,,,,,,,,,,,,,,,,,,,,,,,,,,,,,,,,,,,,,,,,,,,,,,,,,,,,,,,,,,,,,,,
7019c4b4-1626-4bc1-808b-6ebc5a63939d,2957,2,00:44:14.270,89,14,42,Ball Receipt*,216,39,Manchester United,1,Regular Play,39,Manchester United,,,53104236-e6ee-4120-84d7-4dd70b93509b,16890,John O''Shea,6,Left Back,16.4,7.9,,,,,,,,,,,,,,,,,,,,,,,,,,,,,,,,,,,,,,,,,,,,,,,,,,,,,,,,,,,,,,,,,,,,,,,,,,,,,,,,,,,,,,,,,,,,,,,,,,,,,,,,,,,,,,,,,,,,,,,,,,,,,,,
5ea93ce7-e390-42cf-994a-ae1797a4071a,2958,2,00:44:14.270,89,14,43,Carry,216,39,Manchester United,1,Regular Play,39,Manchester United,1.329953,,7019c4b4-1626-4bc1-808b-6ebc5a63939d,16890,John O''Shea,6,Left Back,16.4,7.9,,,,,,,,,,,,,,,,,,,,,,,,,,,,,,,,,,,,,,,,,d0fe668f-922b-4ccb-a3d0-a431ac9800ff,9.5,15.9,,,,,,,,,,,,,,,,,,,,,,,,,,,,,,,,,,,,,,,,,,,,,,,,,,,,,,,,,,,,,,,,,,,,,,,,,,,,,,,,,,,,
d0fe668f-922b-4ccb-a3d0-a431ac9800ff,2959,2,00:44:15.600,89,15,30,Pass,216,39,Manchester United,1,Regular Play,39,Manchester United,2.610564,,782cd580-8839-459c-97bb-5ebb9d53715a,16890,John O''Shea,6,Left Back,9.5,15.9,,,,,,,,,,,,,,,,,,,,,,,,,,,,15402.0,Gary Neville,51.530186,1.0863184,3.0,High Pass,33.5,61.5,40.0,Right Foot,,,,,,,True,,,,,,,,,,,,,,,,,,,,,,,,,,,,,,,,,,,,,,,,,,,,,,,,,,,,,,,,,,,,,,,,,,,,,,,,,,,,,,,,,,,
782cd580-8839-459c-97bb-5ebb9d53715a,2960,2,00:44:18.211,89,18,42,Ball Receipt*,216,39,Manchester United,1,Regular Play,39,Manchester United,,,d0fe668f-922b-4ccb-a3d0-a431ac9800ff,15402,Gary Neville,2,Right Back,33.5,61.5,,,,,,,,,,,,,,,,,,,,,,,,,,,,,,,,,,,,,,,,,,,,,,,,,,,,,,,,,,,,,,,,,,,,,,,,,,,,,,,,,,,,,,,,,,,,,,,,,,,,,,,,,,,,,,,,,,,,,,,,,,,,,,,
4dfd58ba-6718-4b95-86a4-5f68b4703eb3,2961,2,00:44:18.211,89,18,43,Carry,216,39,Manchester United,1,Regular Play,39,Manchester United,3.445726,,020e442c-b0bf-4688-8622-6926e0d06cba,15402,Gary Neville,2,Right Back,33.5,61.5,,,,,,,,,,,,,,,,,,,,,,,,,,,,,,,,,,,,,,,,,782cd580-8839-459c-97bb-5ebb9d53715a,41.2,58.9,,,,,,,,,,,,,,,,,,,,,,,,,,,,,,,,,,,,,,,,,,,,,,,,,,,,,,,,,,,,,,,,,,,,,,,,,,,,,,,,,,,,
020e442c-b0bf-4688-8622-6926e0d06cba,2962,2,00:44:21.657,89,21,30,Pass,216,39,Manchester United,1,Regular Play,39,Manchester United,3.171361,,ec2a34fa-e45d-4818-a26a-f2128cf87ece,15402,Gary Neville,2,Right Back,41.2,58.9,,,,,,,,,,,,,,,,,,,,,,,,,,,,20505.0,Louis Saha,65.21135,-0.5556734,3.0,High Pass,96.6,24.5,40.0,Right Foot,,,,,,,,,,,,,,,,,,,,,,,,,,,,,,,,,,,,,,,,,,,,,,,,,,,,,,,,,,,,,,,,,,,,,,,,,,,,,,,,,,,,,,,,,,
ec2a34fa-e45d-4818-a26a-f2128cf87ece,2963,2,00:44:24.828,89,24,42,Ball Receipt*,216,39,Manchester United,1,Regular Play,39,Manchester United,,,020e442c-b0bf-4688-8622-6926e0d06cba,20505,Louis Saha,19,Center Attacking Midfield,96.6,24.5,,,,,,,,,,,,,,,,,,,,,,,,,,,,,,,,,,,,,,,,,,,,,,,,,,,,,,,,,,,,,,,,,,,,,,,,,,,,,,,,,,,,,,,,,,,,,,,,,,,,,,,,,,,,,,,,,,,,,,,,,,,,,,,
8098dc8b-050c-4569-a50a-8d4d96e0c55d,2964,2,00:44:24.868,89,24,4,Duel,216,39,Manchester United,1,Regular Play,1,Arsenal,0.0,,c47ae074-447f-48d4-b4c0-9122cde338da,40222,Laureano Bisan-Etame Mayer,2,Right Back,22.6,55.6,,,True,,,,,,,,,,,,,,,,,,,,,,,,,,,,,,,,,,,,,,,,,,,,,,,,,,,,,10.0,Aerial Lost,,,,,,,,,,,,,,,,,,,,,,,,,,,,,,,,,,,,,,,,,,,,,,,,,,,,,,,,,,,,,,,,,,,,,,
c47ae074-447f-48d4-b4c0-9122cde338da,2965,2,00:44:24.868,89,24,30,Pass,216,39,Manchester United,1,Regular Play,39,Manchester United,1.631612,,7a856afd-a1be-4da5-8bfc-c2cf7dcf9c07,20505,Louis Saha,19,Center Attacking Midfield,97.5,24.5,,,True,,,,,,,,,,,,,,,,,,,,,,,,,19729.0,Ruud van Nistelrooy,18.917189,1.2757952,3.0,High Pass,103.0,42.6,,,,,,8098dc8b-050c-4569-a50a-8d4d96e0c55d,,,,,,,,,,,,,,,,,,,,True,,,,,,,,,,,,,,,,,,,,,,,,,,,,,,,,,,,,,,,,,,,,,,,,,,,,,,,,,,,,,,,,,,
7a856afd-a1be-4da5-8bfc-c2cf7dcf9c07,2966,2,00:44:26.500,89,26,42,Ball Receipt*,216,39,Manchester United,1,Regular Play,39,Manchester United,,,c47ae074-447f-48d4-b4c0-9122cde338da,19729,Ruud van Nistelrooy,23,Center Forward,103.0,42.6,,,,,,,,,,,,,,,,,,,,,,,,,,,,,,,,,,,,,,,,,,,,,,,,,,,,,,,,,,,,,,,,,,,,,,,,,,,,,,,,,,,,,,,,,,,,,,,,,,,,,,,,,,,,,,,,,,,,,,,,,,,,,,,
908f97b9-9c74-4a9c-ba6a-42a9553aac94,2967,2,00:44:26.500,89,26,43,Carry,216,39,Manchester United,1,Regular Play,39,Manchester United,0.157634,,7a856afd-a1be-4da5-8bfc-c2cf7dcf9c07,19729,Ruud van Nistelrooy,23,Center Forward,103.0,42.6,,,,,,,,,,,,,,,,,,,,,,,,,,,,,,,,,,,,,,,,,97a60143-0180-440e-8251-edc9b7cbdd4c,103.0,42.6,,,,,,,,,,,,,,,,,,,,,,,,,,,,,,,,,,,,,,,,,,,,,,,,,,,,,,,,,,,,,,,,,,,,,,,,,,,,,,,,,,,,
97a60143-0180-440e-8251-edc9b7cbdd4c,2968,2,00:44:26.657,89,26,30,Pass,216,39,Manchester United,1,Regular Play,39,Manchester United,1.734879,,eec23bde-1e46-42be-81cf-b3053cb386ff,19729,Ruud van Nistelrooy,23,Center Forward,103.0,42.6,,,,,,,,,,,,,,,,,,,,,,,,,,,,20175.0,Ryan Giggs,12.920139,0.9226513,1.0,Ground Pass,110.8,52.9,40.0,Right Foot,,,,,,,,,,,,,,,,,,,,,,,,,,,,,,,,,,,,,,,,,,,,,,,,,,,,,,,,,,,,,,,,,,,,,,,,,,,,,,,,,,,,,,,,,,
eec23bde-1e46-42be-81cf-b3053cb386ff,2969,2,00:44:28.392,89,28,42,Ball Receipt*,216,39,Manchester United,1,Regular Play,39,Manchester United,,,97a60143-0180-440e-8251-edc9b7cbdd4c,20175,Ryan Giggs,16,Left Midfield,110.8,52.9,,,,,,,,,,,,,,,,,,,,,,,,,,,,,,,,,,,,,,,,,,,,,,,,,,,,,,,,,,,,,,,,,,,,,,,,,,,,,,,,,,,,,,,,,,,,,,,,,,,,,,,,,,,,,,,,,,,,,,,,,,,,,,,
a9cf0ce9-d45c-4a50-8f21-9a5c1de5d99a,2970,2,00:44:28.392,89,28,43,Carry,216,39,Manchester United,1,Regular Play,39,Manchester United,0.044281,,21ddb344-30af-4fff-bcc4-aff42a3c03b7,20175,Ryan Giggs,16,Left Midfield,110.8,52.9,,,,,,,,,,,,,,,,,,,,,,,,,,,,,,,,,,,,,,,,,eec23bde-1e46-42be-81cf-b3053cb386ff,110.8,52.9,,,,,,,,,,,,,,,,,,,,,,,,,,,,,,,,,,,,,,,,,,,,,,,,,,,,,,,,,,,,,,,,,,,,,,,,,,,,,,,,,,,,
21ddb344-30af-4fff-bcc4-aff42a3c03b7,2971,2,00:44:28.436,89,28,30,Pass,216,39,Manchester United,1,Regular Play,39,Manchester United,1.155933,,1826ee52-2653-4763-84f7-736a31af62bc,20175,Ryan Giggs,16,Left Midfield,110.8,52.9,,,,,,,,,,,,,,,,,,,,,,,,,,,,19729.0,Ruud van Nistelrooy,10.804628,-1.7100756,3.0,High Pass,109.3,42.2,40.0,Right Foot,,,,,,,,,,,,,,,,,,,,,,,,,5ef8974b-e738-4e17-bd69-8454557b7267,True,,,,,,,,,,,,,,,,,,,,,,,,,,,,,,,,,,,,,,,,,,,,,,,,,,,,,,,,,,,,,,,,
1826ee52-2653-4763-84f7-736a31af62bc,2972,2,00:44:29.592,89,29,42,Ball Receipt*,216,39,Manchester United,1,Regular Play,39,Manchester United,,,21ddb344-30af-4fff-bcc4-aff42a3c03b7,19729,Ruud van Nistelrooy,23,Center Forward,109.3,42.2,,,,,,,,,,,,,,,,,,,,,,,,,,,,,,,,,,,,,,,,,,,,,,,,,,,,,,,,,,,,,,,,,,,,,,,,,,,,,,,,,,,,,,,,,,,,,,,,,,,,,,,,,,,,,,,,,,,,,,,,,,,,,,,
5ef8974b-e738-4e17-bd69-8454557b7267,2973,2,00:44:29.592,89,29,16,Shot,216,39,Manchester United,1,Regular Play,39,Manchester United,0.668851,,5196f9a7-f20a-46de-9ffc-066d21843637,19729,Ruud van Nistelrooy,23,Center Forward,111.2,42.0,,,,,,,,,,,,,,,,,,,,,,,,,,,,,,,,,,,,,,,,,,,,,,,,,,,,,,,,,,,,,,,,0.12195013,118.5,40.0,1.7,21ddb344-30af-4fff-bcc4-aff42a3c03b7,100.0,Saved,87.0,Open Play,37.0,Head,93.0,Normal,118.5,40.7,20015.0,Jens Lehmann,1.0,Goalkeeper,False,112.5,37.7,40222.0,Laureano Bisan-Etame Mayer,2.0,Right Back,False,101.3,43.2,26014.0,Eduardo César Daude Gaspar,11.0,Left Defensive Midfield,False,112.3,43.2,38412.0,Kolo Habib Touré,3.0,Right Center Back,False,108.9,47.2,15515.0,Patrick Vieira,9.0,Right Defensive Midfield,False,113.2,46.9,15637.0,Sulzeer Jeremiah ''Sol' Campbell,5.0,Left Center Back,False,112.0,31.2,15590.0,Ole Gunnar Solskjær,12.0,Right Midfield,True,,
fac4ac4b-d11d-4cc7-bc23-5fc3c38c10a4,3002,2,00:45:26.748,90,26,30,Pass,223,39,Manchester United,7,From Goal Kick,39,Manchester United,2.47391,,fa3bcc6d-7b2e-4dc7-850d-0852e2a552b7,40364,Roy Carroll,1,Goalkeeper,6.0,36.0,,,,,,,,,,,,,,,,True,,,,,,,,,,,,,,75.65884,-0.06480977,3.0,High Pass,81.5,31.1,40.0,Right Foot,63.0,Goal Kick,,,,,,9.0,Incomplete,,,,,,,,,,,,,,,,,,,,,,,,,,,,,,,,,,,,,,,,,,,,,,,,,,,,,,,,,,,,,,,,,,,,,,,,,,,,,,,,,
fa3bcc6d-7b2e-4dc7-850d-0852e2a552b7,3003,2,00:45:29.222,90,29,9,Clearance,223,39,Manchester United,7,From Goal Kick,1,Arsenal,0.0,,fac4ac4b-d11d-4cc7-bc23-5fc3c38c10a4,38412,Kolo Habib Touré,3,Right Center Back,38.6,49.0,,,True,,,,,,,,,,,,,True,,,,,,,,,,,,,,,,,,,,,,,,,,,,,,,,,,,,,37.0,Head,,,,,True,,,,,,,,,,,,,,,,,,,,,,,,,,,,,,,,,,,,,,,,,,,,,,,,,,,,,,,,,,,,,,,,,,,,
918592b6-c4ba-4d84-a4a9-ef70edf0b659,3004,2,00:45:31.928,90,31,30,Pass,223,39,Manchester United,7,From Goal Kick,1,Arsenal,1.203558,,5d85bb22-a51a-4dc7-a203-aee184c4ad0b,40221,Gilberto Aparecido da Silva,22,Right Center Forward,54.3,65.3,,,,,,,,,,,,,,,,,,,,,,,,,,,,15042.0,Dennis Bergkamp,18.432852,-0.059711542,3.0,High Pass,72.7,64.2,37.0,Head,66.0,Recovery,,9a1db91b-b3ac-4d7b-a593-fc55b191a0d7,,,,9.0,Incomplete,,,,,,,,,,,,,,,,,,,,,,,,,,,,,,,,,,,,,,,,,,,,,,,,,,,,,,,,,,,,,,,,,,,,,,,,,,,,,,,,,
5d85bb22-a51a-4dc7-a203-aee184c4ad0b,3005,2,00:45:33.132,90,33,42,Ball Receipt*,223,39,Manchester United,7,From Goal Kick,1,Arsenal,,,918592b6-c4ba-4d84-a4a9-ef70edf0b659,15042,Dennis Bergkamp,16,Left Midfield,73.0,60.9,,,,,,,,,,,,,,,,,,,,,,,,,,,,,,,,,,,,,,,,,,,,,,,9.0,Incomplete,,,,,,,,,,,,,,,,,,,,,,,,,,,,,,,,,,,,,,,,,,,,,,,,,,,,,,,,,,,,,,,,,,,,,,,,,,,,,,,
9a1db91b-b3ac-4d7b-a593-fc55b191a0d7,3006,2,00:45:33.132,90,33,30,Pass,223,39,Manchester United,7,From Goal Kick,39,Manchester United,2.536548,,918592b6-c4ba-4d84-a4a9-ef70edf0b659,24805,Roy Keane,15,Left Center Midfield,47.4,15.9,,,,,,,,,,,,,,,,,,,,,,,,,,,,16890.0,John O''Shea,8.44334,-1.2453004,2.0,Low Pass,50.1,7.9,38.0,Left Foot,66.0,Recovery,,b4ff7dae-42c1-4878-9499-33a78694b6bb,,,,,,,,,,,,,,,,,,,,,,,,,,,,,,,,,,,,,,,,,,,,,,,,,,,,,,,,,,,,,,,,,,,,,,,,,,,,,,,,,,,,,,
b4ff7dae-42c1-4878-9499-33a78694b6bb,3007,2,00:45:35.668,90,35,42,Ball Receipt*,223,39,Manchester United,7,From Goal Kick,39,Manchester United,,,9a1db91b-b3ac-4d7b-a593-fc55b191a0d7,16890,John O''Shea,6,Left Back,50.1,7.9,,,,,,,,,,,,,,,,,,,,,,,,,,,,,,,,,,,,,,,,,,,,,,,,,,,,,,,,,,,,,,,,,,,,,,,,,,,,,,,,,,,,,,,,,,,,,,,,,,,,,,,,,,,,,,,,,,,,,,,,,,,,,,,
79cf7b07-56f3-4dc7-acc6-de3d53cb2a1e,3008,2,00:45:35.668,90,35,30,Pass,223,39,Manchester United,7,From Goal Kick,39,Manchester United,4.771863,,1f075ce7-6010-40b4-9205-f1211f0f71b1,16890,John O''Shea,6,Left Back,52.2,1.7,,,,,,,,,,,,,,,,,,,,,,,,,,,,,,65.07611,0.23417029,3.0,High Pass,115.5,16.8,38.0,Left Foot,,,,,,,,9.0,Incomplete,,,,,,,,,,,,,,,,,,,,,,,,,,,,,,,,,,,,,,,,,,,,,,,,,,,,,,,,,,,,,,,,,,,,,,,,,,,,,,,,,
b77fa92a-7428-4123-b1c9-e9369c5759de,3026,2,00:46:07.880,91,7,2,Ball Recovery,225,39,Manchester United,1,Regular Play,39,Manchester United,0.0,,5e2040fe-5702-497c-bd8a-6b88013d8b18,24805,Roy Keane,15,Left Center Midfield,59.5,31.4,,,,,,,,,,,,,,,,,,,,,,,,,,,,,,,,,,,,,,,,,,,,,,,,,,,,,,,,,,,,,,,,,,,,,,,,,,,,,,,,,,,,,,,,,,,,,,,,,,,,,,,,,,,,,,,,,,,,,,,,,,,,,,,
4e86bd11-b318-4305-b723-eef421ce8dd5,3027,2,00:46:07.880,91,7,43,Carry,225,39,Manchester United,1,Regular Play,39,Manchester United,3.035526,,0f396e52-590c-4295-9a96-9030e553f5e9,24805,Roy Keane,15,Left Center Midfield,59.5,31.4,,,,,,,,,,,,,,,,,,,,,,,,,,,,,,,,,,,,,,,,,b77fa92a-7428-4123-b1c9-e9369c5759de,59.2,41.9,,,,,,,,,,,,,,,,,,,,,,,,,,,,,,,,,,,,,,,,,,,,,,,,,,,,,,,,,,,,,,,,,,,,,,,,,,,,,,,,,,,,
0f396e52-590c-4295-9a96-9030e553f5e9,3028,2,00:46:10.915,91,10,30,Pass,225,39,Manchester United,1,Regular Play,39,Manchester United,1.685145,,598d0e7d-9c39-427f-af35-3b46abc05afa,24805,Roy Keane,15,Left Center Midfield,59.2,41.9,,,,,,,,,,,,,,,,,,,,,,,,,,,,15590.0,Ole Gunnar Solskjær,34.3373,0.97390866,1.0,Ground Pass,78.5,70.3,40.0,Right Foot,,,,,,,,,,,,,,,,,,,,,,,,,,,,,,,,,,,,,,,,,,,,,,,,,,,,,,,,,,,,,,,,,,,,,,,,,,,,,,,,,,,,,,,,,,
8d7edb98-91f3-4d6d-ba42-e6387dc16500,3029,2,00:46:12.402,91,12,17,Pressure,225,39,Manchester United,1,Regular Play,1,Arsenal,0.149806,,,20302,Gaël Clichy,6,Left Back,40.0,9.8,,,,True,,,,,,,,,,,,,,,,,,,,,,,,,,,,,,,,,,,,,,,,,,,,,,,,,,,,,,,,,,,,,,,,,,,,,,,,,,,,,,,,,,,,,,,,,,,,,,,,,,,,,,,,,,,,,,,,,,,,,,,,,,,
598d0e7d-9c39-427f-af35-3b46abc05afa,3030,2,00:46:12.600,91,12,42,Ball Receipt*,225,39,Manchester United,1,Regular Play,39,Manchester United,,,0f396e52-590c-4295-9a96-9030e553f5e9,15590,Ole Gunnar Solskjær,12,Right Midfield,78.5,70.3,,,,,,,,,,,,,,,,,,,,,,,,,,,,,,,,,,,,,,,,,,,,,,,,,,,,,,,,,,,,,,,,,,,,,,,,,,,,,,,,,,,,,,,,,,,,,,,,,,,,,,,,,,,,,,,,,,,,,,,,,,,,,,,
508ac9fd-c05e-4241-839b-b7e921dc1a69,3031,2,00:46:12.600,91,12,43,Carry,225,39,Manchester United,1,Regular Play,39,Manchester United,0.031862002,,598d0e7d-9c39-427f-af35-3b46abc05afa,15590,Ole Gunnar Solskjær,12,Right Midfield,78.5,70.3,,,,,,,,,,,,,,,,,,,,,,,,,,,,,,,,,,,,,,,,,c0e1ba38-ec60-45fa-a84a-6079fc6e8f78,80.1,71.0,,,,,,,,,,,,,,,,,,,,,,,,,,,,,,,,,,,,,,,,,,,,,,,,,,,,,,,,,,,,,,,,,,,,,,,,,,,,,,,,,,,,
c0e1ba38-ec60-45fa-a84a-6079fc6e8f78,3032,2,00:46:12.632,91,12,3,Dispossessed,225,39,Manchester United,1,Regular Play,39,Manchester United,0.0,,18637247-a571-4620-84d7-2fc89cf146d2,15590,Ole Gunnar Solskjær,12,Right Midfield,80.1,71.0,,,True,,,,,,,,,,,,,,,,,,,,,,,,,,,,,,,,,,,,,,,,,,,,,,,,,,,,,,,,,,,,,,,,,,,,,,,,,,,,,,,,,,,,,,,,,,,,,,,,,,,,,,,,,,,,,,,,,,,,,,,,,,,,
18637247-a571-4620-84d7-2fc89cf146d2,3033,2,00:46:12.632,91,12,4,Duel,225,39,Manchester United,1,Regular Play,1,Arsenal,0.0,,c0e1ba38-ec60-45fa-a84a-6079fc6e8f78,20302,Gaël Clichy,6,Left Back,40.0,9.1,,,True,True,,,,,,,,,,,,,,,,,,,,,,,,,,,,,,,,,,,,,,,,,,,,,,,,,,,,11.0,Tackle,,,,,,,,,,,,,,,,,,,,,,,,,,,,,,,,,,,,,,,,,,,,,,,,,,,,,,,,,,,,,,,,,,,,,14.0,Lost Out
3528fcae-e68d-42fa-bc2a-9c0c2b0f6a8e,3034,2,00:46:20.580,91,20,30,Pass,226,39,Manchester United,4,From Throw In,39,Manchester United,1.436322,,4013306b-f1e3-48df-b65d-2b6e96403792,15590,Ole Gunnar Solskjær,12,Right Midfield,91.9,80.0,,,,,,,,,,,,,,,,,,,,,,,,,,,,15402.0,Gary Neville,20.713522,-2.8122087,3.0,High Pass,72.3,73.3,,,67.0,Throw-in,,,,,,,,,,,,,,,,,,,,,,,,,,,,,,,,,,,,,,,,,,,,,,,,,,,,,,,,,,,,,,,,,,,,,,,,,,,,,,,,,,,,,,,,
4013306b-f1e3-48df-b65d-2b6e96403792,3035,2,00:46:22.016,91,22,42,Ball Receipt*,226,39,Manchester United,4,From Throw In,39,Manchester United,,,3528fcae-e68d-42fa-bc2a-9c0c2b0f6a8e,15402,Gary Neville,2,Right Back,72.3,73.3,,,,,,,,,,,,,,,,,,,,,,,,,,,,,,,,,,,,,,,,,,,,,,,,,,,,,,,,,,,,,,,,,,,,,,,,,,,,,,,,,,,,,,,,,,,,,,,,,,,,,,,,,,,,,,,,,,,,,,,,,,,,,,,
4c1c5fbb-5529-485d-a3d4-061c823d9fbd,3036,2,00:46:22.016,91,22,43,Carry,226,39,Manchester United,4,From Throw In,39,Manchester United,3.185473,,4013306b-f1e3-48df-b65d-2b6e96403792,15402,Gary Neville,2,Right Back,72.3,73.3,,,,,,,,,,,,,,,,,,,,,,,,,,,,,,,,,,,,,,,,,892f58a9-ad3c-4a06-86bd-8f38603101f5,70.2,73.6,,,,,,,,,,,,,,,,,,,,,,,,,,,,,,,,,,,,,,,,,,,,,,,,,,,,,,,,,,,,,,,,,,,,,,,,,,,,,,,,,,,,
892f58a9-ad3c-4a06-86bd-8f38603101f5,3037,2,00:46:25.201,91,25,30,Pass,226,39,Manchester United,4,From Throw In,39,Manchester United,1.862396,,e21f8e63-b878-4009-a457-86363bf4ac72,15402,Gary Neville,2,Right Back,70.2,73.6,,,,,,,,,,,,,,,,,,,,,,,,,,,,20505.0,Louis Saha,40.012497,-0.9023004,3.0,High Pass,95.0,42.2,38.0,Left Foot,,,,,,,,,,,,,,,,,,,,,,,,,,,,,,,,,,,,,,,,,,,,,,,,,,,,,,,,,,,,,,,,,,,,,,,,,,,,,,,,,,,,,,,,,,
e21f8e63-b878-4009-a457-86363bf4ac72,3038,2,00:46:27.064,91,27,42,Ball Receipt*,226,39,Manchester United,4,From Throw In,39,Manchester United,,,892f58a9-ad3c-4a06-86bd-8f38603101f5,20505,Louis Saha,19,Center Attacking Midfield,95.0,42.2,,,,,,,,,,,,,,,,,,,,,,,,,,,,,,,,,,,,,,,,,,,,,,,,,,,,,,,,,,,,,,,,,,,,,,,,,,,,,,,,,,,,,,,,,,,,,,,,,,,,,,,,,,,,,,,,,,,,,,,,,,,,,,,
3d1cd467-da06-4c5e-904f-56464516ea2d,3039,2,00:46:27.064,91,27,30,Pass,226,39,Manchester United,4,From Throw In,39,Manchester United,0.94977,,94071b54-e551-4105-ae67-fd7881f06551,20505,Louis Saha,19,Center Attacking Midfield,95.0,42.2,,,,,,,,,,,,,,,,,,,,,,,,,,,,20175.0,Ryan Giggs,8.285529,-0.5176491,3.0,High Pass,102.2,38.1,40.0,Right Foot,,,,,,,,,,,,,,,,,,,,,,,,,,,,,,,,,,,,,,,,,,,,,,,,,,,,,,,,,,,,,,,,,,,,,,,,,,,,,,,,,,,,,,,,,,
94071b54-e551-4105-ae67-fd7881f06551,3040,2,00:46:28.014,91,28,42,Ball Receipt*,226,39,Manchester United,4,From Throw In,39,Manchester United,,,3d1cd467-da06-4c5e-904f-56464516ea2d,20175,Ryan Giggs,16,Left Midfield,102.2,38.1,,,,,,,,,,,,,,,,,,,,,,,,,,,,,,,,,,,,,,,,,,,,,,,,,,,,,,,,,,,,,,,,,,,,,,,,,,,,,,,,,,,,,,,,,,,,,,,,,,,,,,,,,,,,,,,,,,,,,,,,,,,,,,,
13f5e335-5727-433a-abe2-8d1b27f8ce47,3041,2,00:46:28.014,91,28,43,Carry,226,39,Manchester United,4,From Throw In,39,Manchester United,1.223334,,94071b54-e551-4105-ae67-fd7881f06551,20175,Ryan Giggs,16,Left Midfield,102.2,38.1,,,,,,,,,,,,,,,,,,,,,,,,,,,,,,,,,,,,,,,,,d01ad7db-bcfd-417d-bba9-e8568668cbf1,101.0,36.9,,,,,,,,,,,,,,,,,,,,,,,,,,,,,,,,,,,,,,,,,,,,,,,,,,,,,,,,,,,,,,,,,,,,,,,,,,,,,,,,,,,,
d01ad7db-bcfd-417d-bba9-e8568668cbf1,3042,2,00:46:29.237,91,29,30,Pass,226,39,Manchester United,4,From Throw In,39,Manchester United,1.254137,,ed3aa85f-3a68-4271-a819-7842e70c2a13,20175,Ryan Giggs,16,Left Midfield,101.0,36.9,,,,,,,,,,,,,,,,,,,,,,,,,,,,20505.0,Louis Saha,5.8309517,2.6011732,1.0,Ground Pass,96.0,39.9,40.0,Right Foot,,,,,,,,,,,,,,,,,,,,,,,,,,,,,,,,,,,,,,,,,,,,,,,,,,,,,,,,,,,,,,,,,,,,,,,,,,,,,,,,,,,,,,,,,,
43f2cca8-69a3-428d-ad42-f34d1761f00f,3043,2,00:46:29.627,91,29,17,Pressure,226,39,Manchester United,4,From Throw In,1,Arsenal,0.766956,,,15515,Patrick Vieira,9,Right Defensive Midfield,27.9,42.0,,,,,,,,,,,,,,,,,,,,,,,,,,,,,,,,,,,,,,,,,,,,,,,,,,,,,,,,,,,,,,,,,,,,,,,,,,,,,,,,,,,,,,,,,,,,,,,,,,,,,,,,,,,,,,,,,,,,,,,,,,,,,,,
ed3aa85f-3a68-4271-a819-7842e70c2a13,3044,2,00:46:30.491,91,30,42,Ball Receipt*,226,39,Manchester United,4,From Throw In,39,Manchester United,,,d01ad7db-bcfd-417d-bba9-e8568668cbf1,20505,Louis Saha,19,Center Attacking Midfield,96.0,39.9,,,,,,,,,,,,,,,,,,,,,,,,,,,,,,,,,,,,,,,,,,,,,,,,,,,,,,,,,,,,,,,,,,,,,,,,,,,,,,,,,,,,,,,,,,,,,,,,,,,,,,,,,,,,,,,,,,,,,,,,,,,,,,,
c503aea9-a41a-4849-8e4f-3e7a951b0bf7,3045,2,00:46:30.491,91,30,38,Miscontrol,226,39,Manchester United,4,From Throw In,39,Manchester United,0.0,,,20505,Louis Saha,19,Center Attacking Midfield,95.6,39.6,,,,,,,,,,,,,,,,,,,,,,,,,,,,,,,,,,,,,,,,,,,,,,,,,,,,,,,,,,,,,,,,,,,,,,,,,,,,,,,,,,,,,,,,,,,,,,,,,,,,,,,,,,,,,,,,,,,,,,,,,,,,,,,
