id,index,period,timestamp,minute,second,type_id,type_name,possession,possession_team_id,possession_team_name,play_pattern_id,play_pattern_name,team_id,team_name,duration,tactics,related_events_0,player_id,player_name,position_id,position_name,location_0,location_1,pass_recipient_id,pass_recipient_name,pass_length,pass_angle,pass_height_id,pass_height_name,pass_end_location_0,pass_end_location_1,pass_type_id,pass_type_name,pass_body_part_id,pass_body_part_name,carry,under_pressure,counterpress,duel,ball_receipt,interception,foul_committed,foul_won,clearance,out,dribble,shot,goalkeeper,off_camera,miscontrol,ball_recovery,substitution,50_50,bad_behaviour,pass,related_events_1,carry_end_location_0,carry_end_location_1,pass_outcome_id,pass_outcome_name,ball_receipt_outcome_id,ball_receipt_outcome_name,related_events_2,duel_type_id,duel_type_name,clearance_head,clearance_body_part_id,clearance_body_part_name,clearance_aerial_won,related_events_3,pass_cross,pass_assisted_shot_id,pass_shot_assist,shot_statsbomb_xg,shot_end_location_0,shot_end_location_1,shot_key_pass_id,shot_technique_id,shot_technique_name,shot_outcome_id,shot_outcome_name,shot_body_part_id,shot_body_part_name,shot_type_id,shot_type_name,shot_freeze_frame_0_location_0,shot_freeze_frame_0_location_1,shot_freeze_frame_0_player_id,shot_freeze_frame_0_player_name,shot_freeze_frame_0_position_id,shot_freeze_frame_0_position_name,shot_freeze_frame_0_teammate,shot_freeze_frame_1_location_0,shot_freeze_frame_1_location_1,shot_freeze_frame_1_player_id,shot_freeze_frame_1_player_name,shot_freeze_frame_1_position_id,shot_freeze_frame_1_position_name,shot_freeze_frame_1_teammate,shot_freeze_frame_2_location_0,shot_freeze_frame_2_location_1,shot_freeze_frame_2_player_id,shot_freeze_frame_2_player_name,shot_freeze_frame_2_position_id,shot_freeze_frame_2_position_name,shot_freeze_frame_2_teammate,shot_freeze_frame_3_location_0,shot_freeze_frame_3_location_1,shot_freeze_frame_3_player_id,shot_freeze_frame_3_player_name,shot_freeze_frame_3_position_id,shot_freeze_frame_3_position_name,shot_freeze_frame_3_teammate,shot_freeze_frame_4_location_0,shot_freeze_frame_4_location_1,shot_freeze_frame_4_player_id,shot_freeze_frame_4_player_name,shot_freeze_frame_4_position_id,shot_freeze_frame_4_position_name,shot_freeze_frame_4_teammate,shot_freeze_frame_5_location_0,shot_freeze_frame_5_location_1,shot_freeze_frame_5_player_id,shot_freeze_frame_5_player_name,shot_freeze_frame_5_position_id,shot_freeze_frame_5_position_name,shot_freeze_frame_5_teammate,shot_freeze_frame_6_location_0,shot_freeze_frame_6_location_1,shot_freeze_frame_6_player_id,shot_freeze_frame_6_player_name,shot_freeze_frame_6_position_id,shot_freeze_frame_6_position_name,shot_freeze_frame_6_teammate,shot_freeze_frame_7_location_0,shot_freeze_frame_7_location_1,shot_freeze_frame_7_player_id,shot_freeze_frame_7_player_name,shot_freeze_frame_7_position_id,shot_freeze_frame_7_position_name,shot_freeze_frame_7_teammate,shot_freeze_frame_8_location_0,shot_freeze_frame_8_location_1,shot_freeze_frame_8_player_id,shot_freeze_frame_8_player_name,shot_freeze_frame_8_position_id,shot_freeze_frame_8_position_name,shot_freeze_frame_8_teammate,shot_freeze_frame_9_location_0,shot_freeze_frame_9_location_1,shot_freeze_frame_9_player_id,shot_freeze_frame_9_player_name,shot_freeze_frame_9_position_id,shot_freeze_frame_9_position_name,shot_freeze_frame_9_teammate,shot_freeze_frame_10_location_0,shot_freeze_frame_10_location_1,shot_freeze_frame_10_player_id,shot_freeze_frame_10_player_name,shot_freeze_frame_10_position_id,shot_freeze_frame_10_position_name,shot_freeze_frame_10_teammate,shot_freeze_frame_11_location_0,shot_freeze_frame_11_location_1,shot_freeze_frame_11_player_id,shot_freeze_frame_11_player_name,shot_freeze_frame_11_position_id,shot_freeze_frame_11_position_name,shot_freeze_frame_11_teammate,shot_freeze_frame_12_location_0,shot_freeze_frame_12_location_1,shot_freeze_frame_12_player_id,shot_freeze_frame_12_player_name,shot_freeze_frame_12_position_id,shot_freeze_frame_12_position_name,shot_freeze_frame_12_teammate,shot_freeze_frame_13_location_0,shot_freeze_frame_13_location_1,shot_freeze_frame_13_player_id,shot_freeze_frame_13_player_name,shot_freeze_frame_13_position_id,shot_freeze_frame_13_position_name,shot_freeze_frame_13_teammate,shot_freeze_frame_14_location_0,shot_freeze_frame_14_location_1,shot_freeze_frame_14_player_id,shot_freeze_frame_14_player_name,shot_freeze_frame_14_position_id,shot_freeze_frame_14_position_name,shot_freeze_frame_14_teammate,shot_freeze_frame_15_location_0,shot_freeze_frame_15_location_1,shot_freeze_frame_15_player_id,shot_freeze_frame_15_player_name,shot_freeze_frame_15_position_id,shot_freeze_frame_15_position_name,shot_freeze_frame_15_teammate,goalkeeper_end_location_0,goalkeeper_end_location_1,goalkeeper_position_id,goalkeeper_position_name,goalkeeper_type_id,goalkeeper_type_name,related_events,shot_first_time,clearance_right_foot,pass_goal_assist,shot_end_location_2
c52789d2-865b-48cd-a5fb-063ebcda52fb,3165,2,00:38:59.613,83,59,30,Pass,203,36,Manchester City,9,From Kick Off,36,Manchester City,0.703803,,13e26726-22ac-4d2e-a02f-221e476f4d08,15399,Robbie Fowler,15,Left Center Midfield,60.0,40.0,15519.0,Nicolas Anelka,2.523886,2.55359,1.0,Ground Pass,57.9,41.4,65.0,Kick Off,40.0,Right Foot,,,,,,,,,,,,,,,,,,,,,,,,,,,,,,,,,,,,,,,,,,,,,,,,,,,,,,,,,,,,,,,,,,,,,,,,,,,,,,,,,,,,,,,,,,,,,,,,,,,,,,,,,,,,,,,,,,,,,,,,,,,,,,,,,,,,,,,,,,,,,,,,,,,,,,,,,,,,,,,,,,,,,,,,,,,,,
13e26726-22ac-4d2e-a02f-221e476f4d08,3166,2,00:39:00.317,84,0,42,Ball Receipt*,203,36,Manchester City,9,From Kick Off,36,Manchester City,,,c52789d2-865b-48cd-a5fb-063ebcda52fb,15519,Nicolas Anelka,23,Center Forward,57.9,41.4,,,,,,,,,,,,,,,,,,,,,,,,,,,,,,,,,,,,,,,,,,,,,,,,,,,,,,,,,,,,,,,,,,,,,,,,,,,,,,,,,,,,,,,,,,,,,,,,,,,,,,,,,,,,,,,,,,,,,,,,,,,,,,,,,,,,,,,,,,,,,,,,,,,,,,,,,,,,,,,,,,,,,,,,,,,,,,,,,,,,,,,,,
7da5d317-5790-4972-bc8d-4e1d3ccfcf93,3167,2,00:39:00.317,84,0,43,Carry,203,36,Manchester City,9,From Kick Off,36,Manchester City,0.349586,,0b273ee4-6932-449d-8307-554f1798e00a,15519,Nicolas Anelka,23,Center Forward,57.9,41.4,,,,,,,,,,,,,,,,,,,,,,,,,,,,,,,,,13e26726-22ac-4d2e-a02f-221e476f4d08,57.9,41.4,,,,,,,,,,,,,,,,,,,,,,,,,,,,,,,,,,,,,,,,,,,,,,,,,,,,,,,,,,,,,,,,,,,,,,,,,,,,,,,,,,,,,,,,,,,,,,,,,,,,,,,,,,,,,,,,,,,,,,,,,,,,,,,,,,,,,,,,,,,,,,,,,,,,,,
0b273ee4-6932-449d-8307-554f1798e00a,3168,2,00:39:00.667,84,0,30,Pass,203,36,Manchester City,9,From Kick Off,36,Manchester City,1.316504,,a2ca1cd6-d77a-454a-9995-c005e996fe47,15519,Nicolas Anelka,23,Center Forward,57.9,41.4,38552.0,Joey Barton,9.89798,-2.823037,1.0,Ground Pass,48.5,38.3,,,40.0,Right Foot,,,,,,,,,,,,,,,,,,,,,,,,,,,,,,,,,,,,,,,,,,,,,,,,,,,,,,,,,,,,,,,,,,,,,,,,,,,,,,,,,,,,,,,,,,,,,,,,,,,,,,,,,,,,,,,,,,,,,,,,,,,,,,,,,,,,,,,,,,,,,,,,,,,,,,,,,,,,,,,,,,,,,,,,,,,,,
a2ca1cd6-d77a-454a-9995-c005e996fe47,3169,2,00:39:01.983,84,1,42,Ball Receipt*,203,36,Manchester City,9,From Kick Off,36,Manchester City,,,0b273ee4-6932-449d-8307-554f1798e00a,38552,Joey Barton,10,Center Defensive Midfield,48.5,38.3,,,,,,,,,,,,,,,,,,,,,,,,,,,,,,,,,,,,,,,,,,,,,,,,,,,,,,,,,,,,,,,,,,,,,,,,,,,,,,,,,,,,,,,,,,,,,,,,,,,,,,,,,,,,,,,,,,,,,,,,,,,,,,,,,,,,,,,,,,,,,,,,,,,,,,,,,,,,,,,,,,,,,,,,,,,,,,,,,,,,,,,,,
d5a82858-7bf5-4aef-ad62-e9d7ae592d99,3170,2,00:39:01.983,84,1,43,Carry,203,36,Manchester City,9,From Kick Off,36,Manchester City,3.357696,,a2ca1cd6-d77a-454a-9995-c005e996fe47,38552,Joey Barton,10,Center Defensive Midfield,48.5,38.3,,,,,,,,,,,,,,,,,,,,,,,,,,,,,,,,,fd8e6ae3-5955-493d-96fa-74f7a779a0ef,57.0,37.8,,,,,,,,,,,,,,,,,,,,,,,,,,,,,,,,,,,,,,,,,,,,,,,,,,,,,,,,,,,,,,,,,,,,,,,,,,,,,,,,,,,,,,,,,,,,,,,,,,,,,,,,,,,,,,,,,,,,,,,,,,,,,,,,,,,,,,,,,,,,,,,,,,,,,,
fd8e6ae3-5955-493d-96fa-74f7a779a0ef,3171,2,00:39:05.341,84,5,30,Pass,203,36,Manchester City,9,From Kick Off,36,Manchester City,2.640824,,10fa27ed-d39d-41bf-9f40-24259f8942b7,38552,Joey Barton,10,Center Defensive Midfield,57.0,37.8,15519.0,Nicolas Anelka,49.002552,-0.14334005,3.0,High Pass,105.5,30.8,,,40.0,Right Foot,,,,,,,,,,,,,,,,,,,,,efc57a6a-f1fa-4a24-9f36-1c7cb0aeb6cc,,,9.0,Incomplete,,,,,,,,,,,,,,,,,,,,,,,,,,,,,,,,,,,,,,,,,,,,,,,,,,,,,,,,,,,,,,,,,,,,,,,,,,,,,,,,,,,,,,,,,,,,,,,,,,,,,,,,,,,,,,,,,,,,,,,,,,,,,,,,,,,,,,,,,,,,,,,,,,,,
10fa27ed-d39d-41bf-9f40-24259f8942b7,3172,2,00:39:07.982,84,7,42,Ball Receipt*,203,36,Manchester City,9,From Kick Off,36,Manchester City,,,fd8e6ae3-5955-493d-96fa-74f7a779a0ef,15519,Nicolas Anelka,23,Center Forward,103.8,32.3,,,,,,,,,,,,,,,,,,,,,,,,,,,,,,,,,,,,,,9.0,Incomplete,,,,,,,,,,,,,,,,,,,,,,,,,,,,,,,,,,,,,,,,,,,,,,,,,,,,,,,,,,,,,,,,,,,,,,,,,,,,,,,,,,,,,,,,,,,,,,,,,,,,,,,,,,,,,,,,,,,,,,,,,,,,,,,,,,,,,,,,,,,,,,,,,,
c02c04c9-72d4-4cc2-b194-3affce22eff6,3185,2,00:39:44.452,84,44,30,Pass,205,36,Manchester City,7,From Goal Kick,36,Manchester City,2.664146,,4b9c6842-6f4b-4428-98dc-a5ea67452692,20329,David James,1,Goalkeeper,6.0,44.0,,,96.37889,-0.388406,3.0,High Pass,95.2,7.5,63.0,Goal Kick,40.0,Right Foot,,,,,,,,,,,,,,True,,,,,,,,,,9.0,Incomplete,,,,,,,,,,,,,,,,,,,,,,,,,,,,,,,,,,,,,,,,,,,,,,,,,,,,,,,,,,,,,,,,,,,,,,,,,,,,,,,,,,,,,,,,,,,,,,,,,,,,,,,,,,,,,,,,,,,,,,,,,,,,,,,,,,,,,,,,,,,,,,,,,,,,
4b9c6842-6f4b-4428-98dc-a5ea67452692,3186,2,00:39:47.117,84,47,2,Ball Recovery,205,36,Manchester City,7,From Goal Kick,1,Arsenal,0.0,,c02c04c9-72d4-4cc2-b194-3affce22eff6,40222,Laureano Bisan-Etame Mayer,2,Right Back,24.9,72.6,,,,,,,,,,,,,,,,,,,,,,,,,,,,,,,,,,,,,,,,,,,,,,,,,,,,,,,,,,,,,,,,,,,,,,,,,,,,,,,,,,,,,,,,,,,,,,,,,,,,,,,,,,,,,,,,,,,,,,,,,,,,,,,,,,,,,,,,,,,,,,,,,,,,,,,,,,,,,,,,,,,,,,,,,,,,,,,,,,,,,,,,,
e7861054-0d5a-4c42-a9a4-04a3377b05ac,3187,2,00:39:48.741,84,48,30,Pass,205,36,Manchester City,7,From Goal Kick,1,Arsenal,2.100731,,89e239b3-5117-4895-8c33-96f4c0c5fb43,40222,Laureano Bisan-Etame Mayer,2,Right Back,26.4,73.8,,,38.143414,-0.30351046,3.0,High Pass,62.8,62.4,,,40.0,Right Foot,,,,,,,,,,,,,,,,,,,,,,,,9.0,Incomplete,,,,,,,,,,,,,,,,,,,,,,,,,,,,,,,,,,,,,,,,,,,,,,,,,,,,,,,,,,,,,,,,,,,,,,,,,,,,,,,,,,,,,,,,,,,,,,,,,,,,,,,,,,,,,,,,,,,,,,,,,,,,,,,,,,,,,,,,,,,,,,,,,,,,
1a0f936b-eb6a-4617-b258-0e8ce8a078a1,3188,2,00:39:50.808,84,50,17,Pressure,205,36,Manchester City,7,From Goal Kick,1,Arsenal,0.847679,,89e239b3-5117-4895-8c33-96f4c0c5fb43,23816,José Antonio Reyes Calderón,24,Left Center Forward,64.8,60.5,,,,,,,,,,,,,,,,,,,,,,,,,,,,,,,,,ee1f5046-c14f-44c9-a198-9f272829a920,,,,,,,,,,,,,,,,,,,,,,,,,,,,,,,,,,,,,,,,,,,,,,,,,,,,,,,,,,,,,,,,,,,,,,,,,,,,,,,,,,,,,,,,,,,,,,,,,,,,,,,,,,,,,,,,,,,,,,,,,,,,,,,,,,,,,,,,,,,,,,,,,,,,,,,,
89e239b3-5117-4895-8c33-96f4c0c5fb43,3189,2,00:39:50.842,84,50,2,Ball Recovery,205,36,Manchester City,7,From Goal Kick,36,Manchester City,0.0,,1a0f936b-eb6a-4617-b258-0e8ce8a078a1,40218,Sylvain Distin,5,Left Center Back,57.3,17.7,,,,,,,,,,,,,,True,,,,,,,,,,,,,,,,,,,e7861054-0d5a-4c42-a9a4-04a3377b05ac,,,,,,,,,,,,,,,,,,,,,,,,,,,,,,,,,,,,,,,,,,,,,,,,,,,,,,,,,,,,,,,,,,,,,,,,,,,,,,,,,,,,,,,,,,,,,,,,,,,,,,,,,,,,,,,,,,,,,,,,,,,,,,,,,,,,,,,,,,,,,,,,,,,,,,,,
ee1f5046-c14f-44c9-a198-9f272829a920,3190,2,00:39:50.842,84,50,43,Carry,205,36,Manchester City,7,From Goal Kick,36,Manchester City,0.981092,,1a0f936b-eb6a-4617-b258-0e8ce8a078a1,40218,Sylvain Distin,5,Left Center Back,57.3,17.7,,,,,,,,,,,,,,True,,,,,,,,,,,,,,,,,,,89e239b3-5117-4895-8c33-96f4c0c5fb43,63.3,16.0,,,,,cd9bc93a-0063-43fa-bd98-e4e2bd0ff75b,,,,,,,,,,,,,,,,,,,,,,,,,,,,,,,,,,,,,,,,,,,,,,,,,,,,,,,,,,,,,,,,,,,,,,,,,,,,,,,,,,,,,,,,,,,,,,,,,,,,,,,,,,,,,,,,,,,,,,,,,,,,,,,,,,,,,,,,,,,,,,,,,
cd9bc93a-0063-43fa-bd98-e4e2bd0ff75b,3191,2,00:39:51.823,84,51,30,Pass,205,36,Manchester City,7,From Goal Kick,36,Manchester City,1.882708,,993e4d78-355f-4297-80b2-13177c7491be,40218,Sylvain Distin,5,Left Center Back,63.3,16.0,40217.0,Trevor Sinclair,32.28653,-0.51492023,1.0,Ground Pass,91.4,0.1,,,38.0,Left Foot,,,,,,,,,,,,,,,,,,,,,,,,75.0,Out,,,,,,,,,,,,,,,,,,,,,,,,,,,,,,,,,,,,,,,,,,,,,,,,,,,,,,,,,,,,,,,,,,,,,,,,,,,,,,,,,,,,,,,,,,,,,,,,,,,,,,,,,,,,,,,,,,,,,,,,,,,,,,,,,,,,,,,,,,,,,,,,,,,,
993e4d78-355f-4297-80b2-13177c7491be,3192,2,00:39:53.705,84,53,42,Ball Receipt*,205,36,Manchester City,7,From Goal Kick,36,Manchester City,,,cd9bc93a-0063-43fa-bd98-e4e2bd0ff75b,40217,Trevor Sinclair,20,Left Attacking Midfield,78.0,5.3,,,,,,,,,,,,,,,,,,,,,,,,,,,,,,,,,,,,,,9.0,Incomplete,,,,,,,,,,,,,,,,,,,,,,,,,,,,,,,,,,,,,,,,,,,,,,,,,,,,,,,,,,,,,,,,,,,,,,,,,,,,,,,,,,,,,,,,,,,,,,,,,,,,,,,,,,,,,,,,,,,,,,,,,,,,,,,,,,,,,,,,,,,,,,,,,,
c8431fa7-032c-4a11-817b-68ffa478f0f5,3237,2,00:40:45.107,85,45,30,Pass,207,36,Manchester City,1,Regular Play,36,Manchester City,1.880587,,16887a15-c063-4067-b34e-d2635caccbae,40218,Sylvain Distin,5,Left Center Back,30.2,30.6,20329.0,David James,21.51488,2.883086,1.0,Ground Pass,9.4,36.1,66.0,Recovery,38.0,Left Foot,,,,,,,,,,,,,,,,,,,,,c762717d-3bac-466b-b3ee-49bee5b2707c,,,,,,,,,,,,,,,,,,,,,,,,,,,,,,,,,,,,,,,,,,,,,,,,,,,,,,,,,,,,,,,,,,,,,,,,,,,,,,,,,,,,,,,,,,,,,,,,,,,,,,,,,,,,,,,,,,,,,,,,,,,,,,,,,,,,,,,,,,,,,,,,,,,,,,,,
c762717d-3bac-466b-b3ee-49bee5b2707c,3238,2,00:40:46.987,85,46,42,Ball Receipt*,207,36,Manchester City,1,Regular Play,36,Manchester City,,,c8431fa7-032c-4a11-817b-68ffa478f0f5,20329,David James,1,Goalkeeper,9.4,36.1,,,,,,,,,,,,,,,,,,,,,,,,,,,,,,,,,,,,,,,,,,,,,,,,,,,,,,,,,,,,,,,,,,,,,,,,,,,,,,,,,,,,,,,,,,,,,,,,,,,,,,,,,,,,,,,,,,,,,,,,,,,,,,,,,,,,,,,,,,,,,,,,,,,,,,,,,,,,,,,,,,,,,,,,,,,,,,,,,,,,,,,,,
b33f6c9f-77d3-4109-ad99-a8f36dbac858,3239,2,00:40:46.987,85,46,43,Carry,207,36,Manchester City,1,Regular Play,36,Manchester City,1.626294,,661c5994-ac93-4825-b733-314d6966a425,20329,David James,1,Goalkeeper,9.4,36.1,,,,,,,,,,,,,,,,,,,,,,,,,,,,,,,,,c762717d-3bac-466b-b3ee-49bee5b2707c,9.1,36.1,,,,,,,,,,,,,,,,,,,,,,,,,,,,,,,,,,,,,,,,,,,,,,,,,,,,,,,,,,,,,,,,,,,,,,,,,,,,,,,,,,,,,,,,,,,,,,,,,,,,,,,,,,,,,,,,,,,,,,,,,,,,,,,,,,,,,,,,,,,,,,,,,,,,,,
661c5994-ac93-4825-b733-314d6966a425,3240,2,00:40:48.613,85,48,30,Pass,207,36,Manchester City,1,Regular Play,36,Manchester City,1.656966,,2113bbaf-d8f0-43af-8a06-7283796ed14e,20329,David James,1,Goalkeeper,9.1,36.1,40218.0,Sylvain Distin,14.851936,-1.0257579,1.0,Ground Pass,16.8,23.4,,,40.0,Right Foot,,,,,,,,,,,,,,,,,,,,,,,,,,,,,,,,,,,,,,,,,,,,,,,,,,,,,,,,,,,,,,,,,,,,,,,,,,,,,,,,,,,,,,,,,,,,,,,,,,,,,,,,,,,,,,,,,,,,,,,,,,,,,,,,,,,,,,,,,,,,,,,,,,,,,,,,,,,,,,,,,,,,,,,,,,,,,
2113bbaf-d8f0-43af-8a06-7283796ed14e,3241,2,00:40:50.270,85,50,42,Ball Receipt*,207,36,Manchester City,1,Regular Play,36,Manchester City,,,661c5994-ac93-4825-b733-314d6966a425,40218,Sylvain Distin,5,Left Center Back,16.8,23.4,,,,,,,,,,,,,,,,,,,,,,,,,,,,,,,,,,,,,,,,,,,,,,,,,,,,,,,,,,,,,,,,,,,,,,,,,,,,,,,,,,,,,,,,,,,,,,,,,,,,,,,,,,,,,,,,,,,,,,,,,,,,,,,,,,,,,,,,,,,,,,,,,,,,,,,,,,,,,,,,,,,,,,,,,,,,,,,,,,,,,,,,,
879ef714-edcf-407b-b07d-6aadbd157407,3242,2,00:40:50.270,85,50,43,Carry,207,36,Manchester City,1,Regular Play,36,Manchester City,3.321513,,2113bbaf-d8f0-43af-8a06-7283796ed14e,40218,Sylvain Distin,5,Left Center Back,16.8,23.4,,,,,,,,,,,,,,,,,,,,,,,,,,,,,,,,,a2e396c7-8f00-49d5-96b4-58695f3a0bf9,16.8,23.4,,,,,,,,,,,,,,,,,,,,,,,,,,,,,,,,,,,,,,,,,,,,,,,,,,,,,,,,,,,,,,,,,,,,,,,,,,,,,,,,,,,,,,,,,,,,,,,,,,,,,,,,,,,,,,,,,,,,,,,,,,,,,,,,,,,,,,,,,,,,,,,,,,,,,,
a2e396c7-8f00-49d5-96b4-58695f3a0bf9,3243,2,00:40:53.592,85,53,30,Pass,207,36,Manchester City,1,Regular Play,36,Manchester City,2.162494,,6d31d087-b0f1-40b1-90fc-768beb388204,40218,Sylvain Distin,5,Left Center Back,16.8,23.4,40215.0,Jihai Sun,31.287697,1.3320191,1.0,Ground Pass,24.2,53.8,,,40.0,Right Foot,,,,,,,,,,,,,,,,,,,,,,,,,,,,,,,,,,,,,,,,,,,,,,,,,,,,,,,,,,,,,,,,,,,,,,,,,,,,,,,,,,,,,,,,,,,,,,,,,,,,,,,,,,,,,,,,,,,,,,,,,,,,,,,,,,,,,,,,,,,,,,,,,,,,,,,,,,,,,,,,,,,,,,,,,,,,,
6d31d087-b0f1-40b1-90fc-768beb388204,3244,2,00:40:55.754,85,55,42,Ball Receipt*,207,36,Manchester City,1,Regular Play,36,Manchester City,,,a2e396c7-8f00-49d5-96b4-58695f3a0bf9,40215,Jihai Sun,2,Right Back,24.2,53.8,,,,,,,,,,,,,,,,,,,,,,,,,,,,,,,,,,,,,,,,,,,,,,,,,,,,,,,,,,,,,,,,,,,,,,,,,,,,,,,,,,,,,,,,,,,,,,,,,,,,,,,,,,,,,,,,,,,,,,,,,,,,,,,,,,,,,,,,,,,,,,,,,,,,,,,,,,,,,,,,,,,,,,,,,,,,,,,,,,,,,,,,,
832bb6bd-86c1-40bf-9508-09b25cabffe1,3245,2,00:40:55.754,85,55,43,Carry,207,36,Manchester City,1,Regular Play,36,Manchester City,0.579093,,48bec99e-20bb-454a-a8bc-58238d8fe36d,40215,Jihai Sun,2,Right Back,24.2,53.8,,,,,,,,,,,,,,,,,,,,,,,,,,,,,,,,,6d31d087-b0f1-40b1-90fc-768beb388204,29.2,58.4,,,,,,,,,,,,,,,,,,,,,,,,,,,,,,,,,,,,,,,,,,,,,,,,,,,,,,,,,,,,,,,,,,,,,,,,,,,,,,,,,,,,,,,,,,,,,,,,,,,,,,,,,,,,,,,,,,,,,,,,,,,,,,,,,,,,,,,,,,,,,,,,,,,,,,
48bec99e-20bb-454a-a8bc-58238d8fe36d,3246,2,00:40:56.333,85,56,30,Pass,207,36,Manchester City,1,Regular Play,36,Manchester City,1.485461,,633fea56-027a-4f01-a5da-e022046c23f5,40215,Jihai Sun,2,Right Back,29.2,58.4,20447.0,Richard Dunne,13.366376,-1.835736,1.0,Ground Pass,25.7,45.5,,,40.0,Right Foot,,,,,,,,,,,,,,,,,,,,,,,,,,,,,,,,,,,,,,,,,,,,,,,,,,,,,,,,,,,,,,,,,,,,,,,,,,,,,,,,,,,,,,,,,,,,,,,,,,,,,,,,,,,,,,,,,,,,,,,,,,,,,,,,,,,,,,,,,,,,,,,,,,,,,,,,,,,,,,,,,,,,,,,,,,,,,
633fea56-027a-4f01-a5da-e022046c23f5,3247,2,00:40:57.819,85,57,42,Ball Receipt*,207,36,Manchester City,1,Regular Play,36,Manchester City,,,48bec99e-20bb-454a-a8bc-58238d8fe36d,20447,Richard Dunne,3,Right Center Back,25.7,45.5,,,,,,,,,,,,,,,,,,,,,,,,,,,,,,,,,,,,,,,,,,,,,,,,,,,,,,,,,,,,,,,,,,,,,,,,,,,,,,,,,,,,,,,,,,,,,,,,,,,,,,,,,,,,,,,,,,,,,,,,,,,,,,,,,,,,,,,,,,,,,,,,,,,,,,,,,,,,,,,,,,,,,,,,,,,,,,,,,,,,,,,,,
ef0d659f-c2b2-4d9e-857b-9394f7ffd908,3248,2,00:40:57.819,85,57,43,Carry,207,36,Manchester City,1,Regular Play,36,Manchester City,3.182391,,297853a9-c636-4598-95e9-7cddcc9ac526,20447,Richard Dunne,3,Right Center Back,25.7,45.5,,,,,,,,,,,,,,,,,,,,,,,,,,,,,,,,,633fea56-027a-4f01-a5da-e022046c23f5,44.6,48.8,,,,,,,,,,,,,,,,,,,,,,,,,,,,,,,,,,,,,,,,,,,,,,,,,,,,,,,,,,,,,,,,,,,,,,,,,,,,,,,,,,,,,,,,,,,,,,,,,,,,,,,,,,,,,,,,,,,,,,,,,,,,,,,,,,,,,,,,,,,,,,,,,,,,,,
297853a9-c636-4598-95e9-7cddcc9ac526,3249,2,00:41:01.001,86,1,30,Pass,207,36,Manchester City,1,Regular Play,36,Manchester City,3.009909,,51de0ab4-3a8a-4ef2-b439-36585b99a89c,20447,Richard Dunne,3,Right Center Back,44.6,48.8,15519.0,Nicolas Anelka,58.692844,-0.69975567,3.0,High Pass,89.5,11.0,,,40.0,Right Foot,,,,,,,,,,,,,,,,,,,,,6e3752ea-5518-4a51-832b-5ebc7ac0a9ed,,,9.0,Incomplete,,,,,,,,,,,,,,,,,,,,,,,,,,,,,,,,,,,,,,,,,,,,,,,,,,,,,,,,,,,,,,,,,,,,,,,,,,,,,,,,,,,,,,,,,,,,,,,,,,,,,,,,,,,,,,,,,,,,,,,,,,,,,,,,,,,,,,,,,,,,,,,,,,,,
6e3752ea-5518-4a51-832b-5ebc7ac0a9ed,3250,2,00:41:04.011,86,4,42,Ball Receipt*,207,36,Manchester City,1,Regular Play,36,Manchester City,,,297853a9-c636-4598-95e9-7cddcc9ac526,15519,Nicolas Anelka,23,Center Forward,89.5,7.2,,,,,,,,,,,,,,,,,,,,,,,,,,,,,,,,,,,,,,9.0,Incomplete,,,,,,,,,,,,,,,,,,,,,,,,,,,,,,,,,,,,,,,,,,,,,,,,,,,,,,,,,,,,,,,,,,,,,,,,,,,,,,,,,,,,,,,,,,,,,,,,,,,,,,,,,,,,,,,,,,,,,,,,,,,,,,,,,,,,,,,,,,,,,,,,,,
8fc8f9f5-a2b6-4e39-9b1c-d6417e28ae2b,3251,2,00:41:04.011,86,4,4,Duel,207,36,Manchester City,1,Regular Play,36,Manchester City,0.0,,51de0ab4-3a8a-4ef2-b439-36585b99a89c,15519,Nicolas Anelka,23,Center Forward,89.5,11.0,,,,,,,,,,,,,,True,,,,,,,,,,,,,,,,,,,,,,,,,,,10.0,Aerial Lost,,,,,,,,,,,,,,,,,,,,,,,,,,,,,,,,,,,,,,,,,,,,,,,,,,,,,,,,,,,,,,,,,,,,,,,,,,,,,,,,,,,,,,,,,,,,,,,,,,,,,,,,,,,,,,,,,,,,,,,,,,,,,,,,,,,,,,,,,,,,,,,
51de0ab4-3a8a-4ef2-b439-36585b99a89c,3252,2,00:41:04.011,86,4,9,Clearance,207,36,Manchester City,1,Regular Play,1,Arsenal,0.0,,297853a9-c636-4598-95e9-7cddcc9ac526,40222,Laureano Bisan-Etame Mayer,2,Right Back,30.6,69.1,,,,,,,,,,,,,,True,,,,,,,,True,,,,,,,,,,,8fc8f9f5-a2b6-4e39-9b1c-d6417e28ae2b,,,,,,,,,,True,37.0,Head,True,,,,,,,,,,,,,,,,,,,,,,,,,,,,,,,,,,,,,,,,,,,,,,,,,,,,,,,,,,,,,,,,,,,,,,,,,,,,,,,,,,,,,,,,,,,,,,,,,,,,,,,,,,,,,,,,,,,,,,,,,,,,,,,,,,,,,,,,,,,
274cf2f4-9f5f-400f-a95c-a777ec31be28,3253,2,00:41:12.069,86,12,30,Pass,208,36,Manchester City,4,From Throw In,36,Manchester City,1.382301,,dbe97616-81b0-4be5-ab0a-381285f28499,24758,Michael Tarnat,6,Left Back,81.8,0.1,40217.0,Trevor Sinclair,18.832153,0.27975845,2.0,Low Pass,99.9,5.3,67.0,Throw-in,,,,,,,,,,,,,,,,,,,,,,,,,,,,,,,,,,,,,,,,,,,,,,,,,,,,,,,,,,,,,,,,,,,,,,,,,,,,,,,,,,,,,,,,,,,,,,,,,,,,,,,,,,,,,,,,,,,,,,,,,,,,,,,,,,,,,,,,,,,,,,,,,,,,,,,,,,,,,,,,,,,,,,,,,,,,,,,
ccff283e-1fcd-479d-a13a-0206b55d96ed,3254,2,00:41:13.275,86,13,17,Pressure,208,36,Manchester City,4,From Throw In,1,Arsenal,3.936934,,a490dcb0-fd6f-4b35-96cc-36861cab8f35,40222,Laureano Bisan-Etame Mayer,2,Right Back,19.3,73.2,,,,,,,,,,,,,,,,,,,,,,,,,,,,,,,,,dbe97616-81b0-4be5-ab0a-381285f28499,,,,,,,,,,,,,,,,,,,,,,,,,,,,,,,,,,,,,,,,,,,,,,,,,,,,,,,,,,,,,,,,,,,,,,,,,,,,,,,,,,,,,,,,,,,,,,,,,,,,,,,,,,,,,,,,,,,,,,,,,,,,,,,,,,,,,,,,,,,,,,,,,,,,,,,,
dbe97616-81b0-4be5-ab0a-381285f28499,3255,2,00:41:13.452,86,13,42,Ball Receipt*,208,36,Manchester City,4,From Throw In,36,Manchester City,,,274cf2f4-9f5f-400f-a95c-a777ec31be28,40217,Trevor Sinclair,20,Left Attacking Midfield,99.9,5.3,,,,,,,,,,,,,,True,,,,,,,,,,,,,,,,,,,ccff283e-1fcd-479d-a13a-0206b55d96ed,,,,,,,,,,,,,,,,,,,,,,,,,,,,,,,,,,,,,,,,,,,,,,,,,,,,,,,,,,,,,,,,,,,,,,,,,,,,,,,,,,,,,,,,,,,,,,,,,,,,,,,,,,,,,,,,,,,,,,,,,,,,,,,,,,,,,,,,,,,,,,,,,,,,,,,,
a490dcb0-fd6f-4b35-96cc-36861cab8f35,3256,2,00:41:13.452,86,13,43,Carry,208,36,Manchester City,4,From Throw In,36,Manchester City,3.934522,,687d8bb3-1877-4b8c-9a12-e9f14c5b5033,40217,Trevor Sinclair,20,Left Attacking Midfield,99.9,5.3,,,,,,,,,,,,,,True,,,,,,,,,,,,,,,,,,,ca8c5d5e-3e7b-4f65-bd65-818a80906432,107.3,3.6,,,,,ccff283e-1fcd-479d-a13a-0206b55d96ed,,,,,,,dbe97616-81b0-4be5-ab0a-381285f28499,,,,,,,,,,,,,,,,,,,,,,,,,,,,,,,,,,,,,,,,,,,,,,,,,,,,,,,,,,,,,,,,,,,,,,,,,,,,,,,,,,,,,,,,,,,,,,,,,,,,,,,,,,,,,,,,,,,,,,,,,,,,,,,,,,,,,,,,,,
687d8bb3-1877-4b8c-9a12-e9f14c5b5033,3257,2,00:41:17.386,86,17,22,Foul Committed,208,36,Manchester City,4,From Throw In,1,Arsenal,0.0,,a490dcb0-fd6f-4b35-96cc-36861cab8f35,24972,Ray Parlour,12,Right Midfield,12.8,76.5,,,,,,,,,,,,,,,,,,,,,,,,,,,,,,,,,ca8c5d5e-3e7b-4f65-bd65-818a80906432,,,,,,,,,,,,,,,,,,,,,,,,,,,,,,,,,,,,,,,,,,,,,,,,,,,,,,,,,,,,,,,,,,,,,,,,,,,,,,,,,,,,,,,,,,,,,,,,,,,,,,,,,,,,,,,,,,,,,,,,,,,,,,,,,,,,,,,,,,,,,,,,,,,,,,,,
ca8c5d5e-3e7b-4f65-bd65-818a80906432,3258,2,00:41:17.386,86,17,21,Foul Won,208,36,Manchester City,4,From Throw In,36,Manchester City,0.0,,687d8bb3-1877-4b8c-9a12-e9f14c5b5033,40217,Trevor Sinclair,20,Left Attacking Midfield,107.3,3.6,,,,,,,,,,,,,,True,,,,,,,,,,,,,,,,,,,,,,,,,,,,,,,,,,,,,,,,,,,,,,,,,,,,,,,,,,,,,,,,,,,,,,,,,,,,,,,,,,,,,,,,,,,,,,,,,,,,,,,,,,,,,,,,,,,,,,,,,,,,,,,,,,,,,,,,,,,,,,,,,,,,,,,,,,,,,,,,,,,,,,,,,,,
b5bd3c03-52bd-4198-99bf-7bd2972e12bf,3259,2,00:41:38.356,86,38,30,Pass,209,36,Manchester City,3,From Free Kick,36,Manchester City,1.169595,,7a582856-ec8c-4857-b43c-82487021fff1,24758,Michael Tarnat,6,Left Back,107.3,6.6,40218.0,Sylvain Distin,26.488676,1.4230264,3.0,High Pass,111.2,32.8,62.0,Free Kick,38.0,Left Foot,,,,,,,,,,,,,,,,,,,,,,,,,,,,,,,,,,,,True,0f56d93b-02a3-4218-85ac-96b26b5ce491,True,,,,,,,,,,,,,,,,,,,,,,,,,,,,,,,,,,,,,,,,,,,,,,,,,,,,,,,,,,,,,,,,,,,,,,,,,,,,,,,,,,,,,,,,,,,,,,,,,,,,,,,,,,,,,,,,,,,,,,,,,,,,,,,,,,,,,,,
7a582856-ec8c-4857-b43c-82487021fff1,3260,2,00:41:39.526,86,39,42,Ball Receipt*,209,36,Manchester City,3,From Free Kick,36,Manchester City,,,b5bd3c03-52bd-4198-99bf-7bd2972e12bf,40218,Sylvain Distin,5,Left Center Back,111.2,32.8,,,,,,,,,,,,,,,,,,,,,,,,,,,,,,,,,,,,,,,,,,,,,,,,,,,,,,,,,,,,,,,,,,,,,,,,,,,,,,,,,,,,,,,,,,,,,,,,,,,,,,,,,,,,,,,,,,,,,,,,,,,,,,,,,,,,,,,,,,,,,,,,,,,,,,,,,,,,,,,,,,,,,,,,,,,,,,,,,,,,,,,,,
0f56d93b-02a3-4218-85ac-96b26b5ce491,3261,2,00:41:39.529,86,39,16,Shot,209,36,Manchester City,3,From Free Kick,36,Manchester City,0.126359,,d031a57b-d0db-4a7c-a37d-052da838f207,40218,Sylvain Distin,5,Left Center Back,113.0,32.3,,,,,,,,,,,,,,,,,,,,,,,,,,,,,,,,,,,,,,,,,,,,,,,,,,,0.043609995,112.9,34.7,b5bd3c03-52bd-4198-99bf-7bd2972e12bf,93.0,Normal,101.0,Wayward,37.0,Head,87.0,Open Play,101.9,51.6,15407.0,Steve McManaman,13.0,Right Center Midfield,True,114.0,41.7,15399.0,Robbie Fowler,15.0,Left Center Midfield,True,112.5,39.5,15519.0,Nicolas Anelka,23.0,Center Forward,True,112.5,36.4,40217.0,Trevor Sinclair,20.0,Left Attacking Midfield,True,113.1,31.6,20447.0,Richard Dunne,3.0,Right Center Back,True,118.4,40.0,20015.0,Jens Lehmann,1.0,Goalkeeper,False,111.2,42.4,26194.0,Pascal Cygan,16.0,Left Midfield,False,104.6,41.0,23816.0,José Antonio Reyes Calderón,24.0,Left Center Forward,False,112.6,40.2,40221.0,Gilberto Aparecido da Silva,13.0,Right Center Midfield,False,113.7,35.6,12529.0,Ashley Cole,6.0,Left Back,False,114.2,36.7,15637.0,Sulzeer Jeremiah ''Sol' Campbell,5.0,Left Center Back,False,117.9,11.2,40222.0,Laureano Bisan-Etame Mayer,2.0,Right Back,False,113.3,34.3,38412.0,Kolo Habib Touré,3.0,Right Center Back,False,113.8,33.1,26014.0,Eduardo César Daude Gaspar,15.0,Left Center Midfield,False,113.5,28.8,24972.0,Ray Parlour,12.0,Right Midfield,False,113.4,36.6,15516.0,Thierry Henry,22.0,Right Center Forward,False,,,,,,,,,,,
d031a57b-d0db-4a7c-a37d-052da838f207,3262,2,00:41:39.655,86,39,23,Goal Keeper,209,36,Manchester City,3,From Free Kick,1,Arsenal,0.0,,0f56d93b-02a3-4218-85ac-96b26b5ce491,20015,Jens Lehmann,1,Goalkeeper,1.7,40.1,,,,,,,,,,,,,,,,,,,,,,,,,,,,,,,,,,,,,,,,,,,,,,,,,,,,,,,,,,,,,,,,,,,,,,,,,,,,,,,,,,,,,,,,,,,,,,,,,,,,,,,,,,,,,,,,,,,,,,,,,,,,,,,,,,,,,,,,,,,,,,,,,,,,,,,,,,,,,,,,,,,,,,,,,,,,,,,1.7,40.1,44.0,Set,32.0,Shot Faced,,,,,
4345fcaa-feec-4fa3-88b9-7fcd74e83836,3263,2,00:41:42.096,86,42,2,Ball Recovery,209,36,Manchester City,3,From Free Kick,36,Manchester City,0.0,,,15407,Steve McManaman,13,Right Center Midfield,114.8,55.4,,,,,,,,,,,,,,,,,,,,,,,,,,,,,,,,,,,,,,,,,,,,,,,,,,,,,,,,,,,,,,,,,,,,,,,,,,,,,,,,,,,,,,,,,,,,,,,,,,,,,,,,,,,,,,,,,,,,,,,,,,,,,,,,,,,,,,,,,,,,,,,,,,,,,,,,,,,,,,,,,,,,,,,,,,,,,,,,,,,,,,,,,
66e5c660-b90e-4f56-ab69-d0a6fa8a3021,3264,2,00:41:42.178,86,42,16,Shot,209,36,Manchester City,3,From Free Kick,36,Manchester City,0.091253,,3d58a3ba-a972-4944-9b46-ca61b8f03ffb,15407,Steve McManaman,13,Right Center Midfield,112.0,55.2,,,,,,,,,,,,,,,,,,,,,,,,,,,,,,,,,5d40e3a5-ea80-4a9f-8f3f-66575fbac3c9,,,,,,,,,,,,,,,,,,0.017072614,112.3,54.4,,91.0,Half Volley,96.0,Blocked,40.0,Right Foot,87.0,Open Play,118.4,43.7,20015.0,Jens Lehmann,1.0,Goalkeeper,False,116.9,37.5,12529.0,Ashley Cole,6.0,Left Back,False,113.3,37.6,38412.0,Kolo Habib Touré,3.0,Right Center Back,False,112.5,41.8,40221.0,Gilberto Aparecido da Silva,13.0,Right Center Midfield,False,112.9,43.0,15519.0,Nicolas Anelka,23.0,Center Forward,True,119.4,49.3,15399.0,Robbie Fowler,15.0,Left Center Midfield,True,112.5,54.1,26194.0,Pascal Cygan,16.0,Left Midfield,False,,,,,,,,,,,,,,,,,,,,,,,,,,,,,,,,,,,,,,,,,,,,,,,,,,,,,,,,,,,,,,,,,,,,,,,True,,,
5d40e3a5-ea80-4a9f-8f3f-66575fbac3c9,3265,2,00:41:42.270,86,42,6,Block,209,36,Manchester City,3,From Free Kick,1,Arsenal,0.0,,66e5c660-b90e-4f56-ab69-d0a6fa8a3021,26194,Pascal Cygan,16,Left Midfield,7.8,25.7,,,,,,,,,,,,,,,,,,,,,,True,,,,,,,,,,,,,,,,,,,,,,,,,,,,,,,,,,,,,,,,,,,,,,,,,,,,,,,,,,,,,,,,,,,,,,,,,,,,,,,,,,,,,,,,,,,,,,,,,,,,,,,,,,,,,,,,,,,,,,,,,,,,,,,,,,,,,,,,,,,,,,,,,,,,,,,,,,,,,,,,,,,
3d58a3ba-a972-4944-9b46-ca61b8f03ffb,3266,2,00:41:42.311,86,42,23,Goal Keeper,209,36,Manchester City,3,From Free Kick,1,Arsenal,0.0,,66e5c660-b90e-4f56-ab69-d0a6fa8a3021,20015,Jens Lehmann,1,Goalkeeper,1.7,36.4,,,,,,,,,,,,,,,,,,,,,,,,,,,,,,,,,,,,,,,,,,,,,,,,,,,,,,,,,,,,,,,,,,,,,,,,,,,,,,,,,,,,,,,,,,,,,,,,,,,,,,,,,,,,,,,,,,,,,,,,,,,,,,,,,,,,,,,,,,,,,,,,,,,,,,,,,,,,,,,,,,,,,,,,,,,,,,,1.7,36.4,44.0,Set,32.0,Shot Faced,,,,,
f6f9b24d-5828-4213-be72-04d8bc079faa,3267,2,00:41:45.691,86,45,17,Pressure,209,36,Manchester City,3,From Free Kick,1,Arsenal,1.092489,,049e17e8-a944-40eb-91c2-bd95b8ff985a,26194,Pascal Cygan,16,Left Midfield,7.5,9.1,,,,,,,,,,,,,,,,,,,,,,,,,,,,,,,,,,,,,,,,,,,,,,,,,,,,,,,,,,,,,,,,,,,,,,,,,,,,,,,,,,,,,,,,,,,,,,,,,,,,,,,,,,,,,,,,,,,,,,,,,,,,,,,,,,,,,,,,,,,,,,,,,,,,,,,,,,,,,,,,,,,,,,,,,,,,,,,,,,,,,,,,,
049e17e8-a944-40eb-91c2-bd95b8ff985a,3268,2,00:41:46.369,86,46,28,Shield,209,36,Manchester City,3,From Free Kick,36,Manchester City,0.0,,f6f9b24d-5828-4213-be72-04d8bc079faa,15399,Robbie Fowler,15,Left Center Midfield,111.2,77.5,,,,,,,,,,,,,,True,,,,,,,,,,,,,,,,,,,,,,,,,,,,,,,,,,,,,,,,,,,,,,,,,,,,,,,,,,,,,,,,,,,,,,,,,,,,,,,,,,,,,,,,,,,,,,,,,,,,,,,,,,,,,,,,,,,,,,,,,,,,,,,,,,,,,,,,,,,,,,,,,,,,,,,,,,,,,,,,,,,,,,,,,,,
87217173-539c-4f25-8dbe-64c954e1e599,3269,2,00:41:49.978,86,49,30,Pass,210,36,Manchester City,4,From Throw In,36,Manchester City,0.2096,,88fffafc-4fef-453b-907e-4c1604da47d5,15399,Robbie Fowler,15,Left Center Midfield,110.2,80.0,15407.0,Steve McManaman,6.306346,-1.3142797,2.0,Low Pass,111.8,73.9,67.0,Throw-in,,,,,,,,,,,,,,,,,,,,,,,e5fa5625-117b-4b5a-bc68-2f5ada2ebb35,,,9.0,Incomplete,,,,,,,,,,,,,,,,,,,,,,,,,,,,,,,,,,,,,,,,,,,,,,,,,,,,,,,,,,,,,,,,,,,,,,,,,,,,,,,,,,,,,,,,,,,,,,,,,,,,,,,,,,,,,,,,,,,,,,,,,,,,,,,,,,,,,,,,,,,,,,,,,,,,
e5fa5625-117b-4b5a-bc68-2f5ada2ebb35,3270,2,00:41:50.188,86,50,42,Ball Receipt*,210,36,Manchester City,4,From Throw In,36,Manchester City,,,87217173-539c-4f25-8dbe-64c954e1e599,15407,Steve McManaman,13,Right Center Midfield,112.6,66.6,,,,,,,,,,,,,,,,,,,,,,,,,,,,,,,,,,,,,,9.0,Incomplete,,,,,,,,,,,,,,,,,,,,,,,,,,,,,,,,,,,,,,,,,,,,,,,,,,,,,,,,,,,,,,,,,,,,,,,,,,,,,,,,,,,,,,,,,,,,,,,,,,,,,,,,,,,,,,,,,,,,,,,,,,,,,,,,,,,,,,,,,,,,,,,,,,
88fffafc-4fef-453b-907e-4c1604da47d5,3271,2,00:41:50.188,86,50,6,Block,210,36,Manchester City,4,From Throw In,1,Arsenal,0.0,,87217173-539c-4f25-8dbe-64c954e1e599,26194,Pascal Cygan,16,Left Midfield,8.3,6.2,,,,,,,,,,,,,,,,,,,,,,True,,,,,,,,,,,,,,,,,,,,,,,,,,,,,,,,,,,,,,,,,,,,,,,,,,,,,,,,,,,,,,,,,,,,,,,,,,,,,,,,,,,,,,,,,,,,,,,,,,,,,,,,,,,,,,,,,,,,,,,,,,,,,,,,,,,,,,,,,,,,,,,,,,,,,,,,,,,,,,,,,,,
05cf04b3-a5ab-43fc-91b2-ce2df0e64b06,3272,2,00:42:03.260,87,3,30,Pass,211,36,Manchester City,4,From Throw In,36,Manchester City,0.864381,,72209e27-5d8f-4836-9f2f-08f7d620f4c0,15407,Steve McManaman,13,Right Center Midfield,109.1,80.0,15399.0,Robbie Fowler,12.291867,-1.6931331,2.0,Low Pass,107.6,67.8,67.0,Throw-in,,,,,,,,,,,,,,,,,,,,,,,,,,,,,,,,,,,,,,,,,,,,,,,,,,,,,,,,,,,,,,,,,,,,,,,,,,,,,,,,,,,,,,,,,,,,,,,,,,,,,,,,,,,,,,,,,,,,,,,,,,,,,,,,,,,,,,,,,,,,,,,,,,,,,,,,,,,,,,,,,,,,,,,,,,,,,,,
72209e27-5d8f-4836-9f2f-08f7d620f4c0,3273,2,00:42:04.125,87,4,42,Ball Receipt*,211,36,Manchester City,4,From Throw In,36,Manchester City,,,05cf04b3-a5ab-43fc-91b2-ce2df0e64b06,15399,Robbie Fowler,15,Left Center Midfield,107.6,67.8,,,,,,,,,,,,,,,,,,,,,,,,,,,,,,,,,,,,,,,,,,,,,,,,,,,,,,,,,,,,,,,,,,,,,,,,,,,,,,,,,,,,,,,,,,,,,,,,,,,,,,,,,,,,,,,,,,,,,,,,,,,,,,,,,,,,,,,,,,,,,,,,,,,,,,,,,,,,,,,,,,,,,,,,,,,,,,,,,,,,,,,,,
ccd9bff5-b69f-4f4c-a263-d3deae028875,3274,2,00:42:04.125,87,4,43,Carry,211,36,Manchester City,4,From Throw In,36,Manchester City,1.216505,,72209e27-5d8f-4836-9f2f-08f7d620f4c0,15399,Robbie Fowler,15,Left Center Midfield,107.6,67.8,,,,,,,,,,,,,,True,,,,,,,,,,,,,,,,,,,96dd333e-31bd-4289-a6aa-910697154bf9,107.3,67.8,,,,,c5b0b624-e61e-4e08-847f-7a41e614787e,,,,,,,,,,,,,,,,,,,,,,,,,,,,,,,,,,,,,,,,,,,,,,,,,,,,,,,,,,,,,,,,,,,,,,,,,,,,,,,,,,,,,,,,,,,,,,,,,,,,,,,,,,,,,,,,,,,,,,,,,,,,,,,,,,,,,,,,,,,,,,,,,
96dd333e-31bd-4289-a6aa-910697154bf9,3275,2,00:42:05.341,87,5,22,Foul Committed,211,36,Manchester City,4,From Throw In,1,Arsenal,0.0,,c5b0b624-e61e-4e08-847f-7a41e614787e,26194,Pascal Cygan,16,Left Midfield,12.8,12.3,,,,,,,,,,,,,,,,,,,,,,,,,,,,,,,,,ccd9bff5-b69f-4f4c-a263-d3deae028875,,,,,,,,,,,,,,,,,,,,,,,,,,,,,,,,,,,,,,,,,,,,,,,,,,,,,,,,,,,,,,,,,,,,,,,,,,,,,,,,,,,,,,,,,,,,,,,,,,,,,,,,,,,,,,,,,,,,,,,,,,,,,,,,,,,,,,,,,,,,,,,,,,,,,,,,
c5b0b624-e61e-4e08-847f-7a41e614787e,3276,2,00:42:05.341,87,5,21,Foul Won,211,36,Manchester City,4,From Throw In,36,Manchester City,0.0,,96dd333e-31bd-4289-a6aa-910697154bf9,15399,Robbie Fowler,15,Left Center Midfield,107.3,67.8,,,,,,,,,,,,,,True,,,,,,,,,,,,,,,,,,,,,,,,,,,,,,,,,,,,,,,,,,,,,,,,,,,,,,,,,,,,,,,,,,,,,,,,,,,,,,,,,,,,,,,,,,,,,,,,,,,,,,,,,,,,,,,,,,,,,,,,,,,,,,,,,,,,,,,,,,,,,,,,,,,,,,,,,,,,,,,,,,,,,,,,,,,
a5a4eb58-62eb-4d87-91f7-4ebb6113b1e6,3277,2,00:42:54.891,87,54,16,Shot,212,36,Manchester City,3,From Free Kick,36,Manchester City,0.427282,,1477940f-6a36-4d66-af6f-166539f42c60,24758,Michael Tarnat,6,Left Back,107.9,62.1,,,,,,,,,,,,,,,,,,,,,,,,,,,,,,,,,3adb6b3c-a756-49bd-a18d-5e872f168916,,,,,,,,,,,,,,,,,,0.008036193,114.2,45.4,,93.0,Normal,96.0,Blocked,38.0,Left Foot,62.0,Free Kick,114.0,33.9,24972.0,Ray Parlour,12.0,Right Midfield,False,112.6,34.4,20447.0,Richard Dunne,3.0,Right Center Back,True,110.2,36.9,26194.0,Pascal Cygan,16.0,Left Midfield,False,110.5,39.8,15637.0,Sulzeer Jeremiah ''Sol' Campbell,5.0,Left Center Back,False,112.0,39.0,15399.0,Robbie Fowler,15.0,Left Center Midfield,True,111.1,36.3,38412.0,Kolo Habib Touré,3.0,Right Center Back,False,109.5,38.1,15407.0,Steve McManaman,13.0,Right Center Midfield,True,114.2,45.4,26014.0,Eduardo César Daude Gaspar,15.0,Left Center Midfield,False,109.4,40.2,15519.0,Nicolas Anelka,23.0,Center Forward,True,111.6,43.9,40217.0,Trevor Sinclair,20.0,Left Attacking Midfield,True,118.7,42.7,20015.0,Jens Lehmann,1.0,Goalkeeper,False,112.3,52.2,15516.0,Thierry Henry,22.0,Right Center Forward,False,113.2,52.5,12529.0,Ashley Cole,6.0,Left Back,False,,,,,,,,,,,,,,,,,,,,,,,,,,,,,,,,
3adb6b3c-a756-49bd-a18d-5e872f168916,3278,2,00:42:55.318,87,55,6,Block,212,36,Manchester City,3,From Free Kick,1,Arsenal,0.0,,a5a4eb58-62eb-4d87-91f7-4ebb6113b1e6,26014,Eduardo César Daude Gaspar,15,Left Center Midfield,5.9,34.7,,,,,,,,,,,,,,,,,,,,,,,,,,,,,,,,,,,,,,,,,,,,,,,,,,,,,,,,,,,,,,,,,,,,,,,,,,,,,,,,,,,,,,,,,,,,,,,,,,,,,,,,,,,,,,,,,,,,,,,,,,,,,,,,,,,,,,,,,,,,,,,,,,,,,,,,,,,,,,,,,,,,,,,,,,,,,,,,,,,,,,,,,
1477940f-6a36-4d66-af6f-166539f42c60,3279,2,00:42:55.358,87,55,23,Goal Keeper,212,36,Manchester City,3,From Free Kick,1,Arsenal,0.0,,a5a4eb58-62eb-4d87-91f7-4ebb6113b1e6,20015,Jens Lehmann,1,Goalkeeper,1.4,37.4,,,,,,,,,,,,,,,,,,,,,,,,,,,,,,,,,,,,,,,,,,,,,,,,,,,,,,,,,,,,,,,,,,,,,,,,,,,,,,,,,,,,,,,,,,,,,,,,,,,,,,,,,,,,,,,,,,,,,,,,,,,,,,,,,,,,,,,,,,,,,,,,,,,,,,,,,,,,,,,,,,,,,,,,,,,,,,,1.4,37.4,44.0,Set,32.0,Shot Faced,,,,,
319b931f-acfc-4073-9904-46bef7d560dd,3280,2,00:42:56.131,87,56,9,Clearance,212,36,Manchester City,3,From Free Kick,1,Arsenal,0.0,,,24972,Ray Parlour,12,Right Midfield,8.6,50.8,,,,,,,,,,,,,,True,,,,,,,,,,,,,,,,,,,,,,,,,,,,,,40.0,Right Foot,,,,,,,,,,,,,,,,,,,,,,,,,,,,,,,,,,,,,,,,,,,,,,,,,,,,,,,,,,,,,,,,,,,,,,,,,,,,,,,,,,,,,,,,,,,,,,,,,,,,,,,,,,,,,,,,,,,,,,,,,,,,,,,,,,,,,,,,,,True,,
32af5590-9a37-4fc3-af93-99c2a65ad773,3281,2,00:42:57.442,87,57,2,Ball Recovery,212,36,Manchester City,3,From Free Kick,36,Manchester City,0.0,,,20447,Richard Dunne,3,Right Center Back,109.9,30.6,,,,,,,,,,,,,,,,,,,,,,,,,,,,,,,,,,,,,,,,,,,,,,,,,,,,,,,,,,,,,,,,,,,,,,,,,,,,,,,,,,,,,,,,,,,,,,,,,,,,,,,,,,,,,,,,,,,,,,,,,,,,,,,,,,,,,,,,,,,,,,,,,,,,,,,,,,,,,,,,,,,,,,,,,,,,,,,,,,,,,,,,,
19b17ca4-ad1a-4b4b-9888-e7032a67070d,3282,2,00:42:57.442,87,57,43,Carry,212,36,Manchester City,3,From Free Kick,36,Manchester City,0.418339,,32af5590-9a37-4fc3-af93-99c2a65ad773,20447,Richard Dunne,3,Right Center Back,109.9,30.6,,,,,,,,,,,,,,,,,,,,,,,,,,,,,,,,,beaf5d0c-0f01-429b-9345-58461a384354,109.9,30.6,,,,,,,,,,,,,,,,,,,,,,,,,,,,,,,,,,,,,,,,,,,,,,,,,,,,,,,,,,,,,,,,,,,,,,,,,,,,,,,,,,,,,,,,,,,,,,,,,,,,,,,,,,,,,,,,,,,,,,,,,,,,,,,,,,,,,,,,,,,,,,,,,,,,,,
beaf5d0c-0f01-429b-9345-58461a384354,3283,2,00:42:57.861,87,57,30,Pass,212,36,Manchester City,3,From Free Kick,36,Manchester City,0.208801,,413a283c-f7cd-41e9-9046-3613847193df,20447,Richard Dunne,3,Right Center Back,109.9,30.6,,,3.3600595,0.6375488,2.0,Low Pass,112.6,32.6,,,38.0,Left Foot,,,,,,,,,,,,,,,,,,,,,,,,9.0,Incomplete,,,,,,,,,,,,,,,,,,,,,,,,,,,,,,,,,,,,,,,,,,,,,,,,,,,,,,,,,,,,,,,,,,,,,,,,,,,,,,,,,,,,,,,,,,,,,,,,,,,,,,,,,,,,,,,,,,,,,,,,,,,,,,,,,,,,,,,,,,,,,,,,,,,,
413a283c-f7cd-41e9-9046-3613847193df,3284,2,00:42:58.070,87,58,6,Block,212,36,Manchester City,3,From Free Kick,1,Arsenal,0.0,,beaf5d0c-0f01-429b-9345-58461a384354,15637,Sulzeer Jeremiah ''Sol' Campbell,5,Left Center Back,7.5,47.5,,,,,,,,,,,,,,,,,,,,,,,,,,,,,,,,,,,,,,,,,,,,,,,,,,,,,,,,,,,,,,,,,,,,,,,,,,,,,,,,,,,,,,,,,,,,,,,,,,,,,,,,,,,,,,,,,,,,,,,,,,,,,,,,,,,,,,,,,,,,,,,,,,,,,,,,,,,,,,,,,,,,,,,,,,,,,,,,,,,,,,,,,
d0b130cb-4fbf-474e-b16c-59002c0ad8fd,3285,2,00:43:00.200,88,0,2,Ball Recovery,212,36,Manchester City,3,From Free Kick,1,Arsenal,0.0,,,15637,Sulzeer Jeremiah ''Sol' Campbell,5,Left Center Back,2.2,71.2,,,,,,,,,,,,,,,,,,,,,,,,,,,,,,,,,,,,,,,,,,,,,,,,,,,,,,,,,,,,,,,,,,,,,,,,,,,,,,,,,,,,,,,,,,,,,,,,,,,,,,,,,,,,,,,,,,,,,,,,,,,,,,,,,,,,,,,,,,,,,,,,,,,,,,,,,,,,,,,,,,,,,,,,,,,,,,,,,,,,,,,,,
8fd63f24-5fe2-4650-a2e4-3034e827b8d1,3286,2,00:43:00.200,88,0,43,Carry,212,36,Manchester City,3,From Free Kick,1,Arsenal,1.036993,,59e28adb-e86e-474d-8c6b-19fdd4d2ca67,15637,Sulzeer Jeremiah ''Sol' Campbell,5,Left Center Back,2.2,71.2,,,,,,,,,,,,,,True,,,,,,,,,,,,,,,,,,,93065b6a-54e4-4561-bb7d-796025e4dc14,3.1,76.8,,,,,d0b130cb-4fbf-474e-b16c-59002c0ad8fd,,,,,,,,,,,,,,,,,,,,,,,,,,,,,,,,,,,,,,,,,,,,,,,,,,,,,,,,,,,,,,,,,,,,,,,,,,,,,,,,,,,,,,,,,,,,,,,,,,,,,,,,,,,,,,,,,,,,,,,,,,,,,,,,,,,,,,,,,,,,,,,,,
93065b6a-54e4-4561-bb7d-796025e4dc14,3287,2,00:43:00.503,88,0,17,Pressure,212,36,Manchester City,3,From Free Kick,36,Manchester City,0.897131,,59e28adb-e86e-474d-8c6b-19fdd4d2ca67,20447,Richard Dunne,3,Right Center Back,114.3,10.2,,,,,,,,,,,,,,,True,,,,,,,,,,,,,,,,,,8fd63f24-5fe2-4650-a2e4-3034e827b8d1,,,,,,,,,,,,,,,,,,,,,,,,,,,,,,,,,,,,,,,,,,,,,,,,,,,,,,,,,,,,,,,,,,,,,,,,,,,,,,,,,,,,,,,,,,,,,,,,,,,,,,,,,,,,,,,,,,,,,,,,,,,,,,,,,,,,,,,,,,,,,,,,,,,,,,,,
59e28adb-e86e-474d-8c6b-19fdd4d2ca67,3288,2,00:43:01.237,88,1,30,Pass,212,36,Manchester City,3,From Free Kick,1,Arsenal,0.461508,,93065b6a-54e4-4561-bb7d-796025e4dc14,15637,Sulzeer Jeremiah ''Sol' Campbell,5,Left Center Back,3.1,76.8,,,4.110961,-0.07304057,2.0,Low Pass,7.2,76.5,,,40.0,Right Foot,,True,,,,,,,,,,,,,,,,,,,d676c38c-16f7-4706-aa8c-f34f5a6e9f08,,,9.0,Incomplete,,,,,,,,,,,,,,,,,,,,,,,,,,,,,,,,,,,,,,,,,,,,,,,,,,,,,,,,,,,,,,,,,,,,,,,,,,,,,,,,,,,,,,,,,,,,,,,,,,,,,,,,,,,,,,,,,,,,,,,,,,,,,,,,,,,,,,,,,,,,,,,,,,,,
d676c38c-16f7-4706-aa8c-f34f5a6e9f08,3289,2,00:43:01.699,88,1,6,Block,212,36,Manchester City,3,From Free Kick,36,Manchester City,0.0,,59e28adb-e86e-474d-8c6b-19fdd4d2ca67,20447,Richard Dunne,3,Right Center Back,112.9,3.6,,,,,,,,,,,,,,,True,,,,,,,,,,,,,,,,,,,,,,,,,,,,,,,,,,,,,,,,,,,,,,,,,,,,,,,,,,,,,,,,,,,,,,,,,,,,,,,,,,,,,,,,,,,,,,,,,,,,,,,,,,,,,,,,,,,,,,,,,,,,,,,,,,,,,,,,,,,,,,,,,,,,,,,,,,,,,,,,,,,,,,,,,,
781b7fbe-239c-4c2e-8ade-1ee95cf63474,3290,2,00:43:02.846,88,2,30,Pass,212,36,Manchester City,3,From Free Kick,1,Arsenal,1.596931,,05c0f1e2-4198-44bf-8597-c2794829ec3c,15637,Sulzeer Jeremiah ''Sol' Campbell,5,Left Center Back,4.2,77.3,24972.0,Ray Parlour,17.880995,-0.09521682,2.0,Low Pass,22.0,75.6,66.0,Recovery,38.0,Left Foot,,,,,,,,,,,,,,,,,,,,,,,,,,,,,,,,,,,,,,,,,,,,,,,,,,,,,,,,,,,,,,,,,,,,,,,,,,,,,,,,,,,,,,,,,,,,,,,,,,,,,,,,,,,,,,,,,,,,,,,,,,,,,,,,,,,,,,,,,,,,,,,,,,,,,,,,,,,,,,,,,,,,,,,,,,,,,
05c0f1e2-4198-44bf-8597-c2794829ec3c,3291,2,00:43:04.443,88,4,42,Ball Receipt*,212,36,Manchester City,3,From Free Kick,1,Arsenal,,,781b7fbe-239c-4c2e-8ade-1ee95cf63474,24972,Ray Parlour,12,Right Midfield,22.0,75.6,,,,,,,,,,,,,,,,,,,,,,,,,,,,,,,,,,,,,,,,,,,,,,,,,,,,,,,,,,,,,,,,,,,,,,,,,,,,,,,,,,,,,,,,,,,,,,,,,,,,,,,,,,,,,,,,,,,,,,,,,,,,,,,,,,,,,,,,,,,,,,,,,,,,,,,,,,,,,,,,,,,,,,,,,,,,,,,,,,,,,,,,,
68b69580-facf-4386-994a-91b40d820977,3292,2,00:43:04.443,88,4,43,Carry,212,36,Manchester City,3,From Free Kick,1,Arsenal,0.904865,,05c0f1e2-4198-44bf-8597-c2794829ec3c,24972,Ray Parlour,12,Right Midfield,22.0,75.6,,,,,,,,,,,,,,,,,,,,,,,,,,,,,,,,,8cf37554-6ffd-4723-8773-c925c5150eee,22.6,75.6,,,,,,,,,,,,,,,,,,,,,,,,,,,,,,,,,,,,,,,,,,,,,,,,,,,,,,,,,,,,,,,,,,,,,,,,,,,,,,,,,,,,,,,,,,,,,,,,,,,,,,,,,,,,,,,,,,,,,,,,,,,,,,,,,,,,,,,,,,,,,,,,,,,,,,
8cf37554-6ffd-4723-8773-c925c5150eee,3293,2,00:43:05.348,88,5,30,Pass,212,36,Manchester City,3,From Free Kick,1,Arsenal,0.20798,,59cb1cc0-2ab7-4fad-9fab-aa7f3af42a98,24972,Ray Parlour,12,Right Midfield,22.6,75.6,,,6.4381676,-0.81835324,1.0,Ground Pass,27.0,70.9,,,40.0,Right Foot,,,,,,,,,,,,,,,,,,,,,,,,9.0,Incomplete,,,,,,,,,,,,,,,,,,,,,,,,,,,,,,,,,,,,,,,,,,,,,,,,,,,,,,,,,,,,,,,,,,,,,,,,,,,,,,,,,,,,,,,,,,,,,,,,,,,,,,,,,,,,,,,,,,,,,,,,,,,,,,,,,,,,,,,,,,,,,,,,,,,,
59cb1cc0-2ab7-4fad-9fab-aa7f3af42a98,3294,2,00:43:05.556,88,5,2,Ball Recovery,212,36,Manchester City,3,From Free Kick,36,Manchester City,0.0,,8cf37554-6ffd-4723-8773-c925c5150eee,15399,Robbie Fowler,15,Left Center Midfield,93.1,9.2,,,,,,,,,,,,,,,,,,,,,,,,,,,,,,,,,,,,,,,,,,,,,,,,,,,,,,,,,,,,,,,,,,,,,,,,,,,,,,,,,,,,,,,,,,,,,,,,,,,,,,,,,,,,,,,,,,,,,,,,,,,,,,,,,,,,,,,,,,,,,,,,,,,,,,,,,,,,,,,,,,,,,,,,,,,,,,,,,,,,,,,,,
7a233e00-083f-49db-87c5-d8886ae534d7,3295,2,00:43:05.556,88,5,43,Carry,212,36,Manchester City,3,From Free Kick,36,Manchester City,1.745734,,59cb1cc0-2ab7-4fad-9fab-aa7f3af42a98,15399,Robbie Fowler,15,Left Center Midfield,93.1,9.2,,,,,,,,,,,,,,,,,,,,,,,,,,,,,,,,,ad37deb5-af8e-4488-abd8-f2ca90e59951,97.2,13.3,,,,,,,,,,,,,,,,,,,,,,,,,,,,,,,,,,,,,,,,,,,,,,,,,,,,,,,,,,,,,,,,,,,,,,,,,,,,,,,,,,,,,,,,,,,,,,,,,,,,,,,,,,,,,,,,,,,,,,,,,,,,,,,,,,,,,,,,,,,,,,,,,,,,,,
ad37deb5-af8e-4488-abd8-f2ca90e59951,3296,2,00:43:07.301,88,7,30,Pass,212,36,Manchester City,3,From Free Kick,36,Manchester City,1.052036,,3a72456d-ffe7-49ea-a378-27f225d0d39c,15399,Robbie Fowler,15,Left Center Midfield,97.2,13.3,15519.0,Nicolas Anelka,20.032475,1.0423626,2.0,Low Pass,107.3,30.6,,,40.0,Right Foot,,,,,,,,,,,,,,,,,,,,,,,,,,,,,,,,,,,,True,2f624c8f-9fc6-40dc-b565-273c7a022ee2,,,,,,,,,,,,,,,,,,,,,,,,,,,,,,,,,,,,,,,,,,,,,,,,,,,,,,,,,,,,,,,,,,,,,,,,,,,,,,,,,,,,,,,,,,,,,,,,,,,,,,,,,,,,,,,,,,,,,,,,,,,,,,,,,,,,,,,True,
3a72456d-ffe7-49ea-a378-27f225d0d39c,3297,2,00:43:08.353,88,8,42,Ball Receipt*,212,36,Manchester City,3,From Free Kick,36,Manchester City,,,ad37deb5-af8e-4488-abd8-f2ca90e59951,15519,Nicolas Anelka,23,Center Forward,107.3,30.6,,,,,,,,,,,,,,,,,,,,,,,,,,,,,,,,,,,,,,,,,,,,,,,,,,,,,,,,,,,,,,,,,,,,,,,,,,,,,,,,,,,,,,,,,,,,,,,,,,,,,,,,,,,,,,,,,,,,,,,,,,,,,,,,,,,,,,,,,,,,,,,,,,,,,,,,,,,,,,,,,,,,,,,,,,,,,,,,,,,,,,,,,
4b23d2d0-30fb-4630-b926-a1c6754d4657,3298,2,00:43:08.353,88,8,43,Carry,212,36,Manchester City,3,From Free Kick,36,Manchester City,1.261495,,2f624c8f-9fc6-40dc-b565-273c7a022ee2,15519,Nicolas Anelka,23,Center Forward,107.3,30.6,,,,,,,,,,,,,,,,,,,,,,,,,,,,,,,,,3a72456d-ffe7-49ea-a378-27f225d0d39c,109.8,33.8,,,,,,,,,,,,,,,,,,,,,,,,,,,,,,,,,,,,,,,,,,,,,,,,,,,,,,,,,,,,,,,,,,,,,,,,,,,,,,,,,,,,,,,,,,,,,,,,,,,,,,,,,,,,,,,,,,,,,,,,,,,,,,,,,,,,,,,,,,,,,,,,,,,,,,
2f624c8f-9fc6-40dc-b565-273c7a022ee2,3299,2,00:43:09.615,88,9,16,Shot,212,36,Manchester City,3,From Free Kick,36,Manchester City,0.690271,,17085a9f-d39b-49b3-9dfd-63bcbb536bf4,15519,Nicolas Anelka,23,Center Forward,109.8,33.8,,,,,,,,,,,,,,,,,,,,,,,,,,,,,,,,,,,,,,,,,,,,,,,,,,,0.764752,120.0,38.7,ad37deb5-af8e-4488-abd8-f2ca90e59951,93.0,Normal,97.0,Goal,38.0,Left Foot,87.0,Open Play,108.0,32.5,15407.0,Steve McManaman,13.0,Right Center Midfield,True,111.3,44.7,15399.0,Robbie Fowler,15.0,Left Center Midfield,True,110.0,39.8,12529.0,Ashley Cole,6.0,Left Back,False,108.4,31.6,38412.0,Kolo Habib Touré,3.0,Right Center Back,False,103.8,38.8,26194.0,Pascal Cygan,16.0,Left Midfield,False,,,,,,,,,,,,,,,,,,,,,,,,,,,,,,,,,,,,,,,,,,,,,,,,,,,,,,,,,,,,,,,,,,,,,,,,,,,,,,,,,,,,,,,,0.9
