id,index,period,timestamp,minute,second,type_id,type_name,possession,possession_team_id,possession_team_name,play_pattern_id,play_pattern_name,team_id,team_name,duration,tactics,related_events_0,player_id,player_name,position_id,position_name,location_0,location_1,pass,carry,under_pressure,duel,miscontrol,ball_receipt,out,dribble,clearance,counterpress,interception,shot,goalkeeper_technique_id,goalkeeper_technique_name,goalkeeper_position_id,goalkeeper_position_name,goalkeeper_type_id,goalkeeper_type_name,goalkeeper_outcome_id,goalkeeper_outcome_name,off_camera,foul_won,foul_committed,injury_stoppage,ball_recovery,block,bad_behaviour,substitution,50_50,goalkeeper,related_events_1,carry_end_location_0,carry_end_location_1,pass_recipient_id,pass_recipient_name,pass_length,pass_angle,pass_height_id,pass_height_name,pass_end_location_0,pass_end_location_1,pass_body_part_id,pass_body_part_name,related_events_2,pass_outcome_id,pass_outcome_name,ball_receipt_outcome_id,ball_receipt_outcome_name,pass_type_id,pass_type_name,related_events,pass_assisted_shot_id,pass_shot_assist,shot_statsbomb_xg,shot_end_location_0,shot_end_location_1,shot_key_pass_id,shot_outcome_id,shot_outcome_name,shot_type_id,shot_type_name,shot_first_time,shot_technique_id,shot_technique_name,shot_body_part_id,shot_body_part_name,shot_freeze_frame_0_location_0,shot_freeze_frame_0_location_1,shot_freeze_frame_0_player_id,shot_freeze_frame_0_player_name,shot_freeze_frame_0_position_id,shot_freeze_frame_0_position_name,shot_freeze_frame_0_teammate,shot_freeze_frame_1_location_0,shot_freeze_frame_1_location_1,shot_freeze_frame_1_player_id,shot_freeze_frame_1_player_name,shot_freeze_frame_1_position_id,shot_freeze_frame_1_position_name,shot_freeze_frame_1_teammate,shot_freeze_frame_2_location_0,shot_freeze_frame_2_location_1,shot_freeze_frame_2_player_id,shot_freeze_frame_2_player_name,shot_freeze_frame_2_position_id,shot_freeze_frame_2_position_name,shot_freeze_frame_2_teammate,shot_freeze_frame_3_location_0,shot_freeze_frame_3_location_1,shot_freeze_frame_3_player_id,shot_freeze_frame_3_player_name,shot_freeze_frame_3_position_id,shot_freeze_frame_3_position_name,shot_freeze_frame_3_teammate,shot_freeze_frame_4_location_0,shot_freeze_frame_4_location_1,shot_freeze_frame_4_player_id,shot_freeze_frame_4_player_name,shot_freeze_frame_4_position_id,shot_freeze_frame_4_position_name,shot_freeze_frame_4_teammate,shot_freeze_frame_5_location_0,shot_freeze_frame_5_location_1,shot_freeze_frame_5_player_id,shot_freeze_frame_5_player_name,shot_freeze_frame_5_position_id,shot_freeze_frame_5_position_name,shot_freeze_frame_5_teammate,shot_freeze_frame_6_location_0,shot_freeze_frame_6_location_1,shot_freeze_frame_6_player_id,shot_freeze_frame_6_player_name,shot_freeze_frame_6_position_id,shot_freeze_frame_6_position_name,shot_freeze_frame_6_teammate,shot_freeze_frame_7_location_0,shot_freeze_frame_7_location_1,shot_freeze_frame_7_player_id,shot_freeze_frame_7_player_name,shot_freeze_frame_7_position_id,shot_freeze_frame_7_position_name,shot_freeze_frame_7_teammate,shot_freeze_frame_8_location_0,shot_freeze_frame_8_location_1,shot_freeze_frame_8_player_id,shot_freeze_frame_8_player_name,shot_freeze_frame_8_position_id,shot_freeze_frame_8_position_name,shot_freeze_frame_8_teammate,shot_freeze_frame_9_location_0,shot_freeze_frame_9_location_1,shot_freeze_frame_9_player_id,shot_freeze_frame_9_player_name,shot_freeze_frame_9_position_id,shot_freeze_frame_9_position_name,shot_freeze_frame_9_teammate,shot_freeze_frame_10_location_0,shot_freeze_frame_10_location_1,shot_freeze_frame_10_player_id,shot_freeze_frame_10_player_name,shot_freeze_frame_10_position_id,shot_freeze_frame_10_position_name,shot_freeze_frame_10_teammate,shot_freeze_frame_11_location_0,shot_freeze_frame_11_location_1,shot_freeze_frame_11_player_id,shot_freeze_frame_11_player_name,shot_freeze_frame_11_position_id,shot_freeze_frame_11_position_name,shot_freeze_frame_11_teammate,shot_freeze_frame_12_location_0,shot_freeze_frame_12_location_1,shot_freeze_frame_12_player_id,shot_freeze_frame_12_player_name,shot_freeze_frame_12_position_id,shot_freeze_frame_12_position_name,shot_freeze_frame_12_teammate,shot_freeze_frame_13_location_0,shot_freeze_frame_13_location_1,shot_freeze_frame_13_player_id,shot_freeze_frame_13_player_name,shot_freeze_frame_13_position_id,shot_freeze_frame_13_position_name,shot_freeze_frame_13_teammate,shot_freeze_frame_14_location_0,shot_freeze_frame_14_location_1,shot_freeze_frame_14_player_id,shot_freeze_frame_14_player_name,shot_freeze_frame_14_position_id,shot_freeze_frame_14_position_name,shot_freeze_frame_14_teammate,goalkeeper_end_location_0,goalkeeper_end_location_1,shot_end_location_2
bb352757-2178-4079-b36b-e23d0600d214,3500,2,00:39:17.638,84,17,23,Goal Keeper,148,217,Barcelona,5,Other,373,Córdoba CF,0.0,,62019d56-2230-499e-afa2-39b482a1693b,24255,Juan Carlos Martín Corral,1,Goalkeeper,1.0,40.0,,,,,,,,,,,,,45.0,Diving,44.0,Set,28.0,Penalty Conceded,55.0,No Touch,,,,,,,,,,,,,,,,,,,,,,,,,,,,,,,,,,,,,,,,,,,,,,,,,,,,,,,,,,,,,,,,,,,,,,,,,,,,,,,,,,,,,,,,,,,,,,,,,,,,,,,,,,,,,,,,,,,,,,,,,,,,,,,,,,,,,,,,,,,,,,,,,,,,,,,,,,
fc23005f-07d3-4363-a426-3663c9ed50c5,3505,2,00:40:07.266,85,7,2,Ball Recovery,150,217,Barcelona,1,Regular Play,217,Barcelona,0.0,,5d5ee5cc-cbed-434b-bc69-6c90d74816da,3958,Pedro Eliezer Rodríguez Ledesma,13,Right Center Midfield,72.2,63.7,,,,,,,,,,,,,,,,,,,,,,,,,,,,,,,,,,,,,,,,,,,,,,,,,,,,,,,,,,,,,,,,,,,,,,,,,,,,,,,,,,,,,,,,,,,,,,,,,,,,,,,,,,,,,,,,,,,,,,,,,,,,,,,,,,,,,,,,,,,,,,,,,,,,,,,,,,,,,,,,,,,,,,,,,,,,,,
cf0214a4-aff2-43ae-b46f-34d97a523c9b,3506,2,00:40:07.266,85,7,43,Carry,150,217,Barcelona,1,Regular Play,217,Barcelona,1.211052,,8e3e203d-0c87-47e9-a80d-b8733a0043aa,3958,Pedro Eliezer Rodríguez Ledesma,13,Right Center Midfield,72.2,63.7,,,,,,,,,,,,,,,,,,,,,,,,,,,,,,,fc23005f-07d3-4363-a426-3663c9ed50c5,73.4,59.7,,,,,,,,,,,,,,,,,,,,,,,,,,,,,,,,,,,,,,,,,,,,,,,,,,,,,,,,,,,,,,,,,,,,,,,,,,,,,,,,,,,,,,,,,,,,,,,,,,,,,,,,,,,,,,,,,,,,,,,,,,,,,,,,,,,,,,,,,,,,,
8e3e203d-0c87-47e9-a80d-b8733a0043aa,3507,2,00:40:08.477,85,8,30,Pass,150,217,Barcelona,1,Regular Play,217,Barcelona,1.076017,,f749d2eb-c8cf-4911-9fc8-1c3d1d3d0165,3958,Pedro Eliezer Rodríguez Ledesma,13,Right Center Midfield,73.4,59.7,,,,,,,,,,,,,,,,,,,,,,,,,,,,,,,,,,5503.0,Lionel Andrés Messi Cuccittini,12.549502,-0.85871285,2.0,Low Pass,81.6,50.2,38.0,Left Foot,,,,,,,,,,,,,,,,,,,,,,,,,,,,,,,,,,,,,,,,,,,,,,,,,,,,,,,,,,,,,,,,,,,,,,,,,,,,,,,,,,,,,,,,,,,,,,,,,,,,,,,,,,,,,,,,,,,,,,,,,,,,,,,,,,,
25cfbe38-06ad-4907-8021-880a9e89782e,3508,2,00:40:09.322,85,9,17,Pressure,150,217,Barcelona,1,Regular Play,373,Córdoba CF,1.5674,,6cfeebd8-2385-4dc6-ab35-5aa1277c0d38,24811,David Omar Rodríguez Barrera,11,Left Defensive Midfield,41.7,32.3,,,,,,,,,,True,,,,,,,,,,,,,,,,,,,,,b1202dbe-2af8-449e-a7bf-7ad0d6c7f9f9,,,,,,,,,,,,,f749d2eb-c8cf-4911-9fc8-1c3d1d3d0165,,,,,,,,,,,,,,,,,,,,,,,,,,,,,,,,,,,,,,,,,,,,,,,,,,,,,,,,,,,,,,,,,,,,,,,,,,,,,,,,,,,,,,,,,,,,,,,,,,,,,,,,,,,,,,,,,,,,,,,,,,,,,,,,,,
f749d2eb-c8cf-4911-9fc8-1c3d1d3d0165,3509,2,00:40:09.553,85,9,42,Ball Receipt*,150,217,Barcelona,1,Regular Play,217,Barcelona,,,25cfbe38-06ad-4907-8021-880a9e89782e,5503,Lionel Andrés Messi Cuccittini,17,Right Wing,81.6,50.2,,,True,,,,,,,,,,,,,,,,,,,,,,,,,,,,8e3e203d-0c87-47e9-a80d-b8733a0043aa,,,,,,,,,,,,,,,,,,,,,,,,,,,,,,,,,,,,,,,,,,,,,,,,,,,,,,,,,,,,,,,,,,,,,,,,,,,,,,,,,,,,,,,,,,,,,,,,,,,,,,,,,,,,,,,,,,,,,,,,,,,,,,,,,,,,,,,,,,,,,,,
b1202dbe-2af8-449e-a7bf-7ad0d6c7f9f9,3510,2,00:40:09.553,85,9,43,Carry,150,217,Barcelona,1,Regular Play,217,Barcelona,1.328704,,25cfbe38-06ad-4907-8021-880a9e89782e,5503,Lionel Andrés Messi Cuccittini,17,Right Wing,81.6,50.2,,,True,,,,,,,,,,,,,,,,,,,,,,,,,,,,6cfeebd8-2385-4dc6-ab35-5aa1277c0d38,79.5,51.7,,,,,,,,,,,f749d2eb-c8cf-4911-9fc8-1c3d1d3d0165,,,,,,,,,,,,,,,,,,,,,,,,,,,,,,,,,,,,,,,,,,,,,,,,,,,,,,,,,,,,,,,,,,,,,,,,,,,,,,,,,,,,,,,,,,,,,,,,,,,,,,,,,,,,,,,,,,,,,,,,,,,,,,,,,,
6cfeebd8-2385-4dc6-ab35-5aa1277c0d38,3511,2,00:40:10.882,85,10,30,Pass,150,217,Barcelona,1,Regular Play,217,Barcelona,1.314653,,25cfbe38-06ad-4907-8021-880a9e89782e,5503,Lionel Andrés Messi Cuccittini,17,Right Wing,79.5,51.7,,,True,,,,,,,,,,,,,,,,,,,,,,,,,,,,8ce9b70a-afac-42be-9bbd-22cd08c78313,,,3958.0,Pedro Eliezer Rodríguez Ledesma,21.892921,1.0601486,1.0,Ground Pass,90.2,70.8,38.0,Left Foot,,,,,,,,,,,,,,,,,,,,,,,,,,,,,,,,,,,,,,,,,,,,,,,,,,,,,,,,,,,,,,,,,,,,,,,,,,,,,,,,,,,,,,,,,,,,,,,,,,,,,,,,,,,,,,,,,,,,,,,,,,,,,,,,,,,
8ce9b70a-afac-42be-9bbd-22cd08c78313,3512,2,00:40:12.196,85,12,42,Ball Receipt*,150,217,Barcelona,1,Regular Play,217,Barcelona,,,6cfeebd8-2385-4dc6-ab35-5aa1277c0d38,3958,Pedro Eliezer Rodríguez Ledesma,13,Right Center Midfield,90.2,70.8,,,,,,,,,,,,,,,,,,,,,,,,,,,,,,,,,,,,,,,,,,,,,,,,,,,,,,,,,,,,,,,,,,,,,,,,,,,,,,,,,,,,,,,,,,,,,,,,,,,,,,,,,,,,,,,,,,,,,,,,,,,,,,,,,,,,,,,,,,,,,,,,,,,,,,,,,,,,,,,,,,,,,,,,,,,,,,
5281cf5f-ff4b-41ad-8058-4f3ac8960fe8,3513,2,00:40:12.196,85,12,43,Carry,150,217,Barcelona,1,Regular Play,217,Barcelona,2.531926,,0b018e63-5366-4a35-922a-d47e680c931b,3958,Pedro Eliezer Rodríguez Ledesma,13,Right Center Midfield,90.2,70.8,,,True,,,,,,,,,,,,,,,,,,,,,,,,,,,,8ce9b70a-afac-42be-9bbd-22cd08c78313,97.5,68.5,,,,,,,,,,,e4ee222e-730b-4898-acbd-f40c22f26056,,,,,,,,,,,,,,,,,,,,,,,,,,,,,,,,,,,,,,,,,,,,,,,,,,,,,,,,,,,,,,,,,,,,,,,,,,,,,,,,,,,,,,,,,,,,,,,,,,,,,,,,,,,,,,,,,,,,,,,,,,,,,,,,,,
0b018e63-5366-4a35-922a-d47e680c931b,3514,2,00:40:13.471,85,13,17,Pressure,150,217,Barcelona,1,Regular Play,373,Córdoba CF,1.1508,,5281cf5f-ff4b-41ad-8058-4f3ac8960fe8,24136,Federico Vico Villegas,17,Right Wing,27.2,15.6,,,,,,,,,,,,,,,,,,,,,,,,,,,,,,,,,,,,,,,,,,,,,,,,,,,,,,,,,,,,,,,,,,,,,,,,,,,,,,,,,,,,,,,,,,,,,,,,,,,,,,,,,,,,,,,,,,,,,,,,,,,,,,,,,,,,,,,,,,,,,,,,,,,,,,,,,,,,,,,,,,,,,,,,,,,,,,
e4ee222e-730b-4898-acbd-f40c22f26056,3515,2,00:40:14.728,85,14,30,Pass,150,217,Barcelona,1,Regular Play,217,Barcelona,1.904228,,782c466d-92b5-4c15-8f8a-fe329857e3fa,3958,Pedro Eliezer Rodríguez Ledesma,13,Right Center Midfield,97.5,68.5,,,,,,,,,,,,,,,,,,,,,,,,,,,,,,,,,,4324.0,Daniel Alves da Silva,25.266975,-3.0265648,1.0,Ground Pass,72.4,65.6,38.0,Left Foot,,,,,,,,,,,,,,,,,,,,,,,,,,,,,,,,,,,,,,,,,,,,,,,,,,,,,,,,,,,,,,,,,,,,,,,,,,,,,,,,,,,,,,,,,,,,,,,,,,,,,,,,,,,,,,,,,,,,,,,,,,,,,,,,,,,
782c466d-92b5-4c15-8f8a-fe329857e3fa,3516,2,00:40:16.632,85,16,42,Ball Receipt*,150,217,Barcelona,1,Regular Play,217,Barcelona,,,e4ee222e-730b-4898-acbd-f40c22f26056,4324,Daniel Alves da Silva,2,Right Back,72.4,65.6,,,,,,,,,,,,,,,,,,,,,,,,,,,,,,,,,,,,,,,,,,,,,,,,,,,,,,,,,,,,,,,,,,,,,,,,,,,,,,,,,,,,,,,,,,,,,,,,,,,,,,,,,,,,,,,,,,,,,,,,,,,,,,,,,,,,,,,,,,,,,,,,,,,,,,,,,,,,,,,,,,,,,,,,,,,,,,
e189dc78-522c-4bab-b835-b136487e7d32,3517,2,00:40:16.632,85,16,43,Carry,150,217,Barcelona,1,Regular Play,217,Barcelona,2.398472,,782c466d-92b5-4c15-8f8a-fe329857e3fa,4324,Daniel Alves da Silva,2,Right Back,72.4,65.6,,,,,,,,,,,,,,,,,,,,,,,,,,,,,,,9a2a4351-f4f9-4409-bd25-4d103006fd62,89.9,67.1,,,,,,,,,,,,,,,,,,,,,,,,,,,,,,,,,,,,,,,,,,,,,,,,,,,,,,,,,,,,,,,,,,,,,,,,,,,,,,,,,,,,,,,,,,,,,,,,,,,,,,,,,,,,,,,,,,,,,,,,,,,,,,,,,,,,,,,,,,,,,
9a2a4351-f4f9-4409-bd25-4d103006fd62,3518,2,00:40:19.031,85,19,30,Pass,150,217,Barcelona,1,Regular Play,217,Barcelona,0.690516,,c322e17f-343d-4f0d-b0a8-e99e23755334,4324,Daniel Alves da Silva,2,Right Back,89.9,67.1,,,,,,,,,,,,,,,,,,,,,,,,,,,,,,,,,,3958.0,Pedro Eliezer Rodríguez Ledesma,7.5894666,-1.2490457,1.0,Ground Pass,92.3,59.9,40.0,Right Foot,,,,,,,,,,,,,,,,,,,,,,,,,,,,,,,,,,,,,,,,,,,,,,,,,,,,,,,,,,,,,,,,,,,,,,,,,,,,,,,,,,,,,,,,,,,,,,,,,,,,,,,,,,,,,,,,,,,,,,,,,,,,,,,,,,,
c322e17f-343d-4f0d-b0a8-e99e23755334,3519,2,00:40:19.721,85,19,42,Ball Receipt*,150,217,Barcelona,1,Regular Play,217,Barcelona,,,9a2a4351-f4f9-4409-bd25-4d103006fd62,3958,Pedro Eliezer Rodríguez Ledesma,13,Right Center Midfield,92.3,59.9,,,,,,,,,,,,,,,,,,,,,,,,,,,,,,,,,,,,,,,,,,,,,,,,,,,,,,,,,,,,,,,,,,,,,,,,,,,,,,,,,,,,,,,,,,,,,,,,,,,,,,,,,,,,,,,,,,,,,,,,,,,,,,,,,,,,,,,,,,,,,,,,,,,,,,,,,,,,,,,,,,,,,,,,,,,,,,
099b9b0e-95ca-45d1-b9c0-de8d50dab20f,3520,2,00:40:19.721,85,19,43,Carry,150,217,Barcelona,1,Regular Play,217,Barcelona,1.189884,,0c44a675-2193-4e1d-a482-f6b3eb955d18,3958,Pedro Eliezer Rodríguez Ledesma,13,Right Center Midfield,92.3,59.9,,,,,,,,,,,,,,,,,,,,,,,,,,,,,,,c322e17f-343d-4f0d-b0a8-e99e23755334,92.3,59.9,,,,,,,,,,,,,,,,,,,,,,,,,,,,,,,,,,,,,,,,,,,,,,,,,,,,,,,,,,,,,,,,,,,,,,,,,,,,,,,,,,,,,,,,,,,,,,,,,,,,,,,,,,,,,,,,,,,,,,,,,,,,,,,,,,,,,,,,,,,,,
0c44a675-2193-4e1d-a482-f6b3eb955d18,3521,2,00:40:20.911,85,20,30,Pass,150,217,Barcelona,1,Regular Play,217,Barcelona,0.779391,,b8657081-dcae-4edd-b0b1-468c2865e6b8,3958,Pedro Eliezer Rodríguez Ledesma,13,Right Center Midfield,92.3,59.9,,,,,,,,,,,,,,,,,,,,,,,,,,,,,,,,,,5503.0,Lionel Andrés Messi Cuccittini,9.330059,-1.9094944,1.0,Ground Pass,89.2,51.1,40.0,Right Foot,,,,,,,,,,,,,,,,,,,,,,,,,,,,,,,,,,,,,,,,,,,,,,,,,,,,,,,,,,,,,,,,,,,,,,,,,,,,,,,,,,,,,,,,,,,,,,,,,,,,,,,,,,,,,,,,,,,,,,,,,,,,,,,,,,,
0d6471b7-8a6b-49b1-927d-10a16a13bd6d,3522,2,00:40:21.497,85,21,17,Pressure,150,217,Barcelona,1,Regular Play,373,Córdoba CF,0.8868,,18ce06f9-f453-49a5-a5f0-aae7dd458862,24811,David Omar Rodríguez Barrera,11,Left Defensive Midfield,28.3,26.5,,,,,,,,,,,,,,,,,,,,,,,,,,,,,,,b8657081-dcae-4edd-b0b1-468c2865e6b8,,,,,,,,,,,,,,,,,,,,,,,,,,,,,,,,,,,,,,,,,,,,,,,,,,,,,,,,,,,,,,,,,,,,,,,,,,,,,,,,,,,,,,,,,,,,,,,,,,,,,,,,,,,,,,,,,,,,,,,,,,,,,,,,,,,,,,,,,,,,,,,
b8657081-dcae-4edd-b0b1-468c2865e6b8,3523,2,00:40:21.691,85,21,42,Ball Receipt*,150,217,Barcelona,1,Regular Play,217,Barcelona,,,0c44a675-2193-4e1d-a482-f6b3eb955d18,5503,Lionel Andrés Messi Cuccittini,17,Right Wing,89.2,51.1,,,True,,,,,,,,,,,,,,,,,,,,,,,,,,,,0d6471b7-8a6b-49b1-927d-10a16a13bd6d,,,,,,,,,,,,,,,,,,,,,,,,,,,,,,,,,,,,,,,,,,,,,,,,,,,,,,,,,,,,,,,,,,,,,,,,,,,,,,,,,,,,,,,,,,,,,,,,,,,,,,,,,,,,,,,,,,,,,,,,,,,,,,,,,,,,,,,,,,,,,,,
18ce06f9-f453-49a5-a5f0-aae7dd458862,3524,2,00:40:21.691,85,21,43,Carry,150,217,Barcelona,1,Regular Play,217,Barcelona,0.874109,,0d6471b7-8a6b-49b1-927d-10a16a13bd6d,5503,Lionel Andrés Messi Cuccittini,17,Right Wing,89.2,51.1,,,True,,,,,,,,,,,,,,,,,,,,,,,,,,,,682a38db-9173-4b10-9fb5-696f6381b693,89.6,51.4,,,,,,,,,,,b8657081-dcae-4edd-b0b1-468c2865e6b8,,,,,,,,,,,,,,,,,,,,,,,,,,,,,,,,,,,,,,,,,,,,,,,,,,,,,,,,,,,,,,,,,,,,,,,,,,,,,,,,,,,,,,,,,,,,,,,,,,,,,,,,,,,,,,,,,,,,,,,,,,,,,,,,,,
682a38db-9173-4b10-9fb5-696f6381b693,3525,2,00:40:22.565,85,22,30,Pass,150,217,Barcelona,1,Regular Play,217,Barcelona,2.411772,,b04a63a6-422a-4bfa-b2cd-4dd7a7033b40,5503,Lionel Andrés Messi Cuccittini,17,Right Wing,89.6,51.4,,,,,,,,,,,,,,,,,,,,,,,,,,,,,,,c9c25314-22b1-4303-ad5a-92c0abddb2a2,,,4320.0,Neymar da Silva Santos Junior,25.849566,-0.5815649,3.0,High Pass,111.2,37.2,38.0,Left Foot,,9.0,Incomplete,,,,,,,,,,,,,,,,,,,,,,,,,,,,,,,,,,,,,,,,,,,,,,,,,,,,,,,,,,,,,,,,,,,,,,,,,,,,,,,,,,,,,,,,,,,,,,,,,,,,,,,,,,,,,,,,,,,,,,,,,,,,,,,,
c9c25314-22b1-4303-ad5a-92c0abddb2a2,3526,2,00:40:24.977,85,24,42,Ball Receipt*,150,217,Barcelona,1,Regular Play,217,Barcelona,,,682a38db-9173-4b10-9fb5-696f6381b693,4320,Neymar da Silva Santos Junior,21,Left Wing,109.4,37.2,,,,,,,,,,,,,,,,,,,,,,,,,,,,,,,,,,,,,,,,,,,,,,,9.0,Incomplete,,,,,,,,,,,,,,,,,,,,,,,,,,,,,,,,,,,,,,,,,,,,,,,,,,,,,,,,,,,,,,,,,,,,,,,,,,,,,,,,,,,,,,,,,,,,,,,,,,,,,,,,,,,,,,,,,,,,,,,,,,,,,,
b04a63a6-422a-4bfa-b2cd-4dd7a7033b40,3527,2,00:40:24.977,85,24,2,Ball Recovery,150,217,Barcelona,1,Regular Play,373,Córdoba CF,0.0,,682a38db-9173-4b10-9fb5-696f6381b693,24255,Juan Carlos Martín Corral,1,Goalkeeper,8.9,42.9,,,,,,,,,,,,,,,,,,,,,,,,,,,,,,,,,,,,,,,,,,,,,,,,,,,,,,,,,,,,,,,,,,,,,,,,,,,,,,,,,,,,,,,,,,,,,,,,,,,,,,,,,,,,,,,,,,,,,,,,,,,,,,,,,,,,,,,,,,,,,,,,,,,,,,,,,,,,,,,,,,,,,,,,,,,,,,
ce3c9531-c0d3-4a34-b572-7d29efc4418e,3528,2,00:40:24.977,85,24,43,Carry,150,217,Barcelona,1,Regular Play,373,Córdoba CF,13.153128,,b04a63a6-422a-4bfa-b2cd-4dd7a7033b40,24255,Juan Carlos Martín Corral,1,Goalkeeper,8.9,42.9,,,,,,,,,,,,,,,,,,,,,,,,,,,,,,,ca310b49-3c09-4e87-867a-12a78d1c5217,16.1,43.5,,,,,,,,,,,,,,,,,,,,,,,,,,,,,,,,,,,,,,,,,,,,,,,,,,,,,,,,,,,,,,,,,,,,,,,,,,,,,,,,,,,,,,,,,,,,,,,,,,,,,,,,,,,,,,,,,,,,,,,,,,,,,,,,,,,,,,,,,,,,,
ca310b49-3c09-4e87-867a-12a78d1c5217,3529,2,00:40:38.130,85,38,30,Pass,150,217,Barcelona,1,Regular Play,373,Córdoba CF,3.541336,,05fac687-d24a-4e6c-9a40-f4b50b88bbe9,24255,Juan Carlos Martín Corral,1,Goalkeeper,16.1,43.5,,,,,,,,,,,,,,,,,,,,,,,,,,,,,,,,,,,,71.91231,0.2486886,3.0,High Pass,85.8,61.2,40.0,Right Foot,,9.0,Incomplete,,,,,,,,,,,,,,,,,,,,,,,,,,,,,,,,,,,,,,,,,,,,,,,,,,,,,,,,,,,,,,,,,,,,,,,,,,,,,,,,,,,,,,,,,,,,,,,,,,,,,,,,,,,,,,,,,,,,,,,,,,,,,,,,
05fac687-d24a-4e6c-9a40-f4b50b88bbe9,3530,2,00:40:41.671,85,41,2,Ball Recovery,150,217,Barcelona,1,Regular Play,217,Barcelona,0.0,,ca310b49-3c09-4e87-867a-12a78d1c5217,5211,Jordi Alba Ramos,6,Left Back,34.3,18.9,,,,,,,,,,,,,,,,,,,,,,,,,,,,,,,,,,,,,,,,,,,,,,,,,,,,,,,,,,,,,,,,,,,,,,,,,,,,,,,,,,,,,,,,,,,,,,,,,,,,,,,,,,,,,,,,,,,,,,,,,,,,,,,,,,,,,,,,,,,,,,,,,,,,,,,,,,,,,,,,,,,,,,,,,,,,,,
aecea1c0-64df-472e-bdbe-10e4eae48f4e,3531,2,00:40:41.671,85,41,43,Carry,150,217,Barcelona,1,Regular Play,217,Barcelona,1.312464,,05fac687-d24a-4e6c-9a40-f4b50b88bbe9,5211,Jordi Alba Ramos,6,Left Back,34.3,18.9,,,,,,,,,,,,,,,,,,,,,,,,,,,,,,,9e4c4199-97c1-4bdd-afa4-5826036335f6,25.8,19.5,,,,,,,,,,,,,,,,,,,,,,,,,,,,,,,,,,,,,,,,,,,,,,,,,,,,,,,,,,,,,,,,,,,,,,,,,,,,,,,,,,,,,,,,,,,,,,,,,,,,,,,,,,,,,,,,,,,,,,,,,,,,,,,,,,,,,,,,,,,,,
9e4c4199-97c1-4bdd-afa4-5826036335f6,3532,2,00:40:42.984,85,42,30,Pass,150,217,Barcelona,1,Regular Play,217,Barcelona,1.518582,,7a4174b5-9ecf-4430-a1d7-751d1ca26aa6,5211,Jordi Alba Ramos,6,Left Back,25.8,19.5,,,,,,,,,,,,,,,,,,,,,,,,,,,,,,,,,,4691.0,Claudio Andrés Bravo Muñoz,22.032022,2.417212,1.0,Ground Pass,9.3,34.1,40.0,Right Foot,,,,,,,,,,,,,,,,,,,,,,,,,,,,,,,,,,,,,,,,,,,,,,,,,,,,,,,,,,,,,,,,,,,,,,,,,,,,,,,,,,,,,,,,,,,,,,,,,,,,,,,,,,,,,,,,,,,,,,,,,,,,,,,,,,,
7a4174b5-9ecf-4430-a1d7-751d1ca26aa6,3533,2,00:40:44.502,85,44,42,Ball Receipt*,150,217,Barcelona,1,Regular Play,217,Barcelona,,,9e4c4199-97c1-4bdd-afa4-5826036335f6,4691,Claudio Andrés Bravo Muñoz,1,Goalkeeper,9.3,34.1,,,,,,,,,,,,,,,,,,,,,,,,,,,,,,,,,,,,,,,,,,,,,,,,,,,,,,,,,,,,,,,,,,,,,,,,,,,,,,,,,,,,,,,,,,,,,,,,,,,,,,,,,,,,,,,,,,,,,,,,,,,,,,,,,,,,,,,,,,,,,,,,,,,,,,,,,,,,,,,,,,,,,,,,,,,,,,
01b84ed6-cb0a-461a-9db7-83308fad4c21,3534,2,00:40:44.502,85,44,43,Carry,150,217,Barcelona,1,Regular Play,217,Barcelona,1.647918,,606056b4-2c15-432f-b26c-922e7fabed6c,4691,Claudio Andrés Bravo Muñoz,1,Goalkeeper,9.3,34.1,,,,,,,,,,,,,,,,,,,,,,,,,,,,,,,7a4174b5-9ecf-4430-a1d7-751d1ca26aa6,9.3,34.1,,,,,,,,,,,,,,,,,,,,,,,,,,,,,,,,,,,,,,,,,,,,,,,,,,,,,,,,,,,,,,,,,,,,,,,,,,,,,,,,,,,,,,,,,,,,,,,,,,,,,,,,,,,,,,,,,,,,,,,,,,,,,,,,,,,,,,,,,,,,,
606056b4-2c15-432f-b26c-922e7fabed6c,3535,2,00:40:46.150,85,46,30,Pass,150,217,Barcelona,1,Regular Play,217,Barcelona,1.642035,,9801ec0b-31cd-477d-97c1-c90ce97ba782,4691,Claudio Andrés Bravo Muñoz,1,Goalkeeper,9.3,34.1,,,,,,,,,,,,,,,,,,,,,,,,,,,,,,,,,,5213.0,Gerard Piqué Bernabéu,13.682105,0.66104317,1.0,Ground Pass,20.1,42.5,40.0,Right Foot,,,,,,,,,,,,,,,,,,,,,,,,,,,,,,,,,,,,,,,,,,,,,,,,,,,,,,,,,,,,,,,,,,,,,,,,,,,,,,,,,,,,,,,,,,,,,,,,,,,,,,,,,,,,,,,,,,,,,,,,,,,,,,,,,,,
9801ec0b-31cd-477d-97c1-c90ce97ba782,3536,2,00:40:47.792,85,47,42,Ball Receipt*,150,217,Barcelona,1,Regular Play,217,Barcelona,,,606056b4-2c15-432f-b26c-922e7fabed6c,5213,Gerard Piqué Bernabéu,3,Right Center Back,20.1,42.5,,,,,,,,,,,,,,,,,,,,,,,,,,,,,,,,,,,,,,,,,,,,,,,,,,,,,,,,,,,,,,,,,,,,,,,,,,,,,,,,,,,,,,,,,,,,,,,,,,,,,,,,,,,,,,,,,,,,,,,,,,,,,,,,,,,,,,,,,,,,,,,,,,,,,,,,,,,,,,,,,,,,,,,,,,,,,,
0e1905b7-cc34-4fb4-b82b-a3a3c656527c,3537,2,00:40:47.792,85,47,43,Carry,150,217,Barcelona,1,Regular Play,217,Barcelona,1.487565,,9801ec0b-31cd-477d-97c1-c90ce97ba782,5213,Gerard Piqué Bernabéu,3,Right Center Back,20.1,42.5,,,,,,,,,,,,,,,,,,,,,,,,,,,,,,,a9bbdeca-8c84-47f4-8374-554c1a1efc4e,26.7,47.2,,,,,,,,,,,,,,,,,,,,,,,,,,,,,,,,,,,,,,,,,,,,,,,,,,,,,,,,,,,,,,,,,,,,,,,,,,,,,,,,,,,,,,,,,,,,,,,,,,,,,,,,,,,,,,,,,,,,,,,,,,,,,,,,,,,,,,,,,,,,,
a9bbdeca-8c84-47f4-8374-554c1a1efc4e,3538,2,00:40:49.280,85,49,30,Pass,150,217,Barcelona,1,Regular Play,217,Barcelona,1.569336,,1c02d0a4-5dc5-4b7f-89c8-6bb7b53ac956,5213,Gerard Piqué Bernabéu,3,Right Center Back,26.7,47.2,,,,,,,,,,,,,,,,,,,,,,,,,,,,,,,,,,20131.0,Xavier Hernández Creus,17.448496,0.07457409,1.0,Ground Pass,44.1,48.5,40.0,Right Foot,,,,,,,,,,,,,,,,,,,,,,,,,,,,,,,,,,,,,,,,,,,,,,,,,,,,,,,,,,,,,,,,,,,,,,,,,,,,,,,,,,,,,,,,,,,,,,,,,,,,,,,,,,,,,,,,,,,,,,,,,,,,,,,,,,,
1c02d0a4-5dc5-4b7f-89c8-6bb7b53ac956,3539,2,00:40:50.849,85,50,42,Ball Receipt*,150,217,Barcelona,1,Regular Play,217,Barcelona,,,a9bbdeca-8c84-47f4-8374-554c1a1efc4e,20131,Xavier Hernández Creus,15,Left Center Midfield,44.1,48.5,,,,,,,,,,,,,,,,,,,,,,,,,,,,,,,,,,,,,,,,,,,,,,,,,,,,,,,,,,,,,,,,,,,,,,,,,,,,,,,,,,,,,,,,,,,,,,,,,,,,,,,,,,,,,,,,,,,,,,,,,,,,,,,,,,,,,,,,,,,,,,,,,,,,,,,,,,,,,,,,,,,,,,,,,,,,,,
102df5f9-beb0-4c2b-b369-d86f014c7993,3540,2,00:40:50.849,85,50,43,Carry,150,217,Barcelona,1,Regular Play,217,Barcelona,0.557262,,1c02d0a4-5dc5-4b7f-89c8-6bb7b53ac956,20131,Xavier Hernández Creus,15,Left Center Midfield,44.1,48.5,,,,,,,,,,,,,,,,,,,,,,,,,,,,,,,9a8c72bf-303c-4ac4-90aa-f3bb2132b974,44.1,48.5,,,,,,,,,,,,,,,,,,,,,,,,,,,,,,,,,,,,,,,,,,,,,,,,,,,,,,,,,,,,,,,,,,,,,,,,,,,,,,,,,,,,,,,,,,,,,,,,,,,,,,,,,,,,,,,,,,,,,,,,,,,,,,,,,,,,,,,,,,,,,
9a8c72bf-303c-4ac4-90aa-f3bb2132b974,3541,2,00:40:51.406,85,51,30,Pass,150,217,Barcelona,1,Regular Play,217,Barcelona,1.354897,,04fa9fab-fb47-458e-9df6-2f35b708238e,20131,Xavier Hernández Creus,15,Left Center Midfield,44.1,48.5,,,,,,,,,,,,,,,,,,,,,,,,,,,,,,,,,,4324.0,Daniel Alves da Silva,17.81011,1.7858112,1.0,Ground Pass,40.3,65.9,40.0,Right Foot,,,,,,,,,,,,,,,,,,,,,,,,,,,,,,,,,,,,,,,,,,,,,,,,,,,,,,,,,,,,,,,,,,,,,,,,,,,,,,,,,,,,,,,,,,,,,,,,,,,,,,,,,,,,,,,,,,,,,,,,,,,,,,,,,,,
04fa9fab-fb47-458e-9df6-2f35b708238e,3542,2,00:40:52.761,85,52,42,Ball Receipt*,150,217,Barcelona,1,Regular Play,217,Barcelona,,,9a8c72bf-303c-4ac4-90aa-f3bb2132b974,4324,Daniel Alves da Silva,2,Right Back,40.3,65.9,,,,,,,,,,,,,,,,,,,,,,,,,,,,,,,,,,,,,,,,,,,,,,,,,,,,,,,,,,,,,,,,,,,,,,,,,,,,,,,,,,,,,,,,,,,,,,,,,,,,,,,,,,,,,,,,,,,,,,,,,,,,,,,,,,,,,,,,,,,,,,,,,,,,,,,,,,,,,,,,,,,,,,,,,,,,,,
2a3feecd-0d12-4bb8-afd6-01be55254bcb,3543,2,00:40:52.761,85,52,43,Carry,150,217,Barcelona,1,Regular Play,217,Barcelona,1.27333,,04fa9fab-fb47-458e-9df6-2f35b708238e,4324,Daniel Alves da Silva,2,Right Back,40.3,65.9,,,,,,,,,,,,,,,,,,,,,,,,,,,,,,,58a96277-bb03-4ba3-abe8-e7433272012e,42.0,63.9,,,,,,,,,,,,,,,,,,,,,,,,,,,,,,,,,,,,,,,,,,,,,,,,,,,,,,,,,,,,,,,,,,,,,,,,,,,,,,,,,,,,,,,,,,,,,,,,,,,,,,,,,,,,,,,,,,,,,,,,,,,,,,,,,,,,,,,,,,,,,
58a96277-bb03-4ba3-abe8-e7433272012e,3544,2,00:40:54.034,85,54,30,Pass,150,217,Barcelona,1,Regular Play,217,Barcelona,2.296578,,9ef6edd5-0630-4c8a-b16b-ffbc5ad806ed,4324,Daniel Alves da Silva,2,Right Back,42.0,63.9,,,,,,,,,,,,,,,,,,,,,,,,,,,,,,,,,,10609.0,Jérémy Mathieu,36.01111,-1.7834413,3.0,High Pass,34.4,28.7,40.0,Right Foot,,,,,,,,,,,,,,,,,,,,,,,,,,,,,,,,,,,,,,,,,,,,,,,,,,,,,,,,,,,,,,,,,,,,,,,,,,,,,,,,,,,,,,,,,,,,,,,,,,,,,,,,,,,,,,,,,,,,,,,,,,,,,,,,,,,
9ef6edd5-0630-4c8a-b16b-ffbc5ad806ed,3545,2,00:40:56.331,85,56,42,Ball Receipt*,150,217,Barcelona,1,Regular Play,217,Barcelona,,,58a96277-bb03-4ba3-abe8-e7433272012e,10609,Jérémy Mathieu,5,Left Center Back,34.4,28.7,,,,,,,,,,,,,,,,,,,,,,,,,,,,,,,,,,,,,,,,,,,,,,,,,,,,,,,,,,,,,,,,,,,,,,,,,,,,,,,,,,,,,,,,,,,,,,,,,,,,,,,,,,,,,,,,,,,,,,,,,,,,,,,,,,,,,,,,,,,,,,,,,,,,,,,,,,,,,,,,,,,,,,,,,,,,,,
d4528a22-2adb-4d66-983c-fa694db44bb6,3546,2,00:40:56.331,85,56,43,Carry,150,217,Barcelona,1,Regular Play,217,Barcelona,1.687172,,0485e86e-9a45-4dbf-884e-16c28cde91a6,10609,Jérémy Mathieu,5,Left Center Back,34.4,28.7,,,True,,,,,,,,,,,,,,,,,,,,,,,,,,,,9ef6edd5-0630-4c8a-b16b-ffbc5ad806ed,34.4,25.8,,,,,,,,,,,f68f05f3-7cf9-4fb0-ae7d-8e7d4e2aae55,,,,,,,,,,,,,,,,,,,,,,,,,,,,,,,,,,,,,,,,,,,,,,,,,,,,,,,,,,,,,,,,,,,,,,,,,,,,,,,,,,,,,,,,,,,,,,,,,,,,,,,,,,,,,,,,,,,,,,,,,,,,,,,,,,
f68f05f3-7cf9-4fb0-ae7d-8e7d4e2aae55,3547,2,00:40:56.602,85,56,17,Pressure,150,217,Barcelona,1,Regular Play,373,Córdoba CF,1.3447,,d4528a22-2adb-4d66-983c-fa694db44bb6,27236,Patrick Claude Ekeng Ekeng,19,Center Attacking Midfield,80.0,48.4,,,,,,,,,,,,,,,,,,,,,,,,,,,,,,,,,,,,,,,,,,,,,,,,,,,,,,,,,,,,,,,,,,,,,,,,,,,,,,,,,,,,,,,,,,,,,,,,,,,,,,,,,,,,,,,,,,,,,,,,,,,,,,,,,,,,,,,,,,,,,,,,,,,,,,,,,,,,,,,,,,,,,,,,,,,,,,
0485e86e-9a45-4dbf-884e-16c28cde91a6,3548,2,00:40:58.018,85,58,30,Pass,150,217,Barcelona,1,Regular Play,217,Barcelona,1.318507,,2c271e5d-7cc8-4173-a05d-cd0e5e218f69,10609,Jérémy Mathieu,5,Left Center Back,34.4,25.8,,,,,,,,,,,,,,,,,,,,,,,,,,,,,,,,,,5211.0,Jordi Alba Ramos,21.132202,-1.1876538,1.0,Ground Pass,42.3,6.2,38.0,Left Foot,,,,,,,,,,,,,,,,,,,,,,,,,,,,,,,,,,,,,,,,,,,,,,,,,,,,,,,,,,,,,,,,,,,,,,,,,,,,,,,,,,,,,,,,,,,,,,,,,,,,,,,,,,,,,,,,,,,,,,,,,,,,,,,,,,,
2c271e5d-7cc8-4173-a05d-cd0e5e218f69,3549,2,00:40:59.337,85,59,42,Ball Receipt*,150,217,Barcelona,1,Regular Play,217,Barcelona,,,0485e86e-9a45-4dbf-884e-16c28cde91a6,5211,Jordi Alba Ramos,6,Left Back,42.3,6.2,,,,,,,,,,,,,,,,,,,,,,,,,,,,,,,,,,,,,,,,,,,,,,,,,,,,,,,,,,,,,,,,,,,,,,,,,,,,,,,,,,,,,,,,,,,,,,,,,,,,,,,,,,,,,,,,,,,,,,,,,,,,,,,,,,,,,,,,,,,,,,,,,,,,,,,,,,,,,,,,,,,,,,,,,,,,,,
f61876d6-9833-4974-b028-049ee0afef13,3550,2,00:40:59.337,85,59,43,Carry,150,217,Barcelona,1,Regular Play,217,Barcelona,0.053818002,,2c271e5d-7cc8-4173-a05d-cd0e5e218f69,5211,Jordi Alba Ramos,6,Left Back,42.3,6.2,,,,,,,,,,,,,,,,,,,,,,,,,,,,,,,9f0437eb-e9e1-4818-b410-25e409b8128a,42.3,6.2,,,,,,,,,,,,,,,,,,,,,,,,,,,,,,,,,,,,,,,,,,,,,,,,,,,,,,,,,,,,,,,,,,,,,,,,,,,,,,,,,,,,,,,,,,,,,,,,,,,,,,,,,,,,,,,,,,,,,,,,,,,,,,,,,,,,,,,,,,,,,
9f0437eb-e9e1-4818-b410-25e409b8128a,3551,2,00:40:59.391,85,59,30,Pass,150,217,Barcelona,1,Regular Play,217,Barcelona,0.579278,,7c872590-1eec-4f2e-a1ca-8b2ec1abdf6e,5211,Jordi Alba Ramos,6,Left Back,42.3,6.2,,,,,,,,,,,,,,,,,,,,,,,,,,,,,,,,,,5203.0,Sergio Busquets i Burgos,21.005238,1.2761476,1.0,Ground Pass,48.4,26.3,38.0,Left Foot,,,,,,,,,,,,,,,,,,,,,,,,,,,,,,,,,,,,,,,,,,,,,,,,,,,,,,,,,,,,,,,,,,,,,,,,,,,,,,,,,,,,,,,,,,,,,,,,,,,,,,,,,,,,,,,,,,,,,,,,,,,,,,,,,,,
7c872590-1eec-4f2e-a1ca-8b2ec1abdf6e,3552,2,00:40:59.970,85,59,42,Ball Receipt*,150,217,Barcelona,1,Regular Play,217,Barcelona,,,9f0437eb-e9e1-4818-b410-25e409b8128a,5203,Sergio Busquets i Burgos,10,Center Defensive Midfield,48.4,26.3,,,,,,,,,,,,,,,,,,,,,,,,,,,,,,,,,,,,,,,,,,,,,,,,,,,,,,,,,,,,,,,,,,,,,,,,,,,,,,,,,,,,,,,,,,,,,,,,,,,,,,,,,,,,,,,,,,,,,,,,,,,,,,,,,,,,,,,,,,,,,,,,,,,,,,,,,,,,,,,,,,,,,,,,,,,,,,
7d299ed2-4e6d-4de4-8ccb-340344eed928,3553,2,00:40:59.970,85,59,43,Carry,150,217,Barcelona,1,Regular Play,217,Barcelona,2.061722,,3b437642-3f3d-46f1-ae55-c94b43c2b332,5203,Sergio Busquets i Burgos,10,Center Defensive Midfield,48.4,26.3,,,True,,,,,,,,,,,,,,,,,,,,,,,,,,,,7c872590-1eec-4f2e-a1ca-8b2ec1abdf6e,49.2,27.5,,,,,,,,,,,b66b8cc3-c654-400a-9648-1513d7e9fe51,,,,,,,,,,,,,,,,,,,,,,,,,,,,,,,,,,,,,,,,,,,,,,,,,,,,,,,,,,,,,,,,,,,,,,,,,,,,,,,,,,,,,,,,,,,,,,,,,,,,,,,,,,,,,,,,,,,,,,,,,,,,,,,,,,
b66b8cc3-c654-400a-9648-1513d7e9fe51,3554,2,00:41:01.278,86,1,17,Pressure,150,217,Barcelona,1,Regular Play,373,Córdoba CF,1.4307,,3b437642-3f3d-46f1-ae55-c94b43c2b332,27236,Patrick Claude Ekeng Ekeng,19,Center Attacking Midfield,75.5,56.5,,,,,,,,,,,,,,,,,,,,,,,,,,,,,,,7d299ed2-4e6d-4de4-8ccb-340344eed928,,,,,,,,,,,,,,,,,,,,,,,,,,,,,,,,,,,,,,,,,,,,,,,,,,,,,,,,,,,,,,,,,,,,,,,,,,,,,,,,,,,,,,,,,,,,,,,,,,,,,,,,,,,,,,,,,,,,,,,,,,,,,,,,,,,,,,,,,,,,,,,
3b437642-3f3d-46f1-ae55-c94b43c2b332,3555,2,00:41:02.032,86,2,30,Pass,150,217,Barcelona,1,Regular Play,217,Barcelona,1.485326,,3ce2934a-3cd9-427a-aa9c-4945b482921c,5203,Sergio Busquets i Burgos,10,Center Defensive Midfield,49.2,27.5,,,True,,,,,,,,,,,,,,,,,,,,,,,,,,,,b66b8cc3-c654-400a-9648-1513d7e9fe51,,,20131.0,Xavier Hernández Creus,14.089003,1.4068145,1.0,Ground Pass,51.5,41.4,40.0,Right Foot,,,,,,,,,,,,,,,,,,,,,,,,,,,,,,,,,,,,,,,,,,,,,,,,,,,,,,,,,,,,,,,,,,,,,,,,,,,,,,,,,,,,,,,,,,,,,,,,,,,,,,,,,,,,,,,,,,,,,,,,,,,,,,,,,,,
3ce2934a-3cd9-427a-aa9c-4945b482921c,3556,2,00:41:03.517,86,3,42,Ball Receipt*,150,217,Barcelona,1,Regular Play,217,Barcelona,,,3b437642-3f3d-46f1-ae55-c94b43c2b332,20131,Xavier Hernández Creus,15,Left Center Midfield,51.5,41.4,,,,,,,,,,,,,,,,,,,,,,,,,,,,,,,,,,,,,,,,,,,,,,,,,,,,,,,,,,,,,,,,,,,,,,,,,,,,,,,,,,,,,,,,,,,,,,,,,,,,,,,,,,,,,,,,,,,,,,,,,,,,,,,,,,,,,,,,,,,,,,,,,,,,,,,,,,,,,,,,,,,,,,,,,,,,,,
8d26b956-cbae-4656-9b95-0ac5e8c6b999,3557,2,00:41:03.517,86,3,43,Carry,150,217,Barcelona,1,Regular Play,217,Barcelona,5.313174,,3ce2934a-3cd9-427a-aa9c-4945b482921c,20131,Xavier Hernández Creus,15,Left Center Midfield,51.5,41.4,,,,,,,,,,,,,,,,,,,,,,,,,,,,,,,b4cde3a4-83f0-4b68-80cd-eb2a24c22d81,56.8,45.7,,,,,,,,,,,,,,,,,,,,,,,,,,,,,,,,,,,,,,,,,,,,,,,,,,,,,,,,,,,,,,,,,,,,,,,,,,,,,,,,,,,,,,,,,,,,,,,,,,,,,,,,,,,,,,,,,,,,,,,,,,,,,,,,,,,,,,,,,,,,,
b4cde3a4-83f0-4b68-80cd-eb2a24c22d81,3558,2,00:41:08.830,86,8,30,Pass,150,217,Barcelona,1,Regular Play,217,Barcelona,1.628771,,40e9f878-31f1-46e6-acbe-a045c7db18f1,20131,Xavier Hernández Creus,15,Left Center Midfield,56.8,45.7,,,,,,,,,,,,,,,,,,,,,,,,,,,,,,,,,,5203.0,Sergio Busquets i Burgos,13.520355,-1.4372673,1.0,Ground Pass,58.6,32.3,40.0,Right Foot,,,,,,,,,,,,,,,,,,,,,,,,,,,,,,,,,,,,,,,,,,,,,,,,,,,,,,,,,,,,,,,,,,,,,,,,,,,,,,,,,,,,,,,,,,,,,,,,,,,,,,,,,,,,,,,,,,,,,,,,,,,,,,,,,,,
40e9f878-31f1-46e6-acbe-a045c7db18f1,3559,2,00:41:10.459,86,10,42,Ball Receipt*,150,217,Barcelona,1,Regular Play,217,Barcelona,,,b4cde3a4-83f0-4b68-80cd-eb2a24c22d81,5203,Sergio Busquets i Burgos,10,Center Defensive Midfield,58.6,32.3,,,,,,,,,,,,,,,,,,,,,,,,,,,,,,,,,,,,,,,,,,,,,,,,,,,,,,,,,,,,,,,,,,,,,,,,,,,,,,,,,,,,,,,,,,,,,,,,,,,,,,,,,,,,,,,,,,,,,,,,,,,,,,,,,,,,,,,,,,,,,,,,,,,,,,,,,,,,,,,,,,,,,,,,,,,,,,
8fbb1f31-856a-45ef-9266-7bc4f838b626,3560,2,00:41:10.459,86,10,43,Carry,150,217,Barcelona,1,Regular Play,217,Barcelona,2.454782,,0110aa83-08eb-472a-8ba0-878c07ff9721,5203,Sergio Busquets i Burgos,10,Center Defensive Midfield,58.6,32.3,,,,,,,,,,,,,,,,,,,,,,,,,,,,,,,40e9f878-31f1-46e6-acbe-a045c7db18f1,65.3,33.4,,,,,,,,,,,,,,,,,,,,,,,,,,,,,,,,,,,,,,,,,,,,,,,,,,,,,,,,,,,,,,,,,,,,,,,,,,,,,,,,,,,,,,,,,,,,,,,,,,,,,,,,,,,,,,,,,,,,,,,,,,,,,,,,,,,,,,,,,,,,,
0110aa83-08eb-472a-8ba0-878c07ff9721,3561,2,00:41:12.914,86,12,30,Pass,150,217,Barcelona,1,Regular Play,217,Barcelona,1.13619,,99fd62df-3a00-4cd3-9bbb-99adc6296817,5203,Sergio Busquets i Burgos,10,Center Defensive Midfield,65.3,33.4,,,,,,,,,,,,,,,,,,,,,,,,,,,,,,,,,,20131.0,Xavier Hernández Creus,12.332883,1.4977558,1.0,Ground Pass,66.2,45.7,40.0,Right Foot,,,,,,,,,,,,,,,,,,,,,,,,,,,,,,,,,,,,,,,,,,,,,,,,,,,,,,,,,,,,,,,,,,,,,,,,,,,,,,,,,,,,,,,,,,,,,,,,,,,,,,,,,,,,,,,,,,,,,,,,,,,,,,,,,,,
99fd62df-3a00-4cd3-9bbb-99adc6296817,3562,2,00:41:14.050,86,14,42,Ball Receipt*,150,217,Barcelona,1,Regular Play,217,Barcelona,,,0110aa83-08eb-472a-8ba0-878c07ff9721,20131,Xavier Hernández Creus,15,Left Center Midfield,66.2,45.7,,,,,,,,,,,,,,,,,,,,,,,,,,,,,,,,,,,,,,,,,,,,,,,,,,,,,,,,,,,,,,,,,,,,,,,,,,,,,,,,,,,,,,,,,,,,,,,,,,,,,,,,,,,,,,,,,,,,,,,,,,,,,,,,,,,,,,,,,,,,,,,,,,,,,,,,,,,,,,,,,,,,,,,,,,,,,,
f81590dd-563e-47c4-bbfb-8f3df8f0f54c,3563,2,00:41:14.050,86,14,43,Carry,150,217,Barcelona,1,Regular Play,217,Barcelona,1.619424,,181947cc-9a04-4b1e-8e24-339fbcc9958d,20131,Xavier Hernández Creus,15,Left Center Midfield,66.2,45.7,,,,,,,,,,,,,,,,,,,,,,,,,,,,,,,99fd62df-3a00-4cd3-9bbb-99adc6296817,69.7,52.9,,,,,,,,,,,,,,,,,,,,,,,,,,,,,,,,,,,,,,,,,,,,,,,,,,,,,,,,,,,,,,,,,,,,,,,,,,,,,,,,,,,,,,,,,,,,,,,,,,,,,,,,,,,,,,,,,,,,,,,,,,,,,,,,,,,,,,,,,,,,,
181947cc-9a04-4b1e-8e24-339fbcc9958d,3564,2,00:41:15.669,86,15,30,Pass,150,217,Barcelona,1,Regular Play,217,Barcelona,1.600109,,8539c9fc-2acf-4bc4-a08b-74db755ce648,20131,Xavier Hernández Creus,15,Left Center Midfield,69.7,52.9,,,,,,,,,,,,,,,,,,,,,,,,,,,,,,,,,,3958.0,Pedro Eliezer Rodríguez Ledesma,30.541283,0.93646324,2.0,Low Pass,87.8,77.5,40.0,Right Foot,,,,,,,,,,,,,,,,,,,,,,,,,,,,,,,,,,,,,,,,,,,,,,,,,,,,,,,,,,,,,,,,,,,,,,,,,,,,,,,,,,,,,,,,,,,,,,,,,,,,,,,,,,,,,,,,,,,,,,,,,,,,,,,,,,,
8539c9fc-2acf-4bc4-a08b-74db755ce648,3565,2,00:41:17.269,86,17,42,Ball Receipt*,150,217,Barcelona,1,Regular Play,217,Barcelona,,,181947cc-9a04-4b1e-8e24-339fbcc9958d,3958,Pedro Eliezer Rodríguez Ledesma,13,Right Center Midfield,87.8,77.5,,,,,,,,,,,,,,,,,,,,,,,,,,,,,,,,,,,,,,,,,,,,,,,,,,,,,,,,,,,,,,,,,,,,,,,,,,,,,,,,,,,,,,,,,,,,,,,,,,,,,,,,,,,,,,,,,,,,,,,,,,,,,,,,,,,,,,,,,,,,,,,,,,,,,,,,,,,,,,,,,,,,,,,,,,,,,,
cd4702f6-d312-4f10-942c-79c9ada416c8,3566,2,00:41:17.269,86,17,43,Carry,150,217,Barcelona,1,Regular Play,217,Barcelona,0.57982403,,8539c9fc-2acf-4bc4-a08b-74db755ce648,3958,Pedro Eliezer Rodríguez Ledesma,13,Right Center Midfield,87.8,77.5,,,,,,,,,,,,,,,,,,,,,,,,,,,,,,,deb58c7c-4294-48b7-a8d7-9e4892e3bff8,87.8,77.5,,,,,,,,,,,,,,,,,,,,,,,,,,,,,,,,,,,,,,,,,,,,,,,,,,,,,,,,,,,,,,,,,,,,,,,,,,,,,,,,,,,,,,,,,,,,,,,,,,,,,,,,,,,,,,,,,,,,,,,,,,,,,,,,,,,,,,,,,,,,,
deb58c7c-4294-48b7-a8d7-9e4892e3bff8,3567,2,00:41:17.849,86,17,30,Pass,150,217,Barcelona,1,Regular Play,217,Barcelona,1.438247,,9ee893e2-46c1-4cbc-aa04-4dd8403c4c0f,3958,Pedro Eliezer Rodríguez Ledesma,13,Right Center Midfield,87.8,77.5,,,,,,,,,,,,,,,,,,,,,,,,,,,,,,,,,,4324.0,Daniel Alves da Silva,16.995588,-2.6911023,3.0,High Pass,72.5,70.1,40.0,Right Foot,,,,,,,,,,,,,,,,,,,,,,,,,,,,,,,,,,,,,,,,,,,,,,,,,,,,,,,,,,,,,,,,,,,,,,,,,,,,,,,,,,,,,,,,,,,,,,,,,,,,,,,,,,,,,,,,,,,,,,,,,,,,,,,,,,,
9ee893e2-46c1-4cbc-aa04-4dd8403c4c0f,3568,2,00:41:19.287,86,19,42,Ball Receipt*,150,217,Barcelona,1,Regular Play,217,Barcelona,,,deb58c7c-4294-48b7-a8d7-9e4892e3bff8,4324,Daniel Alves da Silva,2,Right Back,72.5,70.1,,,,,,,,,,,,,,,,,,,,,,,,,,,,,,,,,,,,,,,,,,,,,,,,,,,,,,,,,,,,,,,,,,,,,,,,,,,,,,,,,,,,,,,,,,,,,,,,,,,,,,,,,,,,,,,,,,,,,,,,,,,,,,,,,,,,,,,,,,,,,,,,,,,,,,,,,,,,,,,,,,,,,,,,,,,,,,
ec029ad3-697c-44d8-a5fa-55d1f6b54e41,3569,2,00:41:19.287,86,19,43,Carry,150,217,Barcelona,1,Regular Play,217,Barcelona,1.631853,,258baaa0-fed4-494a-89ea-4808d97864d3,4324,Daniel Alves da Silva,2,Right Back,72.5,70.1,,,,,,,,,,,,,,,,,,,,,,,,,,,,,,,9ee893e2-46c1-4cbc-aa04-4dd8403c4c0f,72.8,69.0,,,,,,,,,,,,,,,,,,,,,,,,,,,,,,,,,,,,,,,,,,,,,,,,,,,,,,,,,,,,,,,,,,,,,,,,,,,,,,,,,,,,,,,,,,,,,,,,,,,,,,,,,,,,,,,,,,,,,,,,,,,,,,,,,,,,,,,,,,,,,
258baaa0-fed4-494a-89ea-4808d97864d3,3570,2,00:41:20.919,86,20,30,Pass,150,217,Barcelona,1,Regular Play,217,Barcelona,0.839809,,ddee1871-d240-40ae-a8ab-943027b57e96,4324,Daniel Alves da Silva,2,Right Back,72.8,69.0,,,,,,,,,,,,,,,,,,,,,,,,,,,,,,,,,,3958.0,Pedro Eliezer Rodríguez Ledesma,11.321661,0.8228806,2.0,Low Pass,80.5,77.3,40.0,Right Foot,,,,,,,,,,,,,,,,,,,,,,,,,,,,,,,,,,,,,,,,,,,,,,,,,,,,,,,,,,,,,,,,,,,,,,,,,,,,,,,,,,,,,,,,,,,,,,,,,,,,,,,,,,,,,,,,,,,,,,,,,,,,,,,,,,,
ddee1871-d240-40ae-a8ab-943027b57e96,3571,2,00:41:21.759,86,21,42,Ball Receipt*,150,217,Barcelona,1,Regular Play,217,Barcelona,,,258baaa0-fed4-494a-89ea-4808d97864d3,3958,Pedro Eliezer Rodríguez Ledesma,13,Right Center Midfield,80.5,77.3,,,,,,,,,,,,,,,,,,,,,,,,,,,,,,,,,,,,,,,,,,,,,,,,,,,,,,,,,,,,,,,,,,,,,,,,,,,,,,,,,,,,,,,,,,,,,,,,,,,,,,,,,,,,,,,,,,,,,,,,,,,,,,,,,,,,,,,,,,,,,,,,,,,,,,,,,,,,,,,,,,,,,,,,,,,,,,
84d566b6-20b2-42df-ae06-53fdcdaeff13,3572,2,00:41:21.759,86,21,43,Carry,150,217,Barcelona,1,Regular Play,217,Barcelona,1.092791,,ddee1871-d240-40ae-a8ab-943027b57e96,3958,Pedro Eliezer Rodríguez Ledesma,13,Right Center Midfield,80.5,77.3,,,,,,,,,,,,,,,,,,,,,,,,,,,,,,,f4f81c92-d86e-4eb8-8840-9a079d70d613,80.5,77.3,,,,,,,,,,,,,,,,,,,,,,,,,,,,,,,,,,,,,,,,,,,,,,,,,,,,,,,,,,,,,,,,,,,,,,,,,,,,,,,,,,,,,,,,,,,,,,,,,,,,,,,,,,,,,,,,,,,,,,,,,,,,,,,,,,,,,,,,,,,,,
f4f81c92-d86e-4eb8-8840-9a079d70d613,3573,2,00:41:22.852,86,22,30,Pass,150,217,Barcelona,1,Regular Play,217,Barcelona,0.614625,,55bcafe3-f6a6-4e8c-9e99-d35e6a5402c0,3958,Pedro Eliezer Rodríguez Ledesma,13,Right Center Midfield,80.5,77.3,,,,,,,,,,,,,,,,,,,,,,,,,,,,,,,,,,4324.0,Daniel Alves da Silva,8.160882,-2.1995926,1.0,Ground Pass,75.7,70.7,40.0,Right Foot,,,,,,,,,,,,,,,,,,,,,,,,,,,,,,,,,,,,,,,,,,,,,,,,,,,,,,,,,,,,,,,,,,,,,,,,,,,,,,,,,,,,,,,,,,,,,,,,,,,,,,,,,,,,,,,,,,,,,,,,,,,,,,,,,,,
29bbe272-a156-4b2a-bb86-df889df84877,3574,2,00:41:23.438,86,23,17,Pressure,150,217,Barcelona,1,Regular Play,373,Córdoba CF,0.8484,,55bcafe3-f6a6-4e8c-9e99-d35e6a5402c0,24136,Federico Vico Villegas,17,Right Wing,40.2,8.0,,,,,,,,,,,,,,,,,,,,,,,,,,,,,,,5b2ec9cf-5b50-40c4-994c-693556e73d2d,,,,,,,,,,,,,a80d50ba-9efe-4cf8-a615-431dedb2dfad,,,,,,,,,,,,,,,,,,,,,,,,,,,,,,,,,,,,,,,,,,,,,,,,,,,,,,,,,,,,,,,,,,,,,,,,,,,,,,,,,,,,,,,,,,,,,,,,,,,,,,,,,,,,,,,,,,,,,,,,,,,,,,,,,,
55bcafe3-f6a6-4e8c-9e99-d35e6a5402c0,3575,2,00:41:23.466,86,23,42,Ball Receipt*,150,217,Barcelona,1,Regular Play,217,Barcelona,,,29bbe272-a156-4b2a-bb86-df889df84877,4324,Daniel Alves da Silva,2,Right Back,75.7,70.7,,,True,,,,,,,,,,,,,,,,,,,,,,,,,,,,f4f81c92-d86e-4eb8-8840-9a079d70d613,,,,,,,,,,,,,,,,,,,,,,,,,,,,,,,,,,,,,,,,,,,,,,,,,,,,,,,,,,,,,,,,,,,,,,,,,,,,,,,,,,,,,,,,,,,,,,,,,,,,,,,,,,,,,,,,,,,,,,,,,,,,,,,,,,,,,,,,,,,,,,,
a80d50ba-9efe-4cf8-a615-431dedb2dfad,3576,2,00:41:23.466,86,23,43,Carry,150,217,Barcelona,1,Regular Play,217,Barcelona,0.817575,,29bbe272-a156-4b2a-bb86-df889df84877,4324,Daniel Alves da Silva,2,Right Back,75.7,70.7,,,True,,,,,,,,,,,,,,,,,,,,,,,,,,,,55bcafe3-f6a6-4e8c-9e99-d35e6a5402c0,76.1,70.4,,,,,,,,,,,5b2ec9cf-5b50-40c4-994c-693556e73d2d,,,,,,,,,,,,,,,,,,,,,,,,,,,,,,,,,,,,,,,,,,,,,,,,,,,,,,,,,,,,,,,,,,,,,,,,,,,,,,,,,,,,,,,,,,,,,,,,,,,,,,,,,,,,,,,,,,,,,,,,,,,,,,,,,,
5b2ec9cf-5b50-40c4-994c-693556e73d2d,3577,2,00:41:24.284,86,24,30,Pass,150,217,Barcelona,1,Regular Play,217,Barcelona,0.849895,,29bbe272-a156-4b2a-bb86-df889df84877,4324,Daniel Alves da Silva,2,Right Back,76.1,70.4,,,True,,,,,,,,,,,,,,,,,,,,,,,,,,,,f8450b78-7194-4fca-b4dc-d2a1e887f205,,,20131.0,Xavier Hernández Creus,11.21606,-1.9546139,1.0,Ground Pass,71.9,60.0,40.0,Right Foot,,,,,,,,,,,,,,,,,,,,,,,,,,,,,,,,,,,,,,,,,,,,,,,,,,,,,,,,,,,,,,,,,,,,,,,,,,,,,,,,,,,,,,,,,,,,,,,,,,,,,,,,,,,,,,,,,,,,,,,,,,,,,,,,,,,
f8450b78-7194-4fca-b4dc-d2a1e887f205,3578,2,00:41:25.134,86,25,42,Ball Receipt*,150,217,Barcelona,1,Regular Play,217,Barcelona,,,5b2ec9cf-5b50-40c4-994c-693556e73d2d,20131,Xavier Hernández Creus,15,Left Center Midfield,71.9,60.0,,,,,,,,,,,,,,,,,,,,,,,,,,,,,,,,,,,,,,,,,,,,,,,,,,,,,,,,,,,,,,,,,,,,,,,,,,,,,,,,,,,,,,,,,,,,,,,,,,,,,,,,,,,,,,,,,,,,,,,,,,,,,,,,,,,,,,,,,,,,,,,,,,,,,,,,,,,,,,,,,,,,,,,,,,,,,,
3ba75acf-8e86-4762-8946-eda069ff1c32,3579,2,00:41:25.134,86,25,43,Carry,150,217,Barcelona,1,Regular Play,217,Barcelona,1.737705,,b1a2c1c0-3d97-484e-9a22-9df88783eb7f,20131,Xavier Hernández Creus,15,Left Center Midfield,71.9,60.0,,,,,,,,,,,,,,,,,,,,,,,,,,,,,,,f8450b78-7194-4fca-b4dc-d2a1e887f205,71.9,59.9,,,,,,,,,,,,,,,,,,,,,,,,,,,,,,,,,,,,,,,,,,,,,,,,,,,,,,,,,,,,,,,,,,,,,,,,,,,,,,,,,,,,,,,,,,,,,,,,,,,,,,,,,,,,,,,,,,,,,,,,,,,,,,,,,,,,,,,,,,,,,
b1a2c1c0-3d97-484e-9a22-9df88783eb7f,3580,2,00:41:26.872,86,26,30,Pass,150,217,Barcelona,1,Regular Play,217,Barcelona,1.389999,,dd2e04aa-3d55-48e3-83fb-dc57519e4091,20131,Xavier Hernández Creus,15,Left Center Midfield,71.9,59.9,,,,,,,,,,,,,,,,,,,,,,,,,,,,,,,,,,5203.0,Sergio Busquets i Burgos,26.43785,-1.902116,1.0,Ground Pass,63.3,34.9,40.0,Right Foot,,,,,,,,,,,,,,,,,,,,,,,,,,,,,,,,,,,,,,,,,,,,,,,,,,,,,,,,,,,,,,,,,,,,,,,,,,,,,,,,,,,,,,,,,,,,,,,,,,,,,,,,,,,,,,,,,,,,,,,,,,,,,,,,,,,
dd2e04aa-3d55-48e3-83fb-dc57519e4091,3581,2,00:41:28.262,86,28,42,Ball Receipt*,150,217,Barcelona,1,Regular Play,217,Barcelona,,,b1a2c1c0-3d97-484e-9a22-9df88783eb7f,5203,Sergio Busquets i Burgos,10,Center Defensive Midfield,63.3,34.9,,,,,,,,,,,,,,,,,,,,,,,,,,,,,,,,,,,,,,,,,,,,,,,,,,,,,,,,,,,,,,,,,,,,,,,,,,,,,,,,,,,,,,,,,,,,,,,,,,,,,,,,,,,,,,,,,,,,,,,,,,,,,,,,,,,,,,,,,,,,,,,,,,,,,,,,,,,,,,,,,,,,,,,,,,,,,,
1da9811e-87bd-40ee-b83e-9fa8e03c0594,3582,2,00:41:28.262,86,28,43,Carry,150,217,Barcelona,1,Regular Play,217,Barcelona,1.201111,,dd2e04aa-3d55-48e3-83fb-dc57519e4091,5203,Sergio Busquets i Burgos,10,Center Defensive Midfield,63.3,34.9,,,,,,,,,,,,,,,,,,,,,,,,,,,,,,,fa9157de-065b-4415-98e7-2bc9251bb607,63.3,34.9,,,,,,,,,,,,,,,,,,,,,,,,,,,,,,,,,,,,,,,,,,,,,,,,,,,,,,,,,,,,,,,,,,,,,,,,,,,,,,,,,,,,,,,,,,,,,,,,,,,,,,,,,,,,,,,,,,,,,,,,,,,,,,,,,,,,,,,,,,,,,
fa9157de-065b-4415-98e7-2bc9251bb607,3583,2,00:41:29.463,86,29,30,Pass,150,217,Barcelona,1,Regular Play,217,Barcelona,2.269721,,75daeb23-c30e-4b10-9882-0da332e98bda,5203,Sergio Busquets i Burgos,10,Center Defensive Midfield,63.3,34.9,,,,,,,,,,,,,,,,,,,,,,,,,,,,,,,,,,5211.0,Jordi Alba Ramos,40.549355,-0.8779526,3.0,High Pass,89.2,3.7,40.0,Right Foot,,,,,,,,,,,,,,,,,,,,,,,,,,,,,,,,,,,,,,,,,,,,,,,,,,,,,,,,,,,,,,,,,,,,,,,,,,,,,,,,,,,,,,,,,,,,,,,,,,,,,,,,,,,,,,,,,,,,,,,,,,,,,,,,,,,
75daeb23-c30e-4b10-9882-0da332e98bda,3584,2,00:41:31.732,86,31,42,Ball Receipt*,150,217,Barcelona,1,Regular Play,217,Barcelona,,,fa9157de-065b-4415-98e7-2bc9251bb607,5211,Jordi Alba Ramos,6,Left Back,89.2,3.7,,,,,,,,,,,,,,,,,,,,,,,,,,,,,,,,,,,,,,,,,,,,,,,,,,,,,,,,,,,,,,,,,,,,,,,,,,,,,,,,,,,,,,,,,,,,,,,,,,,,,,,,,,,,,,,,,,,,,,,,,,,,,,,,,,,,,,,,,,,,,,,,,,,,,,,,,,,,,,,,,,,,,,,,,,,,,,
8264f3d3-0592-40f7-ba2a-028675a0a1f8,3585,2,00:41:31.732,86,31,43,Carry,150,217,Barcelona,1,Regular Play,217,Barcelona,2.458857,,2f834826-5786-495f-ace3-2333385e80ed,5211,Jordi Alba Ramos,6,Left Back,89.2,3.7,,,,,,,,,,,,,,,,,,,,,,,,,,,,,,,75daeb23-c30e-4b10-9882-0da332e98bda,85.5,2.7,,,,,,,,,,,,,,,,,,,,,,,,,,,,,,,,,,,,,,,,,,,,,,,,,,,,,,,,,,,,,,,,,,,,,,,,,,,,,,,,,,,,,,,,,,,,,,,,,,,,,,,,,,,,,,,,,,,,,,,,,,,,,,,,,,,,,,,,,,,,,
2f834826-5786-495f-ace3-2333385e80ed,3586,2,00:41:34.191,86,34,30,Pass,150,217,Barcelona,1,Regular Play,217,Barcelona,1.788374,,896be2bf-3c14-43be-9082-61d56241531d,5211,Jordi Alba Ramos,6,Left Back,85.5,2.7,,,,,,,,,,,,,,,,,,,,,,,,,,,,,,,,,,10609.0,Jérémy Mathieu,14.892951,2.8835855,1.0,Ground Pass,71.1,6.5,38.0,Left Foot,,,,,,,,,,,,,,,,,,,,,,,,,,,,,,,,,,,,,,,,,,,,,,,,,,,,,,,,,,,,,,,,,,,,,,,,,,,,,,,,,,,,,,,,,,,,,,,,,,,,,,,,,,,,,,,,,,,,,,,,,,,,,,,,,,,
896be2bf-3c14-43be-9082-61d56241531d,3587,2,00:41:35.980,86,35,42,Ball Receipt*,150,217,Barcelona,1,Regular Play,217,Barcelona,,,2f834826-5786-495f-ace3-2333385e80ed,10609,Jérémy Mathieu,5,Left Center Back,71.1,6.5,,,,,,,,,,,,,,,,,,,,,,,,,,,,,,,,,,,,,,,,,,,,,,,,,,,,,,,,,,,,,,,,,,,,,,,,,,,,,,,,,,,,,,,,,,,,,,,,,,,,,,,,,,,,,,,,,,,,,,,,,,,,,,,,,,,,,,,,,,,,,,,,,,,,,,,,,,,,,,,,,,,,,,,,,,,,,,
4eea9847-c98d-4113-ab27-50ab8278be26,3588,2,00:41:35.980,86,35,43,Carry,150,217,Barcelona,1,Regular Play,217,Barcelona,1.801138,,896be2bf-3c14-43be-9082-61d56241531d,10609,Jérémy Mathieu,5,Left Center Back,71.1,6.5,,,,,,,,,,,,,,,,,,,,,,,,,,,,,,,ec8e6956-0987-47b4-b10d-d99564e1adf8,71.1,6.5,,,,,,,,,,,,,,,,,,,,,,,,,,,,,,,,,,,,,,,,,,,,,,,,,,,,,,,,,,,,,,,,,,,,,,,,,,,,,,,,,,,,,,,,,,,,,,,,,,,,,,,,,,,,,,,,,,,,,,,,,,,,,,,,,,,,,,,,,,,,,
ec8e6956-0987-47b4-b10d-d99564e1adf8,3589,2,00:41:37.781,86,37,30,Pass,150,217,Barcelona,1,Regular Play,217,Barcelona,0.793982,,a92c9819-9071-49dc-a18a-1aff12165847,10609,Jérémy Mathieu,5,Left Center Back,71.1,6.5,,,,,,,,,,,,,,,,,,,,,,,,,,,,,,,,,,5211.0,Jordi Alba Ramos,9.339165,-0.22679885,1.0,Ground Pass,80.2,4.4,38.0,Left Foot,,,,,,,,,,,,,,,,,,,,,,,,,,,,,,,,,,,,,,,,,,,,,,,,,,,,,,,,,,,,,,,,,,,,,,,,,,,,,,,,,,,,,,,,,,,,,,,,,,,,,,,,,,,,,,,,,,,,,,,,,,,,,,,,,,,
a92c9819-9071-49dc-a18a-1aff12165847,3590,2,00:41:38.575,86,38,42,Ball Receipt*,150,217,Barcelona,1,Regular Play,217,Barcelona,,,ec8e6956-0987-47b4-b10d-d99564e1adf8,5211,Jordi Alba Ramos,6,Left Back,80.2,4.4,,,,,,,,,,,,,,,,,,,,,,,,,,,,,,,,,,,,,,,,,,,,,,,,,,,,,,,,,,,,,,,,,,,,,,,,,,,,,,,,,,,,,,,,,,,,,,,,,,,,,,,,,,,,,,,,,,,,,,,,,,,,,,,,,,,,,,,,,,,,,,,,,,,,,,,,,,,,,,,,,,,,,,,,,,,,,,
58c8fbf5-4d1d-41e2-be7d-5ecb489a857e,3591,2,00:41:38.575,86,38,43,Carry,150,217,Barcelona,1,Regular Play,217,Barcelona,0.334418,,4bb89a9a-f02c-4af8-be5a-42b3b80969a5,5211,Jordi Alba Ramos,6,Left Back,80.2,4.4,,,,,,,,,,,,,,,,,,,,,,,,,,,,,,,a92c9819-9071-49dc-a18a-1aff12165847,80.2,4.4,,,,,,,,,,,,,,,,,,,,,,,,,,,,,,,,,,,,,,,,,,,,,,,,,,,,,,,,,,,,,,,,,,,,,,,,,,,,,,,,,,,,,,,,,,,,,,,,,,,,,,,,,,,,,,,,,,,,,,,,,,,,,,,,,,,,,,,,,,,,,
4bb89a9a-f02c-4af8-be5a-42b3b80969a5,3592,2,00:41:38.909,86,38,30,Pass,150,217,Barcelona,1,Regular Play,217,Barcelona,1.4352,,d87d8a50-eafe-4b18-b89c-1af03d65a1d4,5211,Jordi Alba Ramos,6,Left Back,80.2,4.4,,,,,,,,,,,,,,,,,,,,,,,,,,,,,,,f305982b-ccdc-4151-a2f9-ddf97696b72a,,,4320.0,Neymar da Silva Santos Junior,12.744019,0.90218276,1.0,Ground Pass,88.1,14.4,38.0,Left Foot,,9.0,Incomplete,,,,,,,,,,,,,,,,,,,,,,,,,,,,,,,,,,,,,,,,,,,,,,,,,,,,,,,,,,,,,,,,,,,,,,,,,,,,,,,,,,,,,,,,,,,,,,,,,,,,,,,,,,,,,,,,,,,,,,,,,,,,,,,,
d87d8a50-eafe-4b18-b89c-1af03d65a1d4,3593,2,00:41:40.344,86,40,42,Ball Receipt*,150,217,Barcelona,1,Regular Play,217,Barcelona,,,4bb89a9a-f02c-4af8-be5a-42b3b80969a5,4320,Neymar da Silva Santos Junior,21,Left Wing,87.3,15.9,,,,,,,,,,,,,,,,,,,,,,,,,,,,,,,,,,,,,,,,,,,,,,,9.0,Incomplete,,,,,,,,,,,,,,,,,,,,,,,,,,,,,,,,,,,,,,,,,,,,,,,,,,,,,,,,,,,,,,,,,,,,,,,,,,,,,,,,,,,,,,,,,,,,,,,,,,,,,,,,,,,,,,,,,,,,,,,,,,,,,,
f305982b-ccdc-4151-a2f9-ddf97696b72a,3594,2,00:41:40.344,86,40,30,Pass,150,217,Barcelona,1,Regular Play,373,Córdoba CF,0.5656,,4bb89a9a-f02c-4af8-be5a-42b3b80969a5,27237,Adrián Javier Gunino Duque,2,Right Back,32.0,65.7,,,,,,,,,,,,,,,,,,,,,,,,,,,,,,,b23e5fd2-f069-4024-91b2-46fd17e1323c,,,27236.0,Patrick Claude Ekeng Ekeng,18.30956,0.10945095,2.0,Low Pass,50.2,67.7,38.0,Left Foot,,,,,,64.0,Interception,,,,,,,,,,,,,,,,,,,,,,,,,,,,,,,,,,,,,,,,,,,,,,,,,,,,,,,,,,,,,,,,,,,,,,,,,,,,,,,,,,,,,,,,,,,,,,,,,,,,,,,,,,,,,,,,,,,,,,,,,,,,
b23e5fd2-f069-4024-91b2-46fd17e1323c,3595,2,00:41:40.910,86,40,42,Ball Receipt*,150,217,Barcelona,1,Regular Play,373,Córdoba CF,,,f305982b-ccdc-4151-a2f9-ddf97696b72a,27236,Patrick Claude Ekeng Ekeng,19,Center Attacking Midfield,50.2,67.7,,,,,,,,,,,,,,,,,,,,,,,,,,,,,,,,,,,,,,,,,,,,,,,,,,,,,,,,,,,,,,,,,,,,,,,,,,,,,,,,,,,,,,,,,,,,,,,,,,,,,,,,,,,,,,,,,,,,,,,,,,,,,,,,,,,,,,,,,,,,,,,,,,,,,,,,,,,,,,,,,,,,,,,,,,,,,,
c0d7a0ad-c358-4ab5-8bd2-eadb56a521e3,3596,2,00:41:40.910,86,40,43,Carry,150,217,Barcelona,1,Regular Play,373,Córdoba CF,0.08,,b23e5fd2-f069-4024-91b2-46fd17e1323c,27236,Patrick Claude Ekeng Ekeng,19,Center Attacking Midfield,50.2,67.7,,,,,,,,,,,,,,,,,,,,,,,,,,,,,,,fe7daaa1-e745-43ca-90e2-5f8b619d9803,50.2,67.7,,,,,,,,,,,,,,,,,,,,,,,,,,,,,,,,,,,,,,,,,,,,,,,,,,,,,,,,,,,,,,,,,,,,,,,,,,,,,,,,,,,,,,,,,,,,,,,,,,,,,,,,,,,,,,,,,,,,,,,,,,,,,,,,,,,,,,,,,,,,,
fe7daaa1-e745-43ca-90e2-5f8b619d9803,3597,2,00:41:40.990,86,40,38,Miscontrol,150,217,Barcelona,1,Regular Play,373,Córdoba CF,0.0,,,27236,Patrick Claude Ekeng Ekeng,19,Center Attacking Midfield,50.2,67.7,,,,,,,True,,,,,,,,,,,,,,,,,,,,,,,,,,,,,,,,,,,,,,,,,,,,,,,,,,,,,,,,,,,,,,,,,,,,,,,,,,,,,,,,,,,,,,,,,,,,,,,,,,,,,,,,,,,,,,,,,,,,,,,,,,,,,,,,,,,,,,,,,,,,,,,,,,,,,,,,,,,,,,,,,,,,,,,
2d775994-17a3-40a4-832a-417aaa76f4a2,3598,2,00:41:49.452,86,49,30,Pass,151,217,Barcelona,4,From Throw In,217,Barcelona,2.282476,,71bb9993-bd26-4d85-81dd-3acff73174cc,5211,Jordi Alba Ramos,6,Left Back,76.1,0.1,,,,,,,,,,,,,,,,,,,,,True,,,,,,,,,,,,,10609.0,Jérémy Mathieu,30.008833,2.755517,2.0,Low Pass,48.3,11.4,,,,,,,,67.0,Throw-in,,,,,,,,,,,,,,,,,,,,,,,,,,,,,,,,,,,,,,,,,,,,,,,,,,,,,,,,,,,,,,,,,,,,,,,,,,,,,,,,,,,,,,,,,,,,,,,,,,,,,,,,,,,,,,,,,,,,,,,,,,,,
71bb9993-bd26-4d85-81dd-3acff73174cc,3599,2,00:41:51.734,86,51,42,Ball Receipt*,151,217,Barcelona,4,From Throw In,217,Barcelona,,,2d775994-17a3-40a4-832a-417aaa76f4a2,10609,Jérémy Mathieu,5,Left Center Back,48.3,11.4,,,,,,,,,,,,,,,,,,,,,,,,,,,,,,,,,,,,,,,,,,,,,,,,,,,,,,,,,,,,,,,,,,,,,,,,,,,,,,,,,,,,,,,,,,,,,,,,,,,,,,,,,,,,,,,,,,,,,,,,,,,,,,,,,,,,,,,,,,,,,,,,,,,,,,,,,,,,,,,,,,,,,,,,,,,,,,
a7d70bff-ed1b-4ebe-bd8a-9e829970df50,3600,2,00:41:51.908,86,51,30,Pass,151,217,Barcelona,4,From Throw In,217,Barcelona,1.111425,,04b02ba2-d312-4cc5-a7a6-52c7dde6b5de,10609,Jérémy Mathieu,5,Left Center Back,48.3,11.4,,,,,,,,,,,,,,,,,,,,,,,,,,,,,,,,,,5203.0,Sergio Busquets i Burgos,17.255724,0.8017901,1.0,Ground Pass,60.3,23.8,38.0,Left Foot,,,,,,,,,,,,,,,,,,,,,,,,,,,,,,,,,,,,,,,,,,,,,,,,,,,,,,,,,,,,,,,,,,,,,,,,,,,,,,,,,,,,,,,,,,,,,,,,,,,,,,,,,,,,,,,,,,,,,,,,,,,,,,,,,,,
04b02ba2-d312-4cc5-a7a6-52c7dde6b5de,3601,2,00:41:53.019,86,53,42,Ball Receipt*,151,217,Barcelona,4,From Throw In,217,Barcelona,,,a7d70bff-ed1b-4ebe-bd8a-9e829970df50,5203,Sergio Busquets i Burgos,10,Center Defensive Midfield,60.3,23.8,,,,,,,,,,,,,,,,,,,,,,,,,,,,,,,,,,,,,,,,,,,,,,,,,,,,,,,,,,,,,,,,,,,,,,,,,,,,,,,,,,,,,,,,,,,,,,,,,,,,,,,,,,,,,,,,,,,,,,,,,,,,,,,,,,,,,,,,,,,,,,,,,,,,,,,,,,,,,,,,,,,,,,,,,,,,,,
005015e7-af02-43b7-821b-6aa619fe99b9,3602,2,00:41:53.019,86,53,43,Carry,151,217,Barcelona,4,From Throw In,217,Barcelona,3.999975,,04b02ba2-d312-4cc5-a7a6-52c7dde6b5de,5203,Sergio Busquets i Burgos,10,Center Defensive Midfield,60.3,23.8,,,,,,,,,,,,,,,,,,,,,,,,,,,,,,,b77482cc-b591-4c4e-ad0f-457b8ebf3c44,62.8,28.3,,,,,,,,,,,,,,,,,,,,,,,,,,,,,,,,,,,,,,,,,,,,,,,,,,,,,,,,,,,,,,,,,,,,,,,,,,,,,,,,,,,,,,,,,,,,,,,,,,,,,,,,,,,,,,,,,,,,,,,,,,,,,,,,,,,,,,,,,,,,,
b77482cc-b591-4c4e-ad0f-457b8ebf3c44,3603,2,00:41:57.019,86,57,30,Pass,151,217,Barcelona,4,From Throw In,217,Barcelona,1.176371,,d005b78c-76cf-4136-a2ef-3fdd6a3e4825,5203,Sergio Busquets i Burgos,10,Center Defensive Midfield,62.8,28.3,,,,,,,,,,,,,,,,,,,,,,,,,,,,,,,,,,3958.0,Pedro Eliezer Rodríguez Ledesma,17.465681,0.1378485,1.0,Ground Pass,80.1,30.7,40.0,Right Foot,,,,,,,,,,,,,,,,,,,,,,,,,,,,,,,,,,,,,,,,,,,,,,,,,,,,,,,,,,,,,,,,,,,,,,,,,,,,,,,,,,,,,,,,,,,,,,,,,,,,,,,,,,,,,,,,,,,,,,,,,,,,,,,,,,,
d005b78c-76cf-4136-a2ef-3fdd6a3e4825,3604,2,00:41:58.195,86,58,42,Ball Receipt*,151,217,Barcelona,4,From Throw In,217,Barcelona,,,b77482cc-b591-4c4e-ad0f-457b8ebf3c44,3958,Pedro Eliezer Rodríguez Ledesma,13,Right Center Midfield,80.1,30.7,,,,,,,,,,,,,,,,,,,,,,,,,,,,,,,,,,,,,,,,,,,,,,,,,,,,,,,,,,,,,,,,,,,,,,,,,,,,,,,,,,,,,,,,,,,,,,,,,,,,,,,,,,,,,,,,,,,,,,,,,,,,,,,,,,,,,,,,,,,,,,,,,,,,,,,,,,,,,,,,,,,,,,,,,,,,,,
89a0ae34-4318-4805-8cb5-9463ad162e79,3605,2,00:41:58.195,86,58,43,Carry,151,217,Barcelona,4,From Throw In,217,Barcelona,6.043129,,361d9a4c-0e8e-4751-98a1-ee04cced6e2b,3958,Pedro Eliezer Rodríguez Ledesma,13,Right Center Midfield,80.1,30.7,,,True,,,,,,,,,,,,,,,,,,,,,,,,,,,,ae916098-72dc-464c-9c15-4d110c7c514c,84.2,16.5,,,,,,,,,,,d005b78c-76cf-4136-a2ef-3fdd6a3e4825,,,,,,,,,,,,,,,,,,,,,,,,,,,,,,,,,,,,,,,,,,,,,,,,,,,,,,,,,,,,,,,,,,,,,,,,,,,,,,,,,,,,,,,,,,,,,,,,,,,,,,,,,,,,,,,,,,,,,,,,,,,,,,,,,,
ae916098-72dc-464c-9c15-4d110c7c514c,3606,2,00:42:02.679,87,2,17,Pressure,151,217,Barcelona,4,From Throw In,373,Córdoba CF,1.5074,,89a0ae34-4318-4805-8cb5-9463ad162e79,26573,Íñigo López Montaña,3,Right Center Back,32.3,55.7,,,,,,,,,,,,,,,,,,,,,,,,,,,,,,,,,,,,,,,,,,,,,,,,,,,,,,,,,,,,,,,,,,,,,,,,,,,,,,,,,,,,,,,,,,,,,,,,,,,,,,,,,,,,,,,,,,,,,,,,,,,,,,,,,,,,,,,,,,,,,,,,,,,,,,,,,,,,,,,,,,,,,,,,,,,,,,
361d9a4c-0e8e-4751-98a1-ee04cced6e2b,3607,2,00:42:04.239,87,4,30,Pass,151,217,Barcelona,4,From Throw In,217,Barcelona,1.915874,,04b2f977-a33f-45a6-8d50-bbaa08e8c57d,3958,Pedro Eliezer Rodríguez Ledesma,13,Right Center Midfield,84.2,16.5,,,,,,,,,,,,,,,,,,,,,,,,,,,,,,,,,,5211.0,Jordi Alba Ramos,25.071497,-0.17236167,2.0,Low Pass,108.9,12.2,38.0,Left Foot,,,,,,,,,,,,,,,,,,,,,,,,,,,,,,,,,,,,,,,,,,,,,,,,,,,,,,,,,,,,,,,,,,,,,,,,,,,,,,,,,,,,,,,,,,,,,,,,,,,,,,,,,,,,,,,,,,,,,,,,,,,,,,,,,,,
04b2f977-a33f-45a6-8d50-bbaa08e8c57d,3608,2,00:42:06.154,87,6,42,Ball Receipt*,151,217,Barcelona,4,From Throw In,217,Barcelona,,,361d9a4c-0e8e-4751-98a1-ee04cced6e2b,5211,Jordi Alba Ramos,6,Left Back,108.9,12.2,,,,,,,,,,,,,,,,,,,,,,,,,,,,,,,,,,,,,,,,,,,,,,,,,,,,,,,,,,,,,,,,,,,,,,,,,,,,,,,,,,,,,,,,,,,,,,,,,,,,,,,,,,,,,,,,,,,,,,,,,,,,,,,,,,,,,,,,,,,,,,,,,,,,,,,,,,,,,,,,,,,,,,,,,,,,,,
0d6512b8-d824-4c7a-bf2a-caea37bbfbba,3609,2,00:42:06.154,87,6,43,Carry,151,217,Barcelona,4,From Throw In,217,Barcelona,1.362326,,04b2f977-a33f-45a6-8d50-bbaa08e8c57d,5211,Jordi Alba Ramos,6,Left Back,108.9,12.2,,,,,,,,,,,,,,,,,,,,,,,,,,,,,,,6eed49e9-cce3-4cba-976f-a40620115d67,111.2,16.1,,,,,,,,,,,,,,,,,,,,,,,,,,,,,,,,,,,,,,,,,,,,,,,,,,,,,,,,,,,,,,,,,,,,,,,,,,,,,,,,,,,,,,,,,,,,,,,,,,,,,,,,,,,,,,,,,,,,,,,,,,,,,,,,,,,,,,,,,,,,,
6eed49e9-cce3-4cba-976f-a40620115d67,3610,2,00:42:07.517,87,7,30,Pass,151,217,Barcelona,4,From Throw In,217,Barcelona,1.864628,,21c4d44b-c02a-4a51-b1ea-56e94bc45fac,5211,Jordi Alba Ramos,6,Left Back,111.2,16.1,,,,,,,,,,,,,,,,,,,,,,,,,,,,,,,,,,20131.0,Xavier Hernández Creus,27.806475,2.192718,1.0,Ground Pass,95.0,38.7,38.0,Left Foot,,,,,,,,,8ab3d920-84d3-414c-b4b2-b1c674bbef29,True,,,,,,,,,,,,,,,,,,,,,,,,,,,,,,,,,,,,,,,,,,,,,,,,,,,,,,,,,,,,,,,,,,,,,,,,,,,,,,,,,,,,,,,,,,,,,,,,,,,,,,,,,,,,,,,,,,,,,,,,,
21c4d44b-c02a-4a51-b1ea-56e94bc45fac,3611,2,00:42:09.381,87,9,42,Ball Receipt*,151,217,Barcelona,4,From Throw In,217,Barcelona,,,6eed49e9-cce3-4cba-976f-a40620115d67,20131,Xavier Hernández Creus,15,Left Center Midfield,95.0,38.7,,,,,,,,,,,,,,,,,,,,,,,,,,,,,,,,,,,,,,,,,,,,,,,,,,,,,,,,,,,,,,,,,,,,,,,,,,,,,,,,,,,,,,,,,,,,,,,,,,,,,,,,,,,,,,,,,,,,,,,,,,,,,,,,,,,,,,,,,,,,,,,,,,,,,,,,,,,,,,,,,,,,,,,,,,,,,,
8ab3d920-84d3-414c-b4b2-b1c674bbef29,3612,2,00:42:09.421,87,9,16,Shot,151,217,Barcelona,4,From Throw In,217,Barcelona,0.5423,,84968989-8b98-42f1-9cbc-aac52a596eca,20131,Xavier Hernández Creus,15,Left Center Midfield,95.3,33.8,,,,,,,,,,,,,,,,,,,,,,,,,,,,,,,f48760dd-be35-4076-be9a-e9fe1bef1a17,,,,,,,,,,,,,,,,,,,,,,,0.03571558,107.9,36.5,6eed49e9-cce3-4cba-976f-a40620115d67,96.0,Blocked,87.0,Open Play,True,93.0,Normal,40.0,Right Foot,103.7,12.9,3958.0,Pedro Eliezer Rodríguez Ledesma,13.0,Right Center Midfield,True,92.0,15.1,23825.0,Fidel Chaves de la Torre,21.0,Left Wing,False,84.2,17.8,27236.0,Patrick Claude Ekeng Ekeng,19.0,Center Attacking Midfield,False,106.5,25.3,26573.0,Íñigo López Montaña,3.0,Right Center Back,False,108.1,21.1,27237.0,Adrián Javier Gunino Duque,2.0,Right Back,False,110.7,16.8,5211.0,Jordi Alba Ramos,6.0,Left Back,True,106.8,31.1,4320.0,Neymar da Silva Santos Junior,21.0,Left Wing,True,93.9,43.7,5503.0,Lionel Andrés Messi Cuccittini,17.0,Right Wing,True,109.3,45.2,5246.0,Luis Alberto Suárez Díaz,23.0,Center Forward,True,108.3,36.5,27239.0,Aleksandar Pantić,5.0,Left Center Back,False,107.1,32.1,24811.0,David Omar Rodríguez Barrera,11.0,Left Defensive Midfield,False,102.8,35.1,3160.0,Rene Krhin,9.0,Right Defensive Midfield,False,99.2,40.6,24136.0,Federico Vico Villegas,17.0,Right Wing,False,110.9,43.0,27238.0,Edimar Curitiba Fraga,6.0,Left Back,False,119.3,40.0,24255.0,Juan Carlos Martín Corral,1.0,Goalkeeper,False,,,
84968989-8b98-42f1-9cbc-aac52a596eca,3613,2,00:42:09.964,87,9,6,Block,151,217,Barcelona,4,From Throw In,373,Córdoba CF,0.0,,8ab3d920-84d3-414c-b4b2-b1c674bbef29,27239,Aleksandar Pantić,5,Left Center Back,12.2,43.6,,,,,,,,,,,,,,,,,,,,,,,,,,,,,,,,,,,,,,,,,,,,,,,,,,,,,,,,,,,,,,,,,,,,,,,,,,,,,,,,,,,,,,,,,,,,,,,,,,,,,,,,,,,,,,,,,,,,,,,,,,,,,,,,,,,,,,,,,,,,,,,,,,,,,,,,,,,,,,,,,,,,,,,,,,,,,,
f48760dd-be35-4076-be9a-e9fe1bef1a17,3614,2,00:42:10.164,87,10,23,Goal Keeper,151,217,Barcelona,4,From Throw In,373,Córdoba CF,0.0,,8ab3d920-84d3-414c-b4b2-b1c674bbef29,24255,Juan Carlos Martín Corral,1,Goalkeeper,0.8,40.1,,,,,,,,,,,,,,,44.0,Set,32.0,Shot Faced,,,,,,,,,,,,,,,,,,,,,,,,,,,,,,,,,,,,,,,,,,,,,,,,,,,,,,,,,,,,,,,,,,,,,,,,,,,,,,,,,,,,,,,,,,,,,,,,,,,,,,,,,,,,,,,,,,,,,,,,,,,,,,,,,,,,,,,,,,,,,,,,,,,,,,,,,,0.8,40.1,
2142fd4b-9646-4bad-95c2-b43a18615fcb,3615,2,00:42:10.752,87,10,2,Ball Recovery,151,217,Barcelona,4,From Throw In,217,Barcelona,0.0,,,5246,Luis Alberto Suárez Díaz,23,Center Forward,110.5,45.2,,,,,,,,,,,,,,,,,,,,,,,,,,,,,,,,,,,,,,,,,,,,,,,,,,,,,,,,,,,,,,,,,,,,,,,,,,,,,,,,,,,,,,,,,,,,,,,,,,,,,,,,,,,,,,,,,,,,,,,,,,,,,,,,,,,,,,,,,,,,,,,,,,,,,,,,,,,,,,,,,,,,,,,,,,,,,,
f3e42ee6-1b93-4ab9-9d71-812aaec25e88,3616,2,00:42:11.152,87,11,16,Shot,151,217,Barcelona,4,From Throw In,217,Barcelona,0.6294,,78b555fa-5b2f-4c66-8ced-62d1dd61a8d1,5246,Luis Alberto Suárez Díaz,23,Center Forward,111.8,45.9,,,,,,,,,,,,,,,,,,,,,,,,,,,,,,,,,,,,,,,,,,,,,,,,,,,,,,0.48487863,120.0,41.3,,97.0,Goal,87.0,Open Play,True,93.0,Normal,38.0,Left Foot,105.5,19.6,3958.0,Pedro Eliezer Rodríguez Ledesma,13.0,Right Center Midfield,True,109.7,32.6,4320.0,Neymar da Silva Santos Junior,21.0,Left Wing,True,96.4,35.9,20131.0,Xavier Hernández Creus,15.0,Left Center Midfield,True,97.3,46.6,5503.0,Lionel Andrés Messi Cuccittini,17.0,Right Wing,True,107.2,24.2,27237.0,Adrián Javier Gunino Duque,2.0,Right Back,False,105.1,27.6,26573.0,Íñigo López Montaña,3.0,Right Center Back,False,108.1,36.6,27239.0,Aleksandar Pantić,5.0,Left Center Back,False,103.8,34.2,24811.0,David Omar Rodríguez Barrera,11.0,Left Defensive Midfield,False,99.6,37.2,3160.0,Rene Krhin,9.0,Right Defensive Midfield,False,100.2,42.9,24136.0,Federico Vico Villegas,17.0,Right Wing,False,110.2,45.8,27238.0,Edimar Curitiba Fraga,6.0,Left Back,False,117.8,39.0,24255.0,Juan Carlos Martín Corral,1.0,Goalkeeper,False,91.9,16.8,23825.0,Fidel Chaves de la Torre,21.0,Left Wing,False,,,,,,,,,,,,,,,,,0.0
