id,index,period,timestamp,minute,second,type_id,type_name,possession,possession_team_id,possession_team_name,play_pattern_id,play_pattern_name,team_id,team_name,duration,tactics,related_events_0,player_id,player_name,position_id,position_name,location_0,location_1,pass,carry,under_pressure,ball_receipt,dribble,goalkeeper_type_id,goalkeeper_type_name,goalkeeper_outcome_id,goalkeeper_outcome_name,goalkeeper_technique_id,goalkeeper_technique_name,goalkeeper_position_id,goalkeeper_position_name,interception,counterpress,duel,clearance,shot,off_camera,foul_committed,foul_won,miscontrol,out,ball_recovery,substitution,block,injury_stoppage,goalkeeper,pass_recipient_id,pass_recipient_name,pass_length,pass_angle,pass_height_id,pass_height_name,pass_end_location_0,pass_end_location_1,pass_body_part_id,pass_body_part_name,pass_type_id,pass_type_name,related_events_1,carry_end_location_0,carry_end_location_1,pass_switch,related_events_2,pass_outcome_id,pass_outcome_name,ball_receipt_outcome_id,ball_receipt_outcome_name,clearance_right_foot,clearance_body_part_id,clearance_body_part_name,dribble_outcome_id,dribble_outcome_name,foul_committed_advantage,foul_won_advantage,pass_cross,pass_cut_back,pass_assisted_shot_id,pass_goal_assist,shot_statsbomb_xg,shot_end_location_0,shot_end_location_1,shot_end_location_2,shot_key_pass_id,shot_type_id,shot_type_name,shot_outcome_id,shot_outcome_name,shot_technique_id,shot_technique_name,shot_body_part_id,shot_body_part_name,shot_freeze_frame_0_location_0,shot_freeze_frame_0_location_1,shot_freeze_frame_0_player_id,shot_freeze_frame_0_player_name,shot_freeze_frame_0_position_id,shot_freeze_frame_0_position_name,shot_freeze_frame_0_teammate,shot_freeze_frame_1_location_0,shot_freeze_frame_1_location_1,shot_freeze_frame_1_player_id,shot_freeze_frame_1_player_name,shot_freeze_frame_1_position_id,shot_freeze_frame_1_position_name,shot_freeze_frame_1_teammate,shot_freeze_frame_2_location_0,shot_freeze_frame_2_location_1,shot_freeze_frame_2_player_id,shot_freeze_frame_2_player_name,shot_freeze_frame_2_position_id,shot_freeze_frame_2_position_name,shot_freeze_frame_2_teammate,shot_freeze_frame_3_location_0,shot_freeze_frame_3_location_1,shot_freeze_frame_3_player_id,shot_freeze_frame_3_player_name,shot_freeze_frame_3_position_id,shot_freeze_frame_3_position_name,shot_freeze_frame_3_teammate,shot_freeze_frame_4_location_0,shot_freeze_frame_4_location_1,shot_freeze_frame_4_player_id,shot_freeze_frame_4_player_name,shot_freeze_frame_4_position_id,shot_freeze_frame_4_position_name,shot_freeze_frame_4_teammate,shot_freeze_frame_5_location_0,shot_freeze_frame_5_location_1,shot_freeze_frame_5_player_id,shot_freeze_frame_5_player_name,shot_freeze_frame_5_position_id,shot_freeze_frame_5_position_name,shot_freeze_frame_5_teammate,shot_freeze_frame_6_location_0,shot_freeze_frame_6_location_1,shot_freeze_frame_6_player_id,shot_freeze_frame_6_player_name,shot_freeze_frame_6_position_id,shot_freeze_frame_6_position_name,shot_freeze_frame_6_teammate,shot_freeze_frame_7_location_0,shot_freeze_frame_7_location_1,shot_freeze_frame_7_player_id,shot_freeze_frame_7_player_name,shot_freeze_frame_7_position_id,shot_freeze_frame_7_position_name,shot_freeze_frame_7_teammate,shot_freeze_frame_8_location_0,shot_freeze_frame_8_location_1,shot_freeze_frame_8_player_id,shot_freeze_frame_8_player_name,shot_freeze_frame_8_position_id,shot_freeze_frame_8_position_name,shot_freeze_frame_8_teammate,shot_freeze_frame_9_location_0,shot_freeze_frame_9_location_1,shot_freeze_frame_9_player_id,shot_freeze_frame_9_player_name,shot_freeze_frame_9_position_id,shot_freeze_frame_9_position_name,shot_freeze_frame_9_teammate
bd0d3ce6-2916-477b-8bba-03bdef99a783,3523,2,00:33:41.882,78,41,23,Goal Keeper,188,217,Barcelona,1,Regular Play,215,Athletic Club,0.0,,e1e7658d-7614-419f-a4f2-d484ef394ef2,6576,Gorka Iraizoz Moreno,1,Goalkeeper,11.1,45.7,,,,,,26.0,Goal Conceded,55.0,No Touch,45.0,Diving,44.0,Set,,,,,,,,,,,,,,,,,,,,,,,,,,,,,,,,,,,,,,,,,,,,,,,,,,,,,,,,,,,,,,,,,,,,,,,,,,,,,,,,,,,,,,,,,,,,,,,,,,,,,,,,,,,,,,,,,,,,,,,,,,,,,,,,,,
10762a7c-2fc4-427d-b884-2c6f71dc49e2,3527,2,00:34:51.205,79,51,2,Ball Recovery,190,217,Barcelona,1,Regular Play,217,Barcelona,0.0,,7e1d2107-dcb0-4424-b524-64c3e680cef7,3508,Sandro Ramírez Castillo,21,Left Wing,66.5,67.2,,,,,,,,,,,,,,,,,,,True,,,,,,,,,,,,,,,,,,,,,,,,,,,,,,,,,,,,,,,,,,,,,,,,,,,,,,,,,,,,,,,,,,,,,,,,,,,,,,,,,,,,,,,,,,,,,,,,,,,,,,,,,,,,,,,,,,,,,,,,,,,,
ca3aa60b-895a-4c19-9256-84d5cc4d097c,3528,2,00:34:53.712,79,53,22,Foul Committed,190,217,Barcelona,1,Regular Play,215,Athletic Club,0.0,,92daa331-846d-4be6-8a0f-5add6a77dfbe,6617,Ibai Gómez Pérez,17,Right Wing,58.7,26.0,,,,,,,,,,,,,,,,,,,,,,,,,,,,,,,,,,,,,,,,,,,,,,,,,,,,,,,,,,,,,,,,,,,,,,,,,,,,,,,,,,,,,,,,,,,,,,,,,,,,,,,,,,,,,,,,,,,,,,,,,,,,,,,,,,,,,,,,,,,,,,,
92daa331-846d-4be6-8a0f-5add6a77dfbe,3529,2,00:34:53.712,79,53,21,Foul Won,190,217,Barcelona,1,Regular Play,217,Barcelona,0.0,,ca3aa60b-895a-4c19-9256-84d5cc4d097c,3508,Sandro Ramírez Castillo,21,Left Wing,62.3,55.0,,,True,,,,,,,,,,,,,,,,,,,,,,,,,,,,,,,,,,,,,,,,,,,,,,,,,,,,,,,,,,,,,,,,,,,,,,,,,,,,,,,,,,,,,,,,,,,,,,,,,,,,,,,,,,,,,,,,,,,,,,,,,,,,,,,,,,,,,,,,,,,,
76d266bd-4cfd-4db2-9bd1-290078aa7f92,3530,2,00:35:07.634,80,7,30,Pass,191,217,Barcelona,3,From Free Kick,217,Barcelona,1.312518,,a1ce317b-6acd-4b7f-b3a5-95b18dfa22a5,5470,Ivan Rakitić,13,Right Center Midfield,56.6,71.0,,,,,,,,,,,,,,,,,,,,,,,,,,,,,5213.0,Gerard Piqué Bernabéu,12.940248,-2.3616588,1.0,Ground Pass,47.4,61.9,40.0,Right Foot,62.0,Free Kick,,,,,,,,,,,,,,,,,,,,,,,,,,,,,,,,,,,,,,,,,,,,,,,,,,,,,,,,,,,,,,,,,,,,,,,,,,,,,,,,,,,,,,,,,,,,,,,,,,,,,,,
a1ce317b-6acd-4b7f-b3a5-95b18dfa22a5,3531,2,00:35:08.947,80,8,42,Ball Receipt*,191,217,Barcelona,3,From Free Kick,217,Barcelona,,,76d266bd-4cfd-4db2-9bd1-290078aa7f92,5213,Gerard Piqué Bernabéu,3,Right Center Back,47.4,61.9,,,,,,,,,,,,,,,,,,,,,,,,,,,,,,,,,,,,,,,,,,,,,,,,,,,,,,,,,,,,,,,,,,,,,,,,,,,,,,,,,,,,,,,,,,,,,,,,,,,,,,,,,,,,,,,,,,,,,,,,,,,,,,,,,,,,,,,,,,,,,,,
f5a6bd85-722c-492f-a2cc-287af52a01c9,3532,2,00:35:08.947,80,8,43,Carry,191,217,Barcelona,3,From Free Kick,217,Barcelona,3.413969,,2b289060-1611-4d20-bb92-4c3b81e98c1d,5213,Gerard Piqué Bernabéu,3,Right Center Back,47.4,61.9,,,,,,,,,,,,,,,,,,,,,,,,,,,,,,,,,,,,,,,,,a1ce317b-6acd-4b7f-b3a5-95b18dfa22a5,47.4,61.9,,,,,,,,,,,,,,,,,,,,,,,,,,,,,,,,,,,,,,,,,,,,,,,,,,,,,,,,,,,,,,,,,,,,,,,,,,,,,,,,,,,,,,,,,,,,,,,,,,,,
2b289060-1611-4d20-bb92-4c3b81e98c1d,3533,2,00:35:12.361,80,12,30,Pass,191,217,Barcelona,3,From Free Kick,217,Barcelona,3.317425,,cb70908a-40ff-480c-83f2-b51a1b45a22d,5213,Gerard Piqué Bernabéu,3,Right Center Back,47.4,61.9,,,,,,,,,,,,,,,,,,,,,,,,,,,,,5211.0,Jordi Alba Ramos,61.296818,-1.342041,3.0,High Pass,61.3,2.2,40.0,Right Foot,,,,,,True,,,,,,,,,,,,,,,,,,,,,,,,,,,,,,,,,,,,,,,,,,,,,,,,,,,,,,,,,,,,,,,,,,,,,,,,,,,,,,,,,,,,,,,,,,,,,,,,,,,
cb70908a-40ff-480c-83f2-b51a1b45a22d,3534,2,00:35:15.678,80,15,42,Ball Receipt*,191,217,Barcelona,3,From Free Kick,217,Barcelona,,,2b289060-1611-4d20-bb92-4c3b81e98c1d,5211,Jordi Alba Ramos,6,Left Back,61.3,2.2,,,,,,,,,,,,,,,,,,,,,,,,,,,,,,,,,,,,,,,,,,,,,,,,,,,,,,,,,,,,,,,,,,,,,,,,,,,,,,,,,,,,,,,,,,,,,,,,,,,,,,,,,,,,,,,,,,,,,,,,,,,,,,,,,,,,,,,,,,,,,,,
083ebc1c-4162-409a-85c1-27cbeeb8d7fa,3535,2,00:35:15.678,80,15,43,Carry,191,217,Barcelona,3,From Free Kick,217,Barcelona,0.039975002,,6eef2406-a4c3-40ce-9d1a-d1b6f1178a10,5211,Jordi Alba Ramos,6,Left Back,61.3,2.2,,,,,,,,,,,,,,,,,,,,,,,,,,,,,,,,,,,,,,,,,cb70908a-40ff-480c-83f2-b51a1b45a22d,60.6,2.9,,,,,,,,,,,,,,,,,,,,,,,,,,,,,,,,,,,,,,,,,,,,,,,,,,,,,,,,,,,,,,,,,,,,,,,,,,,,,,,,,,,,,,,,,,,,,,,,,,,,
6eef2406-a4c3-40ce-9d1a-d1b6f1178a10,3536,2,00:35:15.718,80,15,30,Pass,191,217,Barcelona,3,From Free Kick,217,Barcelona,1.360544,,e695883a-62e9-463e-a19a-5092cb822213,5211,Jordi Alba Ramos,6,Left Back,60.6,2.9,,,,,,,,,,,,,,,,,,,,,,,,,,,,,5216.0,Andrés Iniesta Luján,9.900505,2.3419096,1.0,Ground Pass,53.7,10.0,38.0,Left Foot,,,,,,,,,,,,,,,,,,,,,,,,,,,,,,,,,,,,,,,,,,,,,,,,,,,,,,,,,,,,,,,,,,,,,,,,,,,,,,,,,,,,,,,,,,,,,,,,,,,,,,,,,
e695883a-62e9-463e-a19a-5092cb822213,3537,2,00:35:17.079,80,17,42,Ball Receipt*,191,217,Barcelona,3,From Free Kick,217,Barcelona,,,6eef2406-a4c3-40ce-9d1a-d1b6f1178a10,5216,Andrés Iniesta Luján,15,Left Center Midfield,53.7,10.0,,,,,,,,,,,,,,,,,,,,,,,,,,,,,,,,,,,,,,,,,,,,,,,,,,,,,,,,,,,,,,,,,,,,,,,,,,,,,,,,,,,,,,,,,,,,,,,,,,,,,,,,,,,,,,,,,,,,,,,,,,,,,,,,,,,,,,,,,,,,,,,
369be51b-5e77-4366-b846-c1b56c237cf7,3538,2,00:35:17.079,80,17,43,Carry,191,217,Barcelona,3,From Free Kick,217,Barcelona,1.578668,,3549390c-e7bd-4dba-ad73-7caa99bff3fd,5216,Andrés Iniesta Luján,15,Left Center Midfield,53.7,10.0,,,True,,,,,,,,,,,,,,,,,,,,,,,,,,,,,,,,,,,,,,ae2e7dd3-11cd-4015-b388-77bc06cf43cb,53.5,12.3,,e695883a-62e9-463e-a19a-5092cb822213,,,,,,,,,,,,,,,,,,,,,,,,,,,,,,,,,,,,,,,,,,,,,,,,,,,,,,,,,,,,,,,,,,,,,,,,,,,,,,,,,,,,,,,,,,,,,,,,,,
3549390c-e7bd-4dba-ad73-7caa99bff3fd,3539,2,00:35:17.894,80,17,17,Pressure,191,217,Barcelona,3,From Free Kick,215,Athletic Club,0.443518,,369be51b-5e77-4366-b846-c1b56c237cf7,6388,Ander Iturraspe Derteano,9,Right Defensive Midfield,66.7,69.9,,,,,,,,,,,,,,,,,,,,,,,,,,,,,,,,,,,,,,,,,,,,,,,,,,,,,,,,,,,,,,,,,,,,,,,,,,,,,,,,,,,,,,,,,,,,,,,,,,,,,,,,,,,,,,,,,,,,,,,,,,,,,,,,,,,,,,,,,,,,,,,
ae2e7dd3-11cd-4015-b388-77bc06cf43cb,3540,2,00:35:18.657,80,18,30,Pass,191,217,Barcelona,3,From Free Kick,217,Barcelona,2.561644,,1f6fca2a-4fdf-4ff1-ba2f-9e9abaee88e9,5216,Andrés Iniesta Luján,15,Left Center Midfield,53.5,12.3,,,,,,,,,,,,,,,,,,,,,,,,,,,,,5213.0,Gerard Piqué Bernabéu,52.57604,1.9816821,3.0,High Pass,32.5,60.5,40.0,Right Foot,,,,,,True,,,,,,,,,,,,,,,,,,,,,,,,,,,,,,,,,,,,,,,,,,,,,,,,,,,,,,,,,,,,,,,,,,,,,,,,,,,,,,,,,,,,,,,,,,,,,,,,,,,
1f6fca2a-4fdf-4ff1-ba2f-9e9abaee88e9,3541,2,00:35:21.219,80,21,42,Ball Receipt*,191,217,Barcelona,3,From Free Kick,217,Barcelona,,,ae2e7dd3-11cd-4015-b388-77bc06cf43cb,5213,Gerard Piqué Bernabéu,3,Right Center Back,32.5,60.5,,,,,,,,,,,,,,,,,,,,,,,,,,,,,,,,,,,,,,,,,,,,,,,,,,,,,,,,,,,,,,,,,,,,,,,,,,,,,,,,,,,,,,,,,,,,,,,,,,,,,,,,,,,,,,,,,,,,,,,,,,,,,,,,,,,,,,,,,,,,,,,
68d0c660-3350-4d2e-a0f9-c8043efafdf0,3542,2,00:35:21.219,80,21,43,Carry,191,217,Barcelona,3,From Free Kick,217,Barcelona,1.661866,,1f6fca2a-4fdf-4ff1-ba2f-9e9abaee88e9,5213,Gerard Piqué Bernabéu,3,Right Center Back,32.5,60.5,,,,,,,,,,,,,,,,,,,,,,,,,,,,,,,,,,,,,,,,,9886fba9-51c9-4626-bfdf-080fb2f9b1bb,30.4,66.6,,,,,,,,,,,,,,,,,,,,,,,,,,,,,,,,,,,,,,,,,,,,,,,,,,,,,,,,,,,,,,,,,,,,,,,,,,,,,,,,,,,,,,,,,,,,,,,,,,,,
9886fba9-51c9-4626-bfdf-080fb2f9b1bb,3543,2,00:35:22.881,80,22,30,Pass,191,217,Barcelona,3,From Free Kick,217,Barcelona,1.244462,,f717c275-5ccf-46bd-8ac8-6a91768fdaad,5213,Gerard Piqué Bernabéu,3,Right Center Back,30.4,66.6,,,,,,,,,,,,,,,,,,,,,,,,,,,,,6593.0,Martín Montoya Torralbo,14.480677,0.91762704,1.0,Ground Pass,39.2,78.1,40.0,Right Foot,,,,,,,,,,,,,,,,,,,,,,,,,,,,,,,,,,,,,,,,,,,,,,,,,,,,,,,,,,,,,,,,,,,,,,,,,,,,,,,,,,,,,,,,,,,,,,,,,,,,,,,,,
f717c275-5ccf-46bd-8ac8-6a91768fdaad,3544,2,00:35:24.125,80,24,42,Ball Receipt*,191,217,Barcelona,3,From Free Kick,217,Barcelona,,,9886fba9-51c9-4626-bfdf-080fb2f9b1bb,6593,Martín Montoya Torralbo,2,Right Back,39.2,78.1,,,,,,,,,,,,,,,,,,,,,,,,,,,,,,,,,,,,,,,,,,,,,,,,,,,,,,,,,,,,,,,,,,,,,,,,,,,,,,,,,,,,,,,,,,,,,,,,,,,,,,,,,,,,,,,,,,,,,,,,,,,,,,,,,,,,,,,,,,,,,,,
a301a7a3-93f3-4efe-ba6a-861c564c1772,3545,2,00:35:24.125,80,24,43,Carry,191,217,Barcelona,3,From Free Kick,217,Barcelona,1.010903,,d87c7f44-d545-4d0e-8c70-2499993645a4,6593,Martín Montoya Torralbo,2,Right Back,39.2,78.1,,,,,,,,,,,,,,,,,,,,,,,,,,,,,,,,,,,,,,,,,f717c275-5ccf-46bd-8ac8-6a91768fdaad,39.8,78.1,,,,,,,,,,,,,,,,,,,,,,,,,,,,,,,,,,,,,,,,,,,,,,,,,,,,,,,,,,,,,,,,,,,,,,,,,,,,,,,,,,,,,,,,,,,,,,,,,,,,
d87c7f44-d545-4d0e-8c70-2499993645a4,3546,2,00:35:25.136,80,25,30,Pass,191,217,Barcelona,3,From Free Kick,217,Barcelona,1.801788,,ea51432e-5ee7-49e3-ab67-b6f6123bcc28,6593,Martín Montoya Torralbo,2,Right Back,39.8,78.1,,,,,,,,,,,,,,,,,,,,,,,,,,,,,5203.0,Sergio Busquets i Burgos,20.640978,-1.5077732,1.0,Ground Pass,41.1,57.5,40.0,Right Foot,,,,,,,,,,,,,,,,,,,,,,,,,,,,,,,,,,,,,,,,,,,,,,,,,,,,,,,,,,,,,,,,,,,,,,,,,,,,,,,,,,,,,,,,,,,,,,,,,,,,,,,,,
ea51432e-5ee7-49e3-ab67-b6f6123bcc28,3547,2,00:35:26.938,80,26,42,Ball Receipt*,191,217,Barcelona,3,From Free Kick,217,Barcelona,,,d87c7f44-d545-4d0e-8c70-2499993645a4,5203,Sergio Busquets i Burgos,10,Center Defensive Midfield,41.1,57.5,,,,,,,,,,,,,,,,,,,,,,,,,,,,,,,,,,,,,,,,,,,,,,,,,,,,,,,,,,,,,,,,,,,,,,,,,,,,,,,,,,,,,,,,,,,,,,,,,,,,,,,,,,,,,,,,,,,,,,,,,,,,,,,,,,,,,,,,,,,,,,,
6df2d5da-b6d0-45d5-8631-621a4a4fec7b,3548,2,00:35:26.938,80,26,43,Carry,191,217,Barcelona,3,From Free Kick,217,Barcelona,0.040025,,8aedfd92-af9c-463e-afa5-b6693a2a1663,5203,Sergio Busquets i Burgos,10,Center Defensive Midfield,41.1,57.5,,,,,,,,,,,,,,,,,,,,,,,,,,,,,,,,,,,,,,,,,ea51432e-5ee7-49e3-ab67-b6f6123bcc28,41.3,57.5,,,,,,,,,,,,,,,,,,,,,,,,,,,,,,,,,,,,,,,,,,,,,,,,,,,,,,,,,,,,,,,,,,,,,,,,,,,,,,,,,,,,,,,,,,,,,,,,,,,,
8aedfd92-af9c-463e-afa5-b6693a2a1663,3549,2,00:35:26.978,80,26,30,Pass,191,217,Barcelona,3,From Free Kick,217,Barcelona,1.484088,,17308762-e1ed-4199-b01f-e518f3d73d21,5203,Sergio Busquets i Burgos,10,Center Defensive Midfield,41.3,57.5,,,,,,,,,,,,,,,,,,,,,,,,,,,,,5470.0,Ivan Rakitić,10.722406,1.2283998,3.0,High Pass,44.9,67.6,40.0,Right Foot,,,,,,,,,,,,,,,,,,,,,,,,,,,,,,,,,,,,,,,,,,,,,,,,,,,,,,,,,,,,,,,,,,,,,,,,,,,,,,,,,,,,,,,,,,,,,,,,,,,,,,,,,
17308762-e1ed-4199-b01f-e518f3d73d21,3550,2,00:35:28.462,80,28,42,Ball Receipt*,191,217,Barcelona,3,From Free Kick,217,Barcelona,,,8aedfd92-af9c-463e-afa5-b6693a2a1663,5470,Ivan Rakitić,13,Right Center Midfield,44.9,67.6,,,,,,,,,,,,,,,,,,,,,,,,,,,,,,,,,,,,,,,,,,,,,,,,,,,,,,,,,,,,,,,,,,,,,,,,,,,,,,,,,,,,,,,,,,,,,,,,,,,,,,,,,,,,,,,,,,,,,,,,,,,,,,,,,,,,,,,,,,,,,,,
60a0a79e-99a1-447d-96d0-57aadc752bb1,3551,2,00:35:28.462,80,28,43,Carry,191,217,Barcelona,3,From Free Kick,217,Barcelona,0.937098,,17308762-e1ed-4199-b01f-e518f3d73d21,5470,Ivan Rakitić,13,Right Center Midfield,44.9,67.6,,,,,,,,,,,,,,,,,,,,,,,,,,,,,,,,,,,,,,,,,2e9d960d-7c11-4428-a69d-eee251b081d1,42.8,69.1,,,,,,,,,,,,,,,,,,,,,,,,,,,,,,,,,,,,,,,,,,,,,,,,,,,,,,,,,,,,,,,,,,,,,,,,,,,,,,,,,,,,,,,,,,,,,,,,,,,,
2e9d960d-7c11-4428-a69d-eee251b081d1,3552,2,00:35:29.399,80,29,30,Pass,191,217,Barcelona,3,From Free Kick,217,Barcelona,0.917814,,e0abeb31-1c25-48e8-9a0a-3bfabeae6dc7,5470,Ivan Rakitić,13,Right Center Midfield,42.8,69.1,,,,,,,,,,,,,,,,,,,,,,,,,,,,,6593.0,Martín Montoya Torralbo,7.4732857,1.3550302,1.0,Ground Pass,44.4,76.4,40.0,Right Foot,,,,,,,,,,,,,,,,,,,,,,,,,,,,,,,,,,,,,,,,,,,,,,,,,,,,,,,,,,,,,,,,,,,,,,,,,,,,,,,,,,,,,,,,,,,,,,,,,,,,,,,,,
e0abeb31-1c25-48e8-9a0a-3bfabeae6dc7,3553,2,00:35:30.317,80,30,42,Ball Receipt*,191,217,Barcelona,3,From Free Kick,217,Barcelona,,,2e9d960d-7c11-4428-a69d-eee251b081d1,6593,Martín Montoya Torralbo,2,Right Back,44.4,76.4,,,,,,,,,,,,,,,,,,,,,,,,,,,,,,,,,,,,,,,,,,,,,,,,,,,,,,,,,,,,,,,,,,,,,,,,,,,,,,,,,,,,,,,,,,,,,,,,,,,,,,,,,,,,,,,,,,,,,,,,,,,,,,,,,,,,,,,,,,,,,,,
6517b683-f89e-4005-9f57-0f855c183b08,3554,2,00:35:30.317,80,30,43,Carry,191,217,Barcelona,3,From Free Kick,217,Barcelona,1.152934,,10c83528-e33b-46e1-85d8-1c5a5df10f85,6593,Martín Montoya Torralbo,2,Right Back,44.4,76.4,,,,,,,,,,,,,,,,,,,,,,,,,,,,,,,,,,,,,,,,,e0abeb31-1c25-48e8-9a0a-3bfabeae6dc7,47.4,76.6,,,,,,,,,,,,,,,,,,,,,,,,,,,,,,,,,,,,,,,,,,,,,,,,,,,,,,,,,,,,,,,,,,,,,,,,,,,,,,,,,,,,,,,,,,,,,,,,,,,,
10c83528-e33b-46e1-85d8-1c5a5df10f85,3555,2,00:35:31.470,80,31,30,Pass,191,217,Barcelona,3,From Free Kick,217,Barcelona,0.976781,,4195f1ce-e197-4915-8618-1cffb4c8994b,6593,Martín Montoya Torralbo,2,Right Back,47.4,76.6,,,,,,,,,,,,,,,,,,,,,,,,,,,,,5503.0,Lionel Andrés Messi Cuccittini,15.158496,-0.24657866,1.0,Ground Pass,62.1,72.9,40.0,Right Foot,,,,,,,,,,,,,,,,,,,,,,,,,,,,,,,,,,,,,,,,,,,,,,,,,,,,,,,,,,,,,,,,,,,,,,,,,,,,,,,,,,,,,,,,,,,,,,,,,,,,,,,,,
4195f1ce-e197-4915-8618-1cffb4c8994b,3556,2,00:35:32.447,80,32,42,Ball Receipt*,191,217,Barcelona,3,From Free Kick,217,Barcelona,,,10c83528-e33b-46e1-85d8-1c5a5df10f85,5503,Lionel Andrés Messi Cuccittini,23,Center Forward,62.1,72.9,,,,,,,,,,,,,,,,,,,,,,,,,,,,,,,,,,,,,,,,,,,,,,,,,,,,,,,,,,,,,,,,,,,,,,,,,,,,,,,,,,,,,,,,,,,,,,,,,,,,,,,,,,,,,,,,,,,,,,,,,,,,,,,,,,,,,,,,,,,,,,,
2b0a650a-598c-46a9-af47-ad23c8c0c1ba,3557,2,00:35:32.447,80,32,43,Carry,191,217,Barcelona,3,From Free Kick,217,Barcelona,1.250208,,135897bb-cc0d-4420-813b-f0712728f392,5503,Lionel Andrés Messi Cuccittini,23,Center Forward,62.1,72.9,,,True,,,,,,,,,,,,,,,,,,,,,,,,,,,,,,,,,,,,,,1554ca4d-5a78-4533-b80d-9dd745ef0e96,62.7,72.2,,4195f1ce-e197-4915-8618-1cffb4c8994b,,,,,,,,,,,,,,,,,,,,,,,,,,,,,,,,,,,,,,,,,,,,,,,,,,,,,,,,,,,,,,,,,,,,,,,,,,,,,,,,,,,,,,,,,,,,,,,,,,
1554ca4d-5a78-4533-b80d-9dd745ef0e96,3558,2,00:35:33.015,80,33,17,Pressure,191,217,Barcelona,3,From Free Kick,215,Athletic Club,0.69984,,135897bb-cc0d-4420-813b-f0712728f392,6789,Mikel Balenziaga Oruesagasti,6,Left Back,58.5,8.6,,,,,,,,,,,,,,,,,,,,,,,,,,,,,,,,,,,,,,,,,2b0a650a-598c-46a9-af47-ad23c8c0c1ba,,,,,,,,,,,,,,,,,,,,,,,,,,,,,,,,,,,,,,,,,,,,,,,,,,,,,,,,,,,,,,,,,,,,,,,,,,,,,,,,,,,,,,,,,,,,,,,,,,,,,,
135897bb-cc0d-4420-813b-f0712728f392,3559,2,00:35:33.697,80,33,30,Pass,191,217,Barcelona,3,From Free Kick,217,Barcelona,0.851232,,1554ca4d-5a78-4533-b80d-9dd745ef0e96,5503,Lionel Andrés Messi Cuccittini,23,Center Forward,62.7,72.2,,,True,,,,,,,,,,,,,,,,,,,,,,,,,,5203.0,Sergio Busquets i Burgos,11.423222,-1.2130502,1.0,Ground Pass,66.7,61.5,38.0,Left Foot,,,777301a3-c5f9-49a6-b200-fb216be8eb0b,,,,,,,,,,,,,,,,,,,,,,,,,,,,,,,,,,,,,,,,,,,,,,,,,,,,,,,,,,,,,,,,,,,,,,,,,,,,,,,,,,,,,,,,,,,,,,,,,,,,,,
777301a3-c5f9-49a6-b200-fb216be8eb0b,3560,2,00:35:34.548,80,34,42,Ball Receipt*,191,217,Barcelona,3,From Free Kick,217,Barcelona,,,135897bb-cc0d-4420-813b-f0712728f392,5203,Sergio Busquets i Burgos,10,Center Defensive Midfield,66.7,61.5,,,,,,,,,,,,,,,,,,,,,,,,,,,,,,,,,,,,,,,,,,,,,,,,,,,,,,,,,,,,,,,,,,,,,,,,,,,,,,,,,,,,,,,,,,,,,,,,,,,,,,,,,,,,,,,,,,,,,,,,,,,,,,,,,,,,,,,,,,,,,,,
67f99e87-192a-4044-9b20-a0a6ea39d080,3561,2,00:35:34.548,80,34,43,Carry,191,217,Barcelona,3,From Free Kick,217,Barcelona,2.686805,,5190cfb6-4e66-4a98-a131-8c6b8dc12266,5203,Sergio Busquets i Burgos,10,Center Defensive Midfield,66.7,61.5,,,,,,,,,,,,,,,,,,,,,,,,,,,,,,,,,,,,,,,,,777301a3-c5f9-49a6-b200-fb216be8eb0b,76.6,57.9,,,,,,,,,,,,,,,,,,,,,,,,,,,,,,,,,,,,,,,,,,,,,,,,,,,,,,,,,,,,,,,,,,,,,,,,,,,,,,,,,,,,,,,,,,,,,,,,,,,,
5190cfb6-4e66-4a98-a131-8c6b8dc12266,3562,2,00:35:37.235,80,37,30,Pass,191,217,Barcelona,3,From Free Kick,217,Barcelona,2.02484,,3ad6c191-a2bb-41ca-bad9-93bb3b19638b,5203,Sergio Busquets i Burgos,10,Center Defensive Midfield,76.6,57.9,,,,,,,,,,,,,,,,,,,,,,,,,,,,,5503.0,Lionel Andrés Messi Cuccittini,27.195587,-1.2490457,1.0,Ground Pass,85.2,32.1,40.0,Right Foot,,,f676cace-236c-4fda-a556-eca8244f18f0,,,,,9.0,Incomplete,,,,,,,,,,,,,,,,,,,,,,,,,,,,,,,,,,,,,,,,,,,,,,,,,,,,,,,,,,,,,,,,,,,,,,,,,,,,,,,,,,,,,,,,,,,,,,,,
f676cace-236c-4fda-a556-eca8244f18f0,3563,2,00:35:39.260,80,39,42,Ball Receipt*,191,217,Barcelona,3,From Free Kick,217,Barcelona,,,5190cfb6-4e66-4a98-a131-8c6b8dc12266,5503,Lionel Andrés Messi Cuccittini,23,Center Forward,84.8,34.4,,,,,,,,,,,,,,,,,,,,,,,,,,,,,,,,,,,,,,,,,,,,,,,,9.0,Incomplete,,,,,,,,,,,,,,,,,,,,,,,,,,,,,,,,,,,,,,,,,,,,,,,,,,,,,,,,,,,,,,,,,,,,,,,,,,,,,,,,,,,,,,,,,,,,,,
3ad6c191-a2bb-41ca-bad9-93bb3b19638b,3564,2,00:35:39.260,80,39,9,Clearance,191,217,Barcelona,3,From Free Kick,215,Athletic Club,0.0,,5190cfb6-4e66-4a98-a131-8c6b8dc12266,6649,Óscar de Marcos Arana,2,Right Back,35.8,48.9,,,True,,,,,,,,,,,,,,,,,,,,,,,,,,,,,,,,,,,,,,,,,,,,,,,True,40.0,Right Foot,,,,,,,,,,,,,,,,,,,,,,,,,,,,,,,,,,,,,,,,,,,,,,,,,,,,,,,,,,,,,,,,,,,,,,,,,,,,,,,,,,,,,,,,,,,
213fd60e-d70c-4dc7-96ee-c3715d91b4b1,3565,2,00:35:42.344,80,42,30,Pass,191,217,Barcelona,3,From Free Kick,217,Barcelona,2.2287,,cf20b02d-0620-4b22-9310-5dd98e92ea74,5213,Gerard Piqué Bernabéu,3,Right Center Back,46.1,59.2,,,,,,,,,,,,,,,,,,,,,,,,,,,,,,,25.752865,0.14024961,3.0,High Pass,71.6,62.8,37.0,Head,66.0,Recovery,,,,,,9.0,Incomplete,,,,,,,,,,,,,,,,,,,,,,,,,,,,,,,,,,,,,,,,,,,,,,,,,,,,,,,,,,,,,,,,,,,,,,,,,,,,,,,,,,,,,,,,,,,,,,,,
04ba0861-63f2-4c73-b738-323be8538203,3596,2,00:36:06.372,81,6,30,Pass,193,217,Barcelona,6,From Counter,217,Barcelona,1.776057,,58005289-2334-43d2-b2ac-0d7b0c423700,4320,Neymar da Silva Santos Junior,17,Right Wing,55.8,47.4,,,,,,,,,,,,,,,,,,,,,,,,,,,,,5503.0,Lionel Andrés Messi Cuccittini,9.508417,-0.042080406,2.0,Low Pass,65.3,47.0,40.0,Right Foot,66.0,Recovery,f1b87add-1feb-4877-a34a-13a4e0f83fdc,,,,,,,,,,,,,,,,,,,,,,,,,,,,,,,,,,,,,,,,,,,,,,,,,,,,,,,,,,,,,,,,,,,,,,,,,,,,,,,,,,,,,,,,,,,,,,,,,,,,,,
f1b87add-1feb-4877-a34a-13a4e0f83fdc,3597,2,00:36:08.148,81,8,42,Ball Receipt*,193,217,Barcelona,6,From Counter,217,Barcelona,,,04ba0861-63f2-4c73-b738-323be8538203,5503,Lionel Andrés Messi Cuccittini,23,Center Forward,65.3,47.0,,,,,,,,,,,,,,,,,,,,,,,,,,,,,,,,,,,,,,,,,,,,,,,,,,,,,,,,,,,,,,,,,,,,,,,,,,,,,,,,,,,,,,,,,,,,,,,,,,,,,,,,,,,,,,,,,,,,,,,,,,,,,,,,,,,,,,,,,,,,,,,
a180b218-0971-4eb8-a195-d8dbb70f0def,3598,2,00:36:08.148,81,8,43,Carry,193,217,Barcelona,6,From Counter,217,Barcelona,4.344217,,df2369e2-d519-47af-9473-61af50f7f6c8,5503,Lionel Andrés Messi Cuccittini,23,Center Forward,65.3,47.0,,,True,,,,,,,,,,,,,,,,,,,,,,,,,,,,,,,,,,,,,,e8d02e83-4971-40a0-8bca-3f80858a5f34,95.7,34.2,,f1b87add-1feb-4877-a34a-13a4e0f83fdc,,,,,,,,,,,,,,,,,,,,,,,,,,,,,,,,,,,,,,,,,,,,,,,,,,,,,,,,,,,,,,,,,,,,,,,,,,,,,,,,,,,,,,,,,,,,,,,,,,
df2369e2-d519-47af-9473-61af50f7f6c8,3599,2,00:36:10.640,81,10,17,Pressure,193,217,Barcelona,6,From Counter,215,Athletic Club,2.572481,,a180b218-0971-4eb8-a195-d8dbb70f0def,4353,Aymeric Laporte,5,Left Center Back,26.3,42.8,,,,,,,,,,,,,,,True,,,,,,,,,,,,,,,,,,,,,,,,,,e8d02e83-4971-40a0-8bca-3f80858a5f34,,,,,,,,,,,,,,,,,,,,,,,,,,,,,,,,,,,,,,,,,,,,,,,,,,,,,,,,,,,,,,,,,,,,,,,,,,,,,,,,,,,,,,,,,,,,,,,,,,,,,,
e8d02e83-4971-40a0-8bca-3f80858a5f34,3600,2,00:36:12.492,81,12,30,Pass,193,217,Barcelona,6,From Counter,217,Barcelona,1.620386,,4f5df4d2-e4eb-493d-8aad-31e9e8d4e957,5503,Lionel Andrés Messi Cuccittini,23,Center Forward,95.7,34.2,,,True,,,,,,,,,,,,,,,,,,,,,,,,,,4320.0,Neymar da Silva Santos Junior,15.31829,-0.5191461,1.0,Ground Pass,109.0,26.6,38.0,Left Foot,,,df2369e2-d519-47af-9473-61af50f7f6c8,,,,,,,,,,,,,,,,,,,,,,,,,,,,,,,,,,,,,,,,,,,,,,,,,,,,,,,,,,,,,,,,,,,,,,,,,,,,,,,,,,,,,,,,,,,,,,,,,,,,,,
4f5df4d2-e4eb-493d-8aad-31e9e8d4e957,3601,2,00:36:14.113,81,14,42,Ball Receipt*,193,217,Barcelona,6,From Counter,217,Barcelona,,,e8d02e83-4971-40a0-8bca-3f80858a5f34,4320,Neymar da Silva Santos Junior,17,Right Wing,109.0,26.6,,,,,,,,,,,,,,,,,,,,,,,,,,,,,,,,,,,,,,,,,,,,,,,,,,,,,,,,,,,,,,,,,,,,,,,,,,,,,,,,,,,,,,,,,,,,,,,,,,,,,,,,,,,,,,,,,,,,,,,,,,,,,,,,,,,,,,,,,,,,,,,
b5169094-81ca-4b48-98ed-fea7688b4bea,3602,2,00:36:14.113,81,14,43,Carry,193,217,Barcelona,6,From Counter,217,Barcelona,0.08004,,4f5df4d2-e4eb-493d-8aad-31e9e8d4e957,4320,Neymar da Silva Santos Junior,17,Right Wing,109.0,26.6,,,,,,,,,,,,,,,,,,,,,,,,,,,,,,,,,,,,,,,,,9579c290-3010-4334-a5bb-76ea7b9d7e2a,109.0,26.6,,,,,,,,,,,,,,,,,,,,,,,,,,,,,,,,,,,,,,,,,,,,,,,,,,,,,,,,,,,,,,,,,,,,,,,,,,,,,,,,,,,,,,,,,,,,,,,,,,,,
9579c290-3010-4334-a5bb-76ea7b9d7e2a,3603,2,00:36:14.193,81,14,30,Pass,193,217,Barcelona,6,From Counter,217,Barcelona,0.9977,,b0c596b6-060e-4bb6-9e4a-082f43b7fdbc,4320,Neymar da Silva Santos Junior,17,Right Wing,109.0,26.6,,,,,,,,,,,,,,,,,,,,,,,,,,,,,,,14.288807,1.0507822,2.0,Low Pass,116.1,39.0,38.0,Left Foot,,,,,,,,9.0,Incomplete,,,,,,,,,,,,,,,,,,,,,,,,,,,,,,,,,,,,,,,,,,,,,,,,,,,,,,,,,,,,,,,,,,,,,,,,,,,,,,,,,,,,,,,,,,,,,,,,
9687f252-f315-48ec-9bf0-c6278e5f94d0,3642,2,00:37:20.465,82,20,30,Pass,196,217,Barcelona,4,From Throw In,217,Barcelona,1.597584,,a2167823-4c59-4e89-9436-3331ff3eda3c,6593,Martín Montoya Torralbo,2,Right Back,45.9,80.0,,,,,,,,,,,,,,,,,,,,,,,,,,,,,3508.0,Sandro Ramírez Castillo,17.827227,-0.37321484,3.0,High Pass,62.5,73.5,,,67.0,Throw-in,a2e7144c-b06b-4673-aec2-ff943dadf073,,,,,9.0,Incomplete,,,,,,,,,,,,,,,,,,,,,,,,,,,,,,,,,,,,,,,,,,,,,,,,,,,,,,,,,,,,,,,,,,,,,,,,,,,,,,,,,,,,,,,,,,,,,,,,
a2167823-4c59-4e89-9436-3331ff3eda3c,3643,2,00:37:22.063,82,22,42,Ball Receipt*,196,217,Barcelona,4,From Throw In,217,Barcelona,,,9687f252-f315-48ec-9bf0-c6278e5f94d0,3508,Sandro Ramírez Castillo,21,Left Wing,64.6,73.7,,,,,,,,,,,,,,,,,,,,,,,,,,,,,,,,,,,,,,,,,,,,,,,,9.0,Incomplete,,,,,,,,,,,,,,,,,,,,,,,,,,,,,,,,,,,,,,,,,,,,,,,,,,,,,,,,,,,,,,,,,,,,,,,,,,,,,,,,,,,,,,,,,,,,,,
9822d039-4d77-4656-a626-0835642f17fe,3672,2,00:37:51.692,82,51,30,Pass,199,217,Barcelona,1,Regular Play,217,Barcelona,2.379303,,df473a81-8bb7-4082-9012-fb4da37d6548,5213,Gerard Piqué Bernabéu,3,Right Center Back,36.5,41.5,,,,,,,,,,,,,,,,,,,,,,,,,,,,,4320.0,Neymar da Silva Santos Junior,32.75668,-0.8588588,3.0,High Pass,57.9,16.7,37.0,Head,66.0,Recovery,f1417a11-b584-4cad-b594-0c3ec39c45f5,,,,,,,,,,,,,,,,,,,,,,,,,,,,,,,,,,,,,,,,,,,,,,,,,,,,,,,,,,,,,,,,,,,,,,,,,,,,,,,,,,,,,,,,,,,,,,,,,,,,,,
f1417a11-b584-4cad-b594-0c3ec39c45f5,3673,2,00:37:54.071,82,54,42,Ball Receipt*,199,217,Barcelona,1,Regular Play,217,Barcelona,,,9822d039-4d77-4656-a626-0835642f17fe,4320,Neymar da Silva Santos Junior,17,Right Wing,57.9,16.7,,,,,,,,,,,,,,,,,,,,,,,,,,,,,,,,,,,,,,,,,,,,,,,,,,,,,,,,,,,,,,,,,,,,,,,,,,,,,,,,,,,,,,,,,,,,,,,,,,,,,,,,,,,,,,,,,,,,,,,,,,,,,,,,,,,,,,,,,,,,,,,
ce25003d-cdab-4d88-85a9-90e4c9f008a0,3674,2,00:37:54.071,82,54,43,Carry,199,217,Barcelona,1,Regular Play,217,Barcelona,0.112271,,acc51953-6cc1-4efa-a68f-06ddcca4fddc,4320,Neymar da Silva Santos Junior,17,Right Wing,57.9,16.7,,,True,,,,,,,,,,,,,,,,,,,,,,,,,,,,,,,,,,,,,,cc36e044-886f-487d-9c54-0743ab006b43,59.4,16.5,,f1417a11-b584-4cad-b594-0c3ec39c45f5,,,,,,,,,,,,,,,,,,,,,,,,,,,,,,,,,,,,,,,,,,,,,,,,,,,,,,,,,,,,,,,,,,,,,,,,,,,,,,,,,,,,,,,,,,,,,,,,,,
acc51953-6cc1-4efa-a68f-06ddcca4fddc,3675,2,00:37:54.183,82,54,39,Dribbled Past,199,217,Barcelona,1,Regular Play,215,Athletic Club,0.0,,b7235793-5ebf-4d63-8dc1-d97eae2f0251,6842,Iker Muniain Goñi,12,Right Midfield,61.6,64.5,,,,,,,,,,,,,,,True,,,,,,,,,,,,,,,,,,,,,,,,,,cc36e044-886f-487d-9c54-0743ab006b43,,,,ce25003d-cdab-4d88-85a9-90e4c9f008a0,,,,,,,,,,,,,,,,,,,,,,,,,,,,,,,,,,,,,,,,,,,,,,,,,,,,,,,,,,,,,,,,,,,,,,,,,,,,,,,,,,,,,,,,,,,,,,,,,,
cc36e044-886f-487d-9c54-0743ab006b43,3676,2,00:37:54.183,82,54,14,Dribble,199,217,Barcelona,1,Regular Play,217,Barcelona,0.0,,acc51953-6cc1-4efa-a68f-06ddcca4fddc,4320,Neymar da Silva Santos Junior,17,Right Wing,59.4,16.5,,,True,,,,,,,,,,,,,,,,,,,,,,,,,,,,,,,,,,,,,,,,,,,,,,,,,,8.0,Complete,,,,,,,,,,,,,,,,,,,,,,,,,,,,,,,,,,,,,,,,,,,,,,,,,,,,,,,,,,,,,,,,,,,,,,,,,,,,,,,,,,,,,,,,,
b7235793-5ebf-4d63-8dc1-d97eae2f0251,3677,2,00:37:54.183,82,54,43,Carry,199,217,Barcelona,1,Regular Play,217,Barcelona,11.27135,,8b830260-152e-4f8d-b9ff-3458b051b9f2,4320,Neymar da Silva Santos Junior,17,Right Wing,59.4,16.5,,,True,,,,,,,,,,,,,,,,,,,,,,,,,,,,,,,,,,,,,,acc51953-6cc1-4efa-a68f-06ddcca4fddc,86.1,37.1,,cc36e044-886f-487d-9c54-0743ab006b43,,,,,,,,,,,,,,,,,,,,,,,,,,,,,,,,,,,,,,,,,,,,,,,,,,,,,,,,,,,,,,,,,,,,,,,,,,,,,,,,,,,,,,,,,,,,,,,,,,
8b830260-152e-4f8d-b9ff-3458b051b9f2,3678,2,00:38:05.454,83,5,30,Pass,199,217,Barcelona,1,Regular Play,217,Barcelona,2.564826,,3b3516c8-69ef-460c-853d-58103957cc98,4320,Neymar da Silva Santos Junior,17,Right Wing,86.1,37.1,,,,,,,,,,,,,,,,,,,,,,,,,,,,,6593.0,Martín Montoya Torralbo,27.602354,1.827198,1.0,Ground Pass,79.1,63.8,40.0,Right Foot,,,,,,,,,,,,,,,,,,,,,,,,,,,,,,,,,,,,,,,,,,,,,,,,,,,,,,,,,,,,,,,,,,,,,,,,,,,,,,,,,,,,,,,,,,,,,,,,,,,,,,,,,
3b3516c8-69ef-460c-853d-58103957cc98,3679,2,00:38:08.019,83,8,42,Ball Receipt*,199,217,Barcelona,1,Regular Play,217,Barcelona,,,8b830260-152e-4f8d-b9ff-3458b051b9f2,6593,Martín Montoya Torralbo,2,Right Back,79.1,63.8,,,,,,,,,,,,,,,,,,,,,,,,,,,,,,,,,,,,,,,,,,,,,,,,,,,,,,,,,,,,,,,,,,,,,,,,,,,,,,,,,,,,,,,,,,,,,,,,,,,,,,,,,,,,,,,,,,,,,,,,,,,,,,,,,,,,,,,,,,,,,,,
f78022e3-4d5e-4b2d-beff-a15e75ccecdf,3680,2,00:38:08.019,83,8,43,Carry,199,217,Barcelona,1,Regular Play,217,Barcelona,0.07055,,3b3516c8-69ef-460c-853d-58103957cc98,6593,Martín Montoya Torralbo,2,Right Back,79.1,63.8,,,,,,,,,,,,,,,,,,,,,,,,,,,,,,,,,,,,,,,,,af9b21a2-20b5-44ec-9c27-9da79e74163b,82.7,71.6,,,,,,,,,,,,,,,,,,,,,,,,,,,,,,,,,,,,,,,,,,,,,,,,,,,,,,,,,,,,,,,,,,,,,,,,,,,,,,,,,,,,,,,,,,,,,,,,,,,,
af9b21a2-20b5-44ec-9c27-9da79e74163b,3681,2,00:38:08.090,83,8,30,Pass,199,217,Barcelona,1,Regular Play,217,Barcelona,0.930684,,ed8d1b20-822a-48da-82cb-5a13c1ad9e3f,6593,Martín Montoya Torralbo,2,Right Back,82.7,71.6,,,,,,,,,,,,,,,,,,,,,,,,,,,,,5503.0,Lionel Andrés Messi Cuccittini,7.2732387,-1.2490457,1.0,Ground Pass,85.0,64.7,40.0,Right Foot,,,,,,,,,,,,,,,,,,,,,,,,,,,,,,,,,,,,,,,,,,,,,,,,,,,,,,,,,,,,,,,,,,,,,,,,,,,,,,,,,,,,,,,,,,,,,,,,,,,,,,,,,
ed8d1b20-822a-48da-82cb-5a13c1ad9e3f,3682,2,00:38:09.021,83,9,42,Ball Receipt*,199,217,Barcelona,1,Regular Play,217,Barcelona,,,af9b21a2-20b5-44ec-9c27-9da79e74163b,5503,Lionel Andrés Messi Cuccittini,23,Center Forward,85.0,64.7,,,,,,,,,,,,,,,,,,,,,,,,,,,,,,,,,,,,,,,,,,,,,,,,,,,,,,,,,,,,,,,,,,,,,,,,,,,,,,,,,,,,,,,,,,,,,,,,,,,,,,,,,,,,,,,,,,,,,,,,,,,,,,,,,,,,,,,,,,,,,,,
8f417dd7-5b23-49e5-97fc-845613e1b0ef,3683,2,00:38:09.021,83,9,43,Carry,199,217,Barcelona,1,Regular Play,217,Barcelona,2.759756,,19df8797-200d-4d49-802c-86ba78f7de5b,5503,Lionel Andrés Messi Cuccittini,23,Center Forward,85.0,64.7,,,,,,,,,,,,,,,,,,,,,,,,,,,,,,,,,,,,,,,,,ed8d1b20-822a-48da-82cb-5a13c1ad9e3f,84.6,65.3,,,,,,,,,,,,,,,,,,,,,,,,,,,,,,,,,,,,,,,,,,,,,,,,,,,,,,,,,,,,,,,,,,,,,,,,,,,,,,,,,,,,,,,,,,,,,,,,,,,,
19df8797-200d-4d49-802c-86ba78f7de5b,3684,2,00:38:11.780,83,11,30,Pass,199,217,Barcelona,1,Regular Play,217,Barcelona,1.111336,,dbeb3a11-427b-4455-88d7-cd4330f4b3db,5503,Lionel Andrés Messi Cuccittini,23,Center Forward,84.6,65.3,,,,,,,,,,,,,,,,,,,,,,,,,,,,,5470.0,Ivan Rakitić,7.605919,-2.0638473,1.0,Ground Pass,81.0,58.6,38.0,Left Foot,,,,,,,,,,,,,,,,,,,,,,,,,,,,,,,,,,,,,,,,,,,,,,,,,,,,,,,,,,,,,,,,,,,,,,,,,,,,,,,,,,,,,,,,,,,,,,,,,,,,,,,,,
dbeb3a11-427b-4455-88d7-cd4330f4b3db,3685,2,00:38:12.892,83,12,42,Ball Receipt*,199,217,Barcelona,1,Regular Play,217,Barcelona,,,19df8797-200d-4d49-802c-86ba78f7de5b,5470,Ivan Rakitić,13,Right Center Midfield,81.0,58.6,,,,,,,,,,,,,,,,,,,,,,,,,,,,,,,,,,,,,,,,,,,,,,,,,,,,,,,,,,,,,,,,,,,,,,,,,,,,,,,,,,,,,,,,,,,,,,,,,,,,,,,,,,,,,,,,,,,,,,,,,,,,,,,,,,,,,,,,,,,,,,,
93614583-c1fe-4337-99c5-6d027dfa7c81,3686,2,00:38:12.892,83,12,43,Carry,199,217,Barcelona,1,Regular Play,217,Barcelona,0.080024004,,c177a2fc-8faa-417f-a9f4-5a4925757067,5470,Ivan Rakitić,13,Right Center Midfield,81.0,58.6,,,,,,,,,,,,,,,,,,,,,,,,,,,,,,,,,,,,,,,,,dbeb3a11-427b-4455-88d7-cd4330f4b3db,81.0,58.6,,,,,,,,,,,,,,,,,,,,,,,,,,,,,,,,,,,,,,,,,,,,,,,,,,,,,,,,,,,,,,,,,,,,,,,,,,,,,,,,,,,,,,,,,,,,,,,,,,,,
c177a2fc-8faa-417f-a9f4-5a4925757067,3687,2,00:38:12.972,83,12,30,Pass,199,217,Barcelona,1,Regular Play,217,Barcelona,1.429064,,833d9e3b-a664-4190-8bf7-08aa540cc07c,5470,Ivan Rakitić,13,Right Center Midfield,81.0,58.6,,,,,,,,,,,,,,,,,,,,,,,,,,,,,6593.0,Martín Montoya Torralbo,14.403125,0.94812554,1.0,Ground Pass,89.4,70.3,40.0,Right Foot,,,,,,,,,,,,,,,,,,,,,,,,,,,,,,,,,,,,,,,,,,,,,,,,,,,,,,,,,,,,,,,,,,,,,,,,,,,,,,,,,,,,,,,,,,,,,,,,,,,,,,,,,
833d9e3b-a664-4190-8bf7-08aa540cc07c,3688,2,00:38:14.401,83,14,42,Ball Receipt*,199,217,Barcelona,1,Regular Play,217,Barcelona,,,c177a2fc-8faa-417f-a9f4-5a4925757067,6593,Martín Montoya Torralbo,2,Right Back,89.4,70.3,,,,,,,,,,,,,,,,,,,,,,,,,,,,,,,,,,,,,,,,,,,,,,,,,,,,,,,,,,,,,,,,,,,,,,,,,,,,,,,,,,,,,,,,,,,,,,,,,,,,,,,,,,,,,,,,,,,,,,,,,,,,,,,,,,,,,,,,,,,,,,,
22ec949c-b9d6-43e5-90cc-8e6160772b22,3689,2,00:38:14.401,83,14,43,Carry,199,217,Barcelona,1,Regular Play,217,Barcelona,1.302894,,833d9e3b-a664-4190-8bf7-08aa540cc07c,6593,Martín Montoya Torralbo,2,Right Back,89.4,70.3,,,,,,,,,,,,,,,,,,,,,,,,,,,,,,,,,,,,,,,,,98f6132b-d098-468f-b837-47a40c5033c2,89.4,70.3,,,,,,,,,,,,,,,,,,,,,,,,,,,,,,,,,,,,,,,,,,,,,,,,,,,,,,,,,,,,,,,,,,,,,,,,,,,,,,,,,,,,,,,,,,,,,,,,,,,,
98f6132b-d098-468f-b837-47a40c5033c2,3690,2,00:38:15.704,83,15,30,Pass,199,217,Barcelona,1,Regular Play,217,Barcelona,2.09958,,d04c220a-b244-4945-b0c0-540cb4820f54,6593,Martín Montoya Torralbo,2,Right Back,89.4,70.3,,,,,,,,,,,,,,,,,,,,,,,,,,,,,5470.0,Ivan Rakitić,18.768324,-3.0562391,1.0,Ground Pass,70.7,68.7,40.0,Right Foot,,,,,,,,,,,,,,,,,,,,,,,,,,,,,,,,,,,,,,,,,,,,,,,,,,,,,,,,,,,,,,,,,,,,,,,,,,,,,,,,,,,,,,,,,,,,,,,,,,,,,,,,,
d04c220a-b244-4945-b0c0-540cb4820f54,3691,2,00:38:17.803,83,17,42,Ball Receipt*,199,217,Barcelona,1,Regular Play,217,Barcelona,,,98f6132b-d098-468f-b837-47a40c5033c2,5470,Ivan Rakitić,13,Right Center Midfield,70.7,68.7,,,,,,,,,,,,,,,,,,,,,,,,,,,,,,,,,,,,,,,,,,,,,,,,,,,,,,,,,,,,,,,,,,,,,,,,,,,,,,,,,,,,,,,,,,,,,,,,,,,,,,,,,,,,,,,,,,,,,,,,,,,,,,,,,,,,,,,,,,,,,,,
92ea0934-abea-42b8-b01b-01a1572395d2,3692,2,00:38:17.803,83,17,43,Carry,199,217,Barcelona,1,Regular Play,217,Barcelona,1.810268,,9c5d09ba-3093-453b-9dc4-0bb87d35165b,5470,Ivan Rakitić,13,Right Center Midfield,70.7,68.7,,,,,,,,,,,,,,,,,,,,,,,,,,,,,,,,,,,,,,,,,d04c220a-b244-4945-b0c0-540cb4820f54,69.2,67.6,,,,,,,,,,,,,,,,,,,,,,,,,,,,,,,,,,,,,,,,,,,,,,,,,,,,,,,,,,,,,,,,,,,,,,,,,,,,,,,,,,,,,,,,,,,,,,,,,,,,
9c5d09ba-3093-453b-9dc4-0bb87d35165b,3693,2,00:38:19.613,83,19,30,Pass,199,217,Barcelona,1,Regular Play,217,Barcelona,1.03398,,31887986-063c-4e22-80bd-6e2053556f38,5470,Ivan Rakitić,13,Right Center Midfield,69.2,67.6,,,,,,,,,,,,,,,,,,,,,,,,,,,,,5213.0,Gerard Piqué Bernabéu,21.87647,-2.6513665,1.0,Ground Pass,49.9,57.3,40.0,Right Foot,,,,,,,,,,,,,,,,,,,,,,,,,,,,,,,,,,,,,,,,,,,,,,,,,,,,,,,,,,,,,,,,,,,,,,,,,,,,,,,,,,,,,,,,,,,,,,,,,,,,,,,,,
31887986-063c-4e22-80bd-6e2053556f38,3694,2,00:38:20.647,83,20,42,Ball Receipt*,199,217,Barcelona,1,Regular Play,217,Barcelona,,,9c5d09ba-3093-453b-9dc4-0bb87d35165b,5213,Gerard Piqué Bernabéu,3,Right Center Back,49.9,57.3,,,,,,,,,,,,,,,,,,,,,,,,,,,,,,,,,,,,,,,,,,,,,,,,,,,,,,,,,,,,,,,,,,,,,,,,,,,,,,,,,,,,,,,,,,,,,,,,,,,,,,,,,,,,,,,,,,,,,,,,,,,,,,,,,,,,,,,,,,,,,,,
79c5ed9a-2941-4637-b261-38156c876e25,3695,2,00:38:20.647,83,20,43,Carry,199,217,Barcelona,1,Regular Play,217,Barcelona,2.54768,,31887986-063c-4e22-80bd-6e2053556f38,5213,Gerard Piqué Bernabéu,3,Right Center Back,49.9,57.3,,,,,,,,,,,,,,,,,,,,,,,,,,,,,,,,,,,,,,,,,aa32962e-5406-4201-9885-c9645775c58e,49.7,58.6,,,,,,,,,,,,,,,,,,,,,,,,,,,,,,,,,,,,,,,,,,,,,,,,,,,,,,,,,,,,,,,,,,,,,,,,,,,,,,,,,,,,,,,,,,,,,,,,,,,,
aa32962e-5406-4201-9885-c9645775c58e,3696,2,00:38:23.195,83,23,30,Pass,199,217,Barcelona,1,Regular Play,217,Barcelona,1.501796,,bdd9b556-aacd-4b1c-a6e4-acd42d35a79f,5213,Gerard Piqué Bernabéu,3,Right Center Back,49.7,58.6,,,,,,,,,,,,,,,,,,,,,,,,,,,,,5470.0,Ivan Rakitić,19.608418,0.8322952,1.0,Ground Pass,62.9,73.1,40.0,Right Foot,,,,,,,,,,,,,,,,,,,,,,,,,,,,,,,,,,,,,,,,,,,,,,,,,,,,,,,,,,,,,,,,,,,,,,,,,,,,,,,,,,,,,,,,,,,,,,,,,,,,,,,,,
bdd9b556-aacd-4b1c-a6e4-acd42d35a79f,3697,2,00:38:24.697,83,24,42,Ball Receipt*,199,217,Barcelona,1,Regular Play,217,Barcelona,,,aa32962e-5406-4201-9885-c9645775c58e,5470,Ivan Rakitić,13,Right Center Midfield,62.9,73.1,,,,,,,,,,,,,,,,,,,,,,,,,,,,,,,,,,,,,,,,,,,,,,,,,,,,,,,,,,,,,,,,,,,,,,,,,,,,,,,,,,,,,,,,,,,,,,,,,,,,,,,,,,,,,,,,,,,,,,,,,,,,,,,,,,,,,,,,,,,,,,,
791451e5-8b50-4f46-907e-b51fe6a8b55d,3698,2,00:38:24.697,83,24,43,Carry,199,217,Barcelona,1,Regular Play,217,Barcelona,1.37899,,0e86de1d-b3e1-46ad-8c94-af4723aef483,5470,Ivan Rakitić,13,Right Center Midfield,62.9,73.1,,,,,,,,,,,,,,,,,,,,,,,,,,,,,,,,,,,,,,,,,bdd9b556-aacd-4b1c-a6e4-acd42d35a79f,62.1,72.9,,,,,,,,,,,,,,,,,,,,,,,,,,,,,,,,,,,,,,,,,,,,,,,,,,,,,,,,,,,,,,,,,,,,,,,,,,,,,,,,,,,,,,,,,,,,,,,,,,,,
0e86de1d-b3e1-46ad-8c94-af4723aef483,3699,2,00:38:26.076,83,26,30,Pass,199,217,Barcelona,1,Regular Play,217,Barcelona,1.135682,,7f5342d8-5a3e-4778-8928-f2782d2f2625,5470,Ivan Rakitić,13,Right Center Midfield,62.1,72.9,,,,,,,,,,,,,,,,,,,,,,,,,,,,,5203.0,Sergio Busquets i Burgos,17.123375,-1.9350351,1.0,Ground Pass,56.0,56.9,40.0,Right Foot,,,,,,,,,,,,,,,,,,,,,,,,,,,,,,,,,,,,,,,,,,,,,,,,,,,,,,,,,,,,,,,,,,,,,,,,,,,,,,,,,,,,,,,,,,,,,,,,,,,,,,,,,
edf2e02d-9f41-476a-b0ae-4fa1a24a0b97,3700,2,00:38:26.620,83,26,17,Pressure,199,217,Barcelona,1,Regular Play,215,Athletic Club,1.269623,,3777fc92-c4d3-4f6f-9f9a-ed077461400a,23833,Borja Viguera Manzanares,24,Left Center Forward,61.6,24.1,,,,,,,,,,,,,,,,,,,,,,,,,,,,,,,,,,,,,,,,,7f5342d8-5a3e-4778-8928-f2782d2f2625,,,,,,,,,,,,,,,,,,,,,,,,,,,,,,,,,,,,,,,,,,,,,,,,,,,,,,,,,,,,,,,,,,,,,,,,,,,,,,,,,,,,,,,,,,,,,,,,,,,,,,
7f5342d8-5a3e-4778-8928-f2782d2f2625,3701,2,00:38:27.212,83,27,42,Ball Receipt*,199,217,Barcelona,1,Regular Play,217,Barcelona,,,0e86de1d-b3e1-46ad-8c94-af4723aef483,5203,Sergio Busquets i Burgos,10,Center Defensive Midfield,56.0,56.9,,,True,,,,,,,,,,,,,,,,,,,,,,,,,,,,,,,,,,,,,,edf2e02d-9f41-476a-b0ae-4fa1a24a0b97,,,,,,,,,,,,,,,,,,,,,,,,,,,,,,,,,,,,,,,,,,,,,,,,,,,,,,,,,,,,,,,,,,,,,,,,,,,,,,,,,,,,,,,,,,,,,,,,,,,,,,
3777fc92-c4d3-4f6f-9f9a-ed077461400a,3702,2,00:38:27.212,83,27,43,Carry,199,217,Barcelona,1,Regular Play,217,Barcelona,1.975067,,2e2ce316-82d3-45de-b55f-036229dcb5da,5203,Sergio Busquets i Burgos,10,Center Defensive Midfield,56.0,56.9,,,True,,,,,,,,,,,,,,,,,,,,,,,,,,,,,,,,,,,,,,7f5342d8-5a3e-4778-8928-f2782d2f2625,57.7,57.1,,edf2e02d-9f41-476a-b0ae-4fa1a24a0b97,,,,,,,,,,,,,,,,,,,,,,,,,,,,,,,,,,,,,,,,,,,,,,,,,,,,,,,,,,,,,,,,,,,,,,,,,,,,,,,,,,,,,,,,,,,,,,,,,,
2e2ce316-82d3-45de-b55f-036229dcb5da,3703,2,00:38:29.187,83,29,30,Pass,199,217,Barcelona,1,Regular Play,217,Barcelona,1.478218,,e622c8a6-e67b-43cf-aa04-40b2936dc971,5203,Sergio Busquets i Burgos,10,Center Defensive Midfield,57.7,57.1,,,,,,,,,,,,,,,,,,,,,,,,,,,,,5470.0,Ivan Rakitić,14.505516,1.5432171,1.0,Ground Pass,58.1,71.6,40.0,Right Foot,,,,,,,,,,,,,,,,,,,,,,,,,,,,,,,,,,,,,,,,,,,,,,,,,,,,,,,,,,,,,,,,,,,,,,,,,,,,,,,,,,,,,,,,,,,,,,,,,,,,,,,,,
e622c8a6-e67b-43cf-aa04-40b2936dc971,3704,2,00:38:30.665,83,30,42,Ball Receipt*,199,217,Barcelona,1,Regular Play,217,Barcelona,,,2e2ce316-82d3-45de-b55f-036229dcb5da,5470,Ivan Rakitić,13,Right Center Midfield,58.1,71.6,,,,,,,,,,,,,,,,,,,,,,,,,,,,,,,,,,,,,,,,,,,,,,,,,,,,,,,,,,,,,,,,,,,,,,,,,,,,,,,,,,,,,,,,,,,,,,,,,,,,,,,,,,,,,,,,,,,,,,,,,,,,,,,,,,,,,,,,,,,,,,,
e9f08717-b70c-4411-b3a6-049e54bed038,3705,2,00:38:30.665,83,30,43,Carry,199,217,Barcelona,1,Regular Play,217,Barcelona,2.605367,,9218c2cc-e642-4071-a76e-6c50b3b704e9,5470,Ivan Rakitić,13,Right Center Midfield,58.1,71.6,,,,,,,,,,,,,,,,,,,,,,,,,,,,,,,,,,,,,,,,,e622c8a6-e67b-43cf-aa04-40b2936dc971,55.8,68.4,,,,,,,,,,,,,,,,,,,,,,,,,,,,,,,,,,,,,,,,,,,,,,,,,,,,,,,,,,,,,,,,,,,,,,,,,,,,,,,,,,,,,,,,,,,,,,,,,,,,
9218c2cc-e642-4071-a76e-6c50b3b704e9,3706,2,00:38:33.270,83,33,30,Pass,199,217,Barcelona,1,Regular Play,217,Barcelona,1.278814,,cf19865f-becb-439b-a0d9-6ea1a2ad6807,5470,Ivan Rakitić,13,Right Center Midfield,55.8,68.4,,,,,,,,,,,,,,,,,,,,,,,,,,,,,5503.0,Lionel Andrés Messi Cuccittini,13.90863,-1.1007179,1.0,Ground Pass,62.1,56.0,40.0,Right Foot,,,,,,,,,,,,,,,,,,,,,,,,,,,,,,,,,,,,,,,,,,,,,,,,,,,,,,,,,,,,,,,,,,,,,,,,,,,,,,,,,,,,,,,,,,,,,,,,,,,,,,,,,
cf19865f-becb-439b-a0d9-6ea1a2ad6807,3707,2,00:38:34.549,83,34,42,Ball Receipt*,199,217,Barcelona,1,Regular Play,217,Barcelona,,,9218c2cc-e642-4071-a76e-6c50b3b704e9,5503,Lionel Andrés Messi Cuccittini,23,Center Forward,62.1,56.0,,,,,,,,,,,,,,,,,,,,,,,,,,,,,,,,,,,,,,,,,,,,,,,,,,,,,,,,,,,,,,,,,,,,,,,,,,,,,,,,,,,,,,,,,,,,,,,,,,,,,,,,,,,,,,,,,,,,,,,,,,,,,,,,,,,,,,,,,,,,,,,
2da79c64-60e9-46ff-85fd-25dd5ef09654,3708,2,00:38:34.549,83,34,43,Carry,199,217,Barcelona,1,Regular Play,217,Barcelona,0.040000003,,9d82dc22-695b-4b8b-bb2d-041c4d2fc2a0,5503,Lionel Andrés Messi Cuccittini,23,Center Forward,62.1,56.0,,,,,,,,,,,,,,,,,,,,,,,,,,,,,,,,,,,,,,,,,cf19865f-becb-439b-a0d9-6ea1a2ad6807,62.1,56.0,,,,,,,,,,,,,,,,,,,,,,,,,,,,,,,,,,,,,,,,,,,,,,,,,,,,,,,,,,,,,,,,,,,,,,,,,,,,,,,,,,,,,,,,,,,,,,,,,,,,
9d82dc22-695b-4b8b-bb2d-041c4d2fc2a0,3709,2,00:38:34.589,83,34,30,Pass,199,217,Barcelona,1,Regular Play,217,Barcelona,1.116356,,b1153309-1104-4be8-b95d-5f110105b285,5503,Lionel Andrés Messi Cuccittini,23,Center Forward,62.1,56.0,,,,,,,,,,,,,,,,,,,,,,,,,,,,,5203.0,Sergio Busquets i Burgos,13.810503,0.8417487,3.0,High Pass,71.3,66.3,38.0,Left Foot,,,,,,,,,,,,,,,,,,,,,,,,,,,,,,,,,,,,,,,,,,,,,,,,,,,,,,,,,,,,,,,,,,,,,,,,,,,,,,,,,,,,,,,,,,,,,,,,,,,,,,,,,
b1153309-1104-4be8-b95d-5f110105b285,3710,2,00:38:35.705,83,35,42,Ball Receipt*,199,217,Barcelona,1,Regular Play,217,Barcelona,,,9d82dc22-695b-4b8b-bb2d-041c4d2fc2a0,5203,Sergio Busquets i Burgos,10,Center Defensive Midfield,71.3,66.3,,,,,,,,,,,,,,,,,,,,,,,,,,,,,,,,,,,,,,,,,,,,,,,,,,,,,,,,,,,,,,,,,,,,,,,,,,,,,,,,,,,,,,,,,,,,,,,,,,,,,,,,,,,,,,,,,,,,,,,,,,,,,,,,,,,,,,,,,,,,,,,
c1a758a7-6903-49cd-975d-07fcedfad8f0,3711,2,00:38:35.705,83,35,43,Carry,199,217,Barcelona,1,Regular Play,217,Barcelona,0.126344,,0ba83b63-b62f-43b2-9700-21eda0b862c8,5203,Sergio Busquets i Burgos,10,Center Defensive Midfield,71.3,66.3,,,True,,,,,,,,,,,,,,,,,,,,,,,,,,,,,,,,,,,,,,b1153309-1104-4be8-b95d-5f110105b285,71.3,66.3,,cc009e57-6cad-4e14-929a-30ae17836d6f,,,,,,,,,,,,,,,,,,,,,,,,,,,,,,,,,,,,,,,,,,,,,,,,,,,,,,,,,,,,,,,,,,,,,,,,,,,,,,,,,,,,,,,,,,,,,,,,,,
0ba83b63-b62f-43b2-9700-21eda0b862c8,3712,2,00:38:35.832,83,35,22,Foul Committed,199,217,Barcelona,1,Regular Play,215,Athletic Club,0.0,,709adea1-5974-4874-80f1-f008c9f20f8e,6789,Mikel Balenziaga Oruesagasti,6,Left Back,49.7,14.7,,,,,,,,,,,,,,,,,,,,,,,,,,,,,,,,,,,,,,,,,c1a758a7-6903-49cd-975d-07fcedfad8f0,,,,cc009e57-6cad-4e14-929a-30ae17836d6f,,,,,,,,,,True,,,,,,,,,,,,,,,,,,,,,,,,,,,,,,,,,,,,,,,,,,,,,,,,,,,,,,,,,,,,,,,,,,,,,,,,,,,,,,,,,,,,,,,,
cc009e57-6cad-4e14-929a-30ae17836d6f,3713,2,00:38:35.832,83,35,21,Foul Won,199,217,Barcelona,1,Regular Play,217,Barcelona,0.0,,0ba83b63-b62f-43b2-9700-21eda0b862c8,5203,Sergio Busquets i Burgos,10,Center Defensive Midfield,71.3,66.3,,,True,,,,,,,,,,,,,,,,,,,,,,,,,,,,,,,,,,,,,,,,,,,,,,,,,,,,,True,,,,,,,,,,,,,,,,,,,,,,,,,,,,,,,,,,,,,,,,,,,,,,,,,,,,,,,,,,,,,,,,,,,,,,,,,,,,,,,,,,,,,,,
709adea1-5974-4874-80f1-f008c9f20f8e,3714,2,00:38:35.832,83,35,43,Carry,199,217,Barcelona,1,Regular Play,217,Barcelona,0.452159,,0ba83b63-b62f-43b2-9700-21eda0b862c8,5203,Sergio Busquets i Burgos,10,Center Defensive Midfield,71.3,66.3,,,True,,,,,,,,,,,,,,,,,,,,,,,,,,,,,,,,,,,,,,cc009e57-6cad-4e14-929a-30ae17836d6f,70.9,67.8,,e721a093-2b91-4bf4-936c-d19159cfe687,,,,,,,,,,,,,,,,,,,,,,,,,,,,,,,,,,,,,,,,,,,,,,,,,,,,,,,,,,,,,,,,,,,,,,,,,,,,,,,,,,,,,,,,,,,,,,,,,,
e721a093-2b91-4bf4-936c-d19159cfe687,3715,2,00:38:36.284,83,36,30,Pass,199,217,Barcelona,1,Regular Play,217,Barcelona,0.76721,,0758c531-c0e8-48e0-be76-50cf360f528d,5203,Sergio Busquets i Burgos,10,Center Defensive Midfield,70.9,67.8,,,,,,,,,,,,,,,,,,,,,,,,,,,,,5503.0,Lionel Andrés Messi Cuccittini,4.8,3.1415927,1.0,Ground Pass,66.1,67.8,40.0,Right Foot,,,,,,,,,,,,,,,,,,,,,,,,,,,,,,,,,,,,,,,,,,,,,,,,,,,,,,,,,,,,,,,,,,,,,,,,,,,,,,,,,,,,,,,,,,,,,,,,,,,,,,,,,
0758c531-c0e8-48e0-be76-50cf360f528d,3716,2,00:38:37.051,83,37,42,Ball Receipt*,199,217,Barcelona,1,Regular Play,217,Barcelona,,,e721a093-2b91-4bf4-936c-d19159cfe687,5503,Lionel Andrés Messi Cuccittini,23,Center Forward,66.1,67.8,,,,,,,,,,,,,,,,,,,,,,,,,,,,,,,,,,,,,,,,,,,,,,,,,,,,,,,,,,,,,,,,,,,,,,,,,,,,,,,,,,,,,,,,,,,,,,,,,,,,,,,,,,,,,,,,,,,,,,,,,,,,,,,,,,,,,,,,,,,,,,,
47328b31-56a0-49bc-8bf8-3e5abc8b6d85,3717,2,00:38:37.051,83,37,43,Carry,199,217,Barcelona,1,Regular Play,217,Barcelona,5.725584,,0758c531-c0e8-48e0-be76-50cf360f528d,5503,Lionel Andrés Messi Cuccittini,23,Center Forward,66.1,67.8,,,True,,,,,,,,,,,,,,,,,,,,,,,,,,,,,,,,,,,,,,13fbf9d3-f10a-4032-b0df-b5e380d621fc,114.4,60.2,,558db2aa-84e6-443e-a605-dd28b0b47386,,,,,,,,,,,,,,,,,,,,,,,,,,,,,,,,,,,,,,,,,,,,,,,,,,,,,,,,,,,,,,,,,,,,,,,,,,,,,,,,,,,,,,,,,,,,,,,,,,
13fbf9d3-f10a-4032-b0df-b5e380d621fc,3718,2,00:38:42.777,83,42,39,Dribbled Past,199,217,Barcelona,1,Regular Play,215,Athletic Club,0.0,,47328b31-56a0-49bc-8bf8-3e5abc8b6d85,4353,Aymeric Laporte,5,Left Center Back,6.6,20.8,,,,,,,,,,,,,,,,,,,,,,,,,,,,,,,,,,,,,,,,,558db2aa-84e6-443e-a605-dd28b0b47386,,,,e8fd53c7-45a2-4efd-a281-2a33bdd2cfb3,,,,,,,,,,,,,,,,,,,,,,,,,,,,,,,,,,,,,,,,,,,,,,,,,,,,,,,,,,,,,,,,,,,,,,,,,,,,,,,,,,,,,,,,,,,,,,,,,,
558db2aa-84e6-443e-a605-dd28b0b47386,3719,2,00:38:42.777,83,42,14,Dribble,199,217,Barcelona,1,Regular Play,217,Barcelona,0.0,,13fbf9d3-f10a-4032-b0df-b5e380d621fc,5503,Lionel Andrés Messi Cuccittini,23,Center Forward,114.4,60.2,,,True,,,,,,,,,,,,,,,,,,,,,,,,,,,,,,,,,,,,,,,,,,,,,,,,,,8.0,Complete,,,,,,,,,,,,,,,,,,,,,,,,,,,,,,,,,,,,,,,,,,,,,,,,,,,,,,,,,,,,,,,,,,,,,,,,,,,,,,,,,,,,,,,,,
e8fd53c7-45a2-4efd-a281-2a33bdd2cfb3,3720,2,00:38:42.777,83,42,43,Carry,199,217,Barcelona,1,Regular Play,217,Barcelona,0.910147,,13fbf9d3-f10a-4032-b0df-b5e380d621fc,5503,Lionel Andrés Messi Cuccittini,23,Center Forward,114.4,60.2,,,True,,,,,,,,,,,,,,,,,,,,,,,,,,,,,,,,,,,,,,558db2aa-84e6-443e-a605-dd28b0b47386,116.1,57.5,,8d5a7995-b05c-4bb4-a6ec-946673e56d0d,,,,,,,,,,,,,,,,,,,,,,,,,,,,,,,,,,,,,,,,,,,,,,,,,,,,,,,,,,,,,,,,,,,,,,,,,,,,,,,,,,,,,,,,,,,,,,,,,,
8d5a7995-b05c-4bb4-a6ec-946673e56d0d,3721,2,00:38:43.687,83,43,30,Pass,199,217,Barcelona,1,Regular Play,217,Barcelona,1.3882,,002cef2d-bd43-49de-a985-8a483cee4092,5503,Lionel Andrés Messi Cuccittini,23,Center Forward,116.1,57.5,,,,,,,,,,,,,,,,,,,,,,,,,,,,,4320.0,Neymar da Silva Santos Junior,23.663685,-2.0117636,1.0,Ground Pass,106.0,36.1,38.0,Left Foot,,,,,,,,,,,,,,,,,,,True,True,6304d9a0-5d86-4130-b533-7879cd055a28,True,,,,,,,,,,,,,,,,,,,,,,,,,,,,,,,,,,,,,,,,,,,,,,,,,,,,,,,,,,,,,,,,,,,,,,,,,,,,,,,,,,,
002cef2d-bd43-49de-a985-8a483cee4092,3722,2,00:38:45.075,83,45,42,Ball Receipt*,199,217,Barcelona,1,Regular Play,217,Barcelona,,,8d5a7995-b05c-4bb4-a6ec-946673e56d0d,4320,Neymar da Silva Santos Junior,17,Right Wing,106.0,36.1,,,,,,,,,,,,,,,,,,,,,,,,,,,,,,,,,,,,,,,,,,,,,,,,,,,,,,,,,,,,,,,,,,,,,,,,,,,,,,,,,,,,,,,,,,,,,,,,,,,,,,,,,,,,,,,,,,,,,,,,,,,,,,,,,,,,,,,,,,,,,,,
a1bc5745-eeb2-4b55-b0a8-fdc8d0174ea0,3723,2,00:38:45.075,83,45,43,Carry,199,217,Barcelona,1,Regular Play,217,Barcelona,0.824,,002cef2d-bd43-49de-a985-8a483cee4092,4320,Neymar da Silva Santos Junior,17,Right Wing,106.0,36.1,,,,,,,,,,,,,,,,,,,,,,,,,,,,,,,,,,,,,,,,,6304d9a0-5d86-4130-b533-7879cd055a28,109.3,40.5,,,,,,,,,,,,,,,,,,,,,,,,,,,,,,,,,,,,,,,,,,,,,,,,,,,,,,,,,,,,,,,,,,,,,,,,,,,,,,,,,,,,,,,,,,,,,,,,,,,,
6304d9a0-5d86-4130-b533-7879cd055a28,3724,2,00:38:45.899,83,45,16,Shot,199,217,Barcelona,1,Regular Play,217,Barcelona,0.39436,,9d073560-a1c0-4ece-88c2-61f98a127705,4320,Neymar da Silva Santos Junior,17,Right Wing,109.3,40.5,,,,,,,,,,,,,,,,,,,,,,,,,,,,,,,,,,,,,,,,,,,,,,,,,,,,,,,,,,,,,0.1099696,120.0,43.5,0.1,8d5a7995-b05c-4bb4-a6ec-946673e56d0d,87.0,Open Play,97.0,Goal,93.0,Normal,40.0,Right Foot,119.1,39.9,6576.0,Gorka Iraizoz Moreno,1.0,Goalkeeper,False,104.2,48.3,11746.0,Unai López Cabrera,15.0,Left Center Midfield,False,108.8,48.6,23833.0,Borja Viguera Manzanares,24.0,Left Center Forward,False,113.0,41.2,6789.0,Mikel Balenziaga Oruesagasti,6.0,Left Back,False,117.0,49.0,26087.0,Carlos Gurpegi Nausia,3.0,Right Center Back,False,113.1,46.6,4353.0,Aymeric Laporte,5.0,Left Center Back,False,119.8,44.4,5503.0,Lionel Andrés Messi Cuccittini,23.0,Center Forward,True,116.4,40.9,3508.0,Sandro Ramírez Castillo,21.0,Left Wing,True,116.5,38.3,6649.0,Óscar de Marcos Arana,2.0,Right Back,False,105.5,32.0,5211.0,Jordi Alba Ramos,6.0,Left Back,True
