id,index,period,timestamp,minute,second,type_id,type_name,possession,possession_team_id,possession_team_name,play_pattern_id,play_pattern_name,team_id,team_name,duration,tactics,related_events_0,player_id,player_name,position_id,position_name,location_0,location_1,pass_recipient_id,pass_recipient_name,pass_length,pass_angle,pass_height_id,pass_height_name,pass_end_location_0,pass_end_location_1,pass_type_id,pass_type_name,pass_body_part_id,pass_body_part_name,carry,under_pressure,out,ball_receipt,off_camera,duel,clearance,counterpress,dribble,foul_committed,foul_won,interception,shot,goalkeeper,block,ball_recovery,substitution,pass,pass_switch,related_events,related_events_1,carry_end_location_0,carry_end_location_1,related_events_2,pass_outcome_id,pass_outcome_name,goalkeeper_type_id,goalkeeper_type_name,goalkeeper_outcome_id,goalkeeper_outcome_name,ball_receipt_outcome_id,ball_receipt_outcome_name,location,substitution_outcome_id,substitution_outcome_name,substitution_replacement_id,substitution_replacement_name,duel_type_id,duel_type_name,interception_outcome_id,interception_outcome_name,foul_won_defensive,dribble_outcome_id,dribble_outcome_name,related_events_3,related_events_4,clearance_body_part_id,clearance_body_part_name,clearance_left_foot,pass_deflected,ball_recovery_recovery_failure,pass_cross,dribble_overrun,duel_outcome_id,duel_outcome_name
2887c631-98ea-4f63-b4de-1041ddf46814,2551,2,00:27:03.714,72,3,30,Pass,150,360,Rayo Vallecano,9,From Kick Off,360,Rayo Vallecano,1.126679,,6566d85d-0b51-49cb-b6ff-7dce32dc04bb,26690,Alberto Mateus Contreiras Gonçalves,23,Center Forward,61.0,40.1,26848.0,Roberto Trashorras Gayoso,20.385534,2.164241,1.0,Ground Pass,49.6,57.0,65.0,Kick Off,40.0,Right Foot,,,,,True,,,,,,,,,,,,,,,,,,,,,,,,,,,,,,,,,,,,,,,,,,,,,,,,,,
6566d85d-0b51-49cb-b6ff-7dce32dc04bb,2552,2,00:27:04.841,72,4,42,Ball Receipt*,150,360,Rayo Vallecano,9,From Kick Off,360,Rayo Vallecano,,,2887c631-98ea-4f63-b4de-1041ddf46814,26848,Roberto Trashorras Gayoso,15,Left Center Midfield,49.6,57.0,,,,,,,,,,,,,,,,,,,,,,,,,,,,,,,,,,,,,,,,,,,,,,,,,,,,,,,,,,,,,,,,,,,
ba332a33-9ca6-403c-9776-af24510d755a,2553,2,00:27:05.570,72,5,30,Pass,150,360,Rayo Vallecano,9,From Kick Off,360,Rayo Vallecano,4.680225,,56b41e9c-b181-4f5d-b23b-53a6b6209e27,26848,Roberto Trashorras Gayoso,15,Left Center Midfield,49.4,66.5,18404.0,José Ángel Crespo Rincón,54.71901,-1.6788299,3.0,High Pass,43.5,12.1,,,38.0,Left Foot,,,,,,,,,,,,,,,,,,,True,,,,,,,,,,,,,,,,,,,,,,,,,,,,,,,,,,,,
16125380-080d-4071-b28a-2b63c4ebd8d1,2554,2,00:27:06.788,72,6,17,Pressure,150,360,Rayo Vallecano,9,From Kick Off,217,Barcelona,1.151164,,,5503,Lionel Andrés Messi Cuccittini,17,Right Wing,78.7,43.4,,,,,,,,,,,,,,,,,,,,,,,,,,,,,,,,,,,,,,,,,,,,,,,,,,,,,,,,,,,,,,,,,,,
56b41e9c-b181-4f5d-b23b-53a6b6209e27,2555,2,00:27:10.251,72,10,42,Ball Receipt*,150,360,Rayo Vallecano,9,From Kick Off,360,Rayo Vallecano,,,ba332a33-9ca6-403c-9776-af24510d755a,18404,José Ángel Crespo Rincón,5,Left Center Back,43.5,12.1,,,,,,,,,,,,,,,,,,,,,,,,,,,,,,,,,,,,,,,,,,,,,,,,,,,,,,,,,,,,,,,,,,,
ce877cfa-ff21-4d09-ae8f-3d65b32d4d4d,2556,2,00:27:10.251,72,10,43,Carry,150,360,Rayo Vallecano,9,From Kick Off,360,Rayo Vallecano,2.753932,,54c3eb11-cc74-4d58-b611-37893f723faa,18404,José Ángel Crespo Rincón,5,Left Center Back,43.5,12.1,,,,,,,,,,,,,,,,,,,,,,,,,,,,,,,,,56b41e9c-b181-4f5d-b23b-53a6b6209e27,56.1,5.6,,,,,,,,,,,,,,,,,,,,,,,,,,,,,,,,
54c3eb11-cc74-4d58-b611-37893f723faa,2557,2,00:27:13.004,72,13,30,Pass,150,360,Rayo Vallecano,9,From Kick Off,360,Rayo Vallecano,1.588643,,5ceef272-b84f-482f-8598-b66541ac66dc,18404,José Ángel Crespo Rincón,5,Left Center Back,56.1,5.6,26690.0,Alberto Mateus Contreiras Gonçalves,45.557983,0.8864568,1.0,Ground Pass,84.9,40.9,,,38.0,Left Foot,,,,,,,,,,,,,,,,,,,,,,,,,,,,,,,,,,,,,,,,,,,,,,,,,,,,,,,
5ceef272-b84f-482f-8598-b66541ac66dc,2558,2,00:27:14.593,72,14,42,Ball Receipt*,150,360,Rayo Vallecano,9,From Kick Off,360,Rayo Vallecano,,,54c3eb11-cc74-4d58-b611-37893f723faa,26690,Alberto Mateus Contreiras Gonçalves,23,Center Forward,84.9,40.9,,,,,,,,,,,,,,,,,,,,,,,,,,,,,,,,,,,,,,,,,,,,,,,,,,,,,,,,,,,,,,,,,,,
6b943a37-88ad-48e0-a039-5439365c12b0,2559,2,00:27:14.593,72,14,43,Carry,150,360,Rayo Vallecano,9,From Kick Off,360,Rayo Vallecano,1.3718,,5ceef272-b84f-482f-8598-b66541ac66dc,26690,Alberto Mateus Contreiras Gonçalves,23,Center Forward,84.9,40.9,,,,,,,,,,,,,,True,,,,,,,,,,,,,,,,,,,8b1e7a8b-7b5a-47f1-a450-bdee1db25d3c,84.7,30.1,ad3bb64d-f7e3-4fee-8a21-287e3b0fad6a,,,,,,,,,,,,,,,,,,,,,,,,,,,,,,,
8b1e7a8b-7b5a-47f1-a450-bdee1db25d3c,2560,2,00:27:14.630,72,14,17,Pressure,150,360,Rayo Vallecano,9,From Kick Off,217,Barcelona,1.127621,,6b943a37-88ad-48e0-a039-5439365c12b0,5506,Javier Alejandro Mascherano,5,Left Center Back,35.0,44.5,,,,,,,,,,,,,,,,,,,,,,,,,,,,,,,,,,,,,,,,,,,,,,,,,,,,,,,,,,,,,,,,,,,
ad3bb64d-f7e3-4fee-8a21-287e3b0fad6a,2561,2,00:27:15.965,72,15,30,Pass,150,360,Rayo Vallecano,9,From Kick Off,360,Rayo Vallecano,0.801515,,09d33238-61fd-47af-8a98-757197117fc6,26690,Alberto Mateus Contreiras Gonçalves,23,Center Forward,84.7,30.1,26848.0,Roberto Trashorras Gayoso,15.953056,2.776219,1.0,Ground Pass,69.8,35.8,,,40.0,Right Foot,,,,,,,,,,,,,,,,,,,,,,,,,,,,,,,,,,,,,,,,,,,,,,,,,,,,,,,
09d33238-61fd-47af-8a98-757197117fc6,2562,2,00:27:16.766,72,16,42,Ball Receipt*,150,360,Rayo Vallecano,9,From Kick Off,360,Rayo Vallecano,,,ad3bb64d-f7e3-4fee-8a21-287e3b0fad6a,26848,Roberto Trashorras Gayoso,15,Left Center Midfield,69.8,35.8,,,,,,,,,,,,,,,,,,,,,,,,,,,,,,,,,,,,,,,,,,,,,,,,,,,,,,,,,,,,,,,,,,,
2abdd847-80a3-44b8-be06-f0a74121c4c7,2563,2,00:27:16.766,72,16,43,Carry,150,360,Rayo Vallecano,9,From Kick Off,360,Rayo Vallecano,1.013385,,09d33238-61fd-47af-8a98-757197117fc6,26848,Roberto Trashorras Gayoso,15,Left Center Midfield,69.8,35.8,,,,,,,,,,,,,,,,,,,,,,,,,,,,,,,,,cb3d4d4a-1bdd-43f3-8782-7c8853892967,69.8,35.8,,,,,,,,,,,,,,,,,,,,,,,,,,,,,,,,
cb3d4d4a-1bdd-43f3-8782-7c8853892967,2564,2,00:27:17.780,72,17,30,Pass,150,360,Rayo Vallecano,9,From Kick Off,360,Rayo Vallecano,1.403449,,891eaa8c-0c70-4b61-81a5-0a4b1c1461ef,26848,Roberto Trashorras Gayoso,15,Left Center Midfield,69.8,35.8,11539.0,Adrián Embarba Blázquez,25.014595,1.2578951,1.0,Ground Pass,77.5,59.6,,,40.0,Right Foot,,,,,,,,,,,,,,,,,,,,,,,,,,,,,,,,,,,,,,,,,,,,,,,,,,,,,,,
891eaa8c-0c70-4b61-81a5-0a4b1c1461ef,2565,2,00:27:19.183,72,19,42,Ball Receipt*,150,360,Rayo Vallecano,9,From Kick Off,360,Rayo Vallecano,,,cb3d4d4a-1bdd-43f3-8782-7c8853892967,11539,Adrián Embarba Blázquez,13,Right Center Midfield,77.5,59.6,,,,,,,,,,,,,,,,,,,,,,,,,,,,,,,,,,,,,,,,,,,,,,,,,,,,,,,,,,,,,,,,,,,
075a0597-456b-46e0-b2d5-725d96d79068,2566,2,00:27:19.183,72,19,43,Carry,150,360,Rayo Vallecano,9,From Kick Off,360,Rayo Vallecano,2.282851,,003213aa-89d8-4969-8f4e-e7454d309236,11539,Adrián Embarba Blázquez,13,Right Center Midfield,77.5,59.6,,,,,,,,,,,,,,,,,,,,,,,,,,,,,,,,,891eaa8c-0c70-4b61-81a5-0a4b1c1461ef,77.5,59.6,,,,,,,,,,,,,,,,,,,,,,,,,,,,,,,,
003213aa-89d8-4969-8f4e-e7454d309236,2567,2,00:27:21.466,72,21,30,Pass,150,360,Rayo Vallecano,9,From Kick Off,360,Rayo Vallecano,2.3237,,32399339-0ac8-4052-8bd6-973b4ebde288,11539,Adrián Embarba Blázquez,13,Right Center Midfield,77.5,59.6,26690.0,Alberto Mateus Contreiras Gonçalves,40.4816,-0.6346081,3.0,High Pass,110.1,35.6,,,38.0,Left Foot,,,,,,,,,,,,,,,,,,,,,,,,,,,,,,,,,,,,,,,,,,,,,,,,,,,,,,,
32399339-0ac8-4052-8bd6-973b4ebde288,2568,2,00:27:23.790,72,23,42,Ball Receipt*,150,360,Rayo Vallecano,9,From Kick Off,360,Rayo Vallecano,,,003213aa-89d8-4969-8f4e-e7454d309236,26690,Alberto Mateus Contreiras Gonçalves,23,Center Forward,110.1,35.6,,,,,,,,,,,,,,,,,,,,,,,,,,,,,,,,,,,,,,,,,,,,,,,,,,,,,,,,,,,,,,,,,,,
827ed21e-d354-4faa-a5c2-93778022743f,2569,2,00:27:23.790,72,23,43,Carry,150,360,Rayo Vallecano,9,From Kick Off,360,Rayo Vallecano,0.0886,,32399339-0ac8-4052-8bd6-973b4ebde288,26690,Alberto Mateus Contreiras Gonçalves,23,Center Forward,110.1,35.6,,,,,,,,,,,,,,,,,,,,,,,,,,,,,,,,,3f3bb4a4-8003-421e-828a-a9da1aa1d776,110.1,35.6,,,,,,,,,,,,,,,,,,,,,,,,,,,,,,,,
3f3bb4a4-8003-421e-828a-a9da1aa1d776,2570,2,00:27:23.878,72,23,38,Miscontrol,150,360,Rayo Vallecano,9,From Kick Off,360,Rayo Vallecano,0.0,,,26690,Alberto Mateus Contreiras Gonçalves,23,Center Forward,110.1,35.6,,,,,,,,,,,,,,,True,,,,,,,,,,,,,,,,,,,,,,,,,,,,,,,,,,,,,,,,,,,,,,,,,,,,
d79f8dcd-4184-43c3-ae48-024d48feee2f,2648,2,00:28:51.755,73,51,2,Ball Recovery,152,360,Rayo Vallecano,1,Regular Play,360,Rayo Vallecano,0.0,,6adfef84-8a20-4d43-ae24-ea8879740dc5,24255,Juan Carlos Martín Corral,1,Goalkeeper,9.2,38.1,,,,,,,,,,,,,,,,,,,,,,,,,,,,,,,,,,,,,,,,,,,,,,,,,,,,,,,,,,,,,,,,,,,
e477c067-61e7-4126-a4c6-4d7a34105648,2649,2,00:29:11.558,74,11,30,Pass,152,360,Rayo Vallecano,1,Regular Play,360,Rayo Vallecano,1.2335,,2088789c-af03-46e7-b750-427b3fb943bc,24255,Juan Carlos Martín Corral,1,Goalkeeper,7.4,44.2,24138.0,Joaquín José Marín Ruiz,33.370945,1.1997498,2.0,Low Pass,19.5,75.3,,,69.0,Keeper Arm,,,,,True,,,,,,,,,,,,,,,,,,,,,,,,,,,,,,,,,,,,,,,,,,,,,,,,,,
2088789c-af03-46e7-b750-427b3fb943bc,2650,2,00:29:12.792,74,12,42,Ball Receipt*,152,360,Rayo Vallecano,1,Regular Play,360,Rayo Vallecano,,,e477c067-61e7-4126-a4c6-4d7a34105648,24138,Joaquín José Marín Ruiz,2,Right Back,19.5,75.3,,,,,,,,,,,,,,,,,,,,,,,,,,,,,,,,,,,,,,,,,,,,,,,,,,,,,,,,,,,,,,,,,,,
3d672970-e850-4cda-8f42-8a9bdd843b14,2651,2,00:29:12.975,74,12,30,Pass,152,360,Rayo Vallecano,1,Regular Play,360,Rayo Vallecano,0.846112,,91344023-9607-43f8-b1f0-2bb52e7211df,24138,Joaquín José Marín Ruiz,2,Right Back,16.8,71.8,24255.0,Juan Carlos Martín Corral,20.96187,-2.2276554,1.0,Ground Pass,4.0,55.2,,,40.0,Right Foot,,,,,True,,,,,,,,,,,,,,,,,,,,,,,,,,,,,,,,,,,,,,,,,,,,,,,,,,
91344023-9607-43f8-b1f0-2bb52e7211df,2652,2,00:29:13.822,74,13,42,Ball Receipt*,152,360,Rayo Vallecano,1,Regular Play,360,Rayo Vallecano,,,3d672970-e850-4cda-8f42-8a9bdd843b14,24255,Juan Carlos Martín Corral,1,Goalkeeper,4.0,55.2,,,,,,,,,,,,,,,,,,,,,,,,,,,,,,,,,,,,,,,,,,,,,,,,,,,,,,,,,,,,,,,,,,,
4c90562b-120e-4b02-872c-8ad65a7e871f,2653,2,00:29:14.227,74,14,30,Pass,152,360,Rayo Vallecano,1,Regular Play,360,Rayo Vallecano,1.582807,,bbde92ff-aa48-4310-bcad-7c0aec5a58fa,24255,Juan Carlos Martín Corral,1,Goalkeeper,4.0,55.2,24138.0,Joaquín José Marín Ruiz,17.532825,1.3756379,2.0,Low Pass,7.4,72.4,,,40.0,Right Foot,,,,,,,,,,,,,,,,,,,,,,,,,,,,,,,,,,,,,,,,,,,,,,,,,,,,,,,
bbde92ff-aa48-4310-bcad-7c0aec5a58fa,2654,2,00:29:15.810,74,15,42,Ball Receipt*,152,360,Rayo Vallecano,1,Regular Play,360,Rayo Vallecano,,,4c90562b-120e-4b02-872c-8ad65a7e871f,24138,Joaquín José Marín Ruiz,2,Right Back,7.4,72.4,,,,,,,,,,,,,,,,,,,,,,,,,,,,,,,,,,,,,,,,,,,,,,,,,,,,,,,,,,,,,,,,,,,
feedff97-63e8-46df-91a0-b47aaa1cb5b3,2655,2,00:29:15.810,74,15,43,Carry,152,360,Rayo Vallecano,1,Regular Play,360,Rayo Vallecano,2.22179,,8d85d233-7859-4b12-81c0-0bf571acb565,24138,Joaquín José Marín Ruiz,2,Right Back,7.4,72.4,,,,,,,,,,,,,,True,,,,,,,,,,,,,,,,,,,bab37770-1888-45c1-9932-03d5dde7a1f5,5.0,76.2,bbde92ff-aa48-4310-bcad-7c0aec5a58fa,,,,,,,,,,,,,,,,,,,,,,,,,,,,,,,
8d85d233-7859-4b12-81c0-0bf571acb565,2656,2,00:29:17.367,74,17,17,Pressure,152,360,Rayo Vallecano,1,Regular Play,217,Barcelona,0.757792,,bab37770-1888-45c1-9932-03d5dde7a1f5,4320,Neymar da Silva Santos Junior,21,Left Wing,111.7,4.8,,,,,,,,,,,,,,,,,,,,,,,,,,,,,,,,,feedff97-63e8-46df-91a0-b47aaa1cb5b3,,,,,,,,,,,,,,,,,,,,,,,,,,,,,,,,,,
bab37770-1888-45c1-9932-03d5dde7a1f5,2657,2,00:29:18.031,74,18,30,Pass,152,360,Rayo Vallecano,1,Regular Play,360,Rayo Vallecano,2.734667,,8d85d233-7859-4b12-81c0-0bf571acb565,24138,Joaquín José Marín Ruiz,2,Right Back,5.0,76.2,,,36.0867,0.069333136,3.0,High Pass,41.0,78.7,,,40.0,Right Foot,,True,,,,,,,,,,,,,,,,,,,,,,,75.0,Out,,,,,,,,,,,,,,,,,,,,,,,,,,,,,
eebb5cb1-7b58-4c10-a8ce-b554a1a0949f,2728,2,00:30:35.262,75,35,23,Goal Keeper,154,360,Rayo Vallecano,8,From Keeper,360,Rayo Vallecano,0.0,,627118e4-3c32-4d69-aaee-098a18d5ac87,24255,Juan Carlos Martín Corral,1,Goalkeeper,11.6,46.5,,,,,,,,,,,,,,,,,,,,,,,,,,,,,,,,,,,,,,,27.0,Keeper Sweeper,47.0,Claim,,,,,,,,,,,,,,,,,,,,,,,,,
ab518faa-f4b0-433c-baa6-ac1e5ef2aa95,2729,2,00:30:55.273,75,55,30,Pass,154,360,Rayo Vallecano,8,From Keeper,360,Rayo Vallecano,2.0118,,ac25f170-1266-44a9-b20d-7fc385370c89,24255,Juan Carlos Martín Corral,1,Goalkeeper,12.4,45.5,24782.0,Jonhatan Montiel Caballero,71.01225,0.22004361,3.0,High Pass,81.7,61.0,,,68.0,Drop Kick,,,,,True,,,,,,,,,,,,,,,,d2285410-8deb-48fc-9e57-882524950ebb,,,,9.0,Incomplete,,,,,,,,,,,,,,,,,,,,,,,,,,,,,
ac25f170-1266-44a9-b20d-7fc385370c89,2730,2,00:30:57.285,75,57,42,Ball Receipt*,154,360,Rayo Vallecano,8,From Keeper,360,Rayo Vallecano,,,ab518faa-f4b0-433c-baa6-ac1e5ef2aa95,24782,Jonhatan Montiel Caballero,19,Center Attacking Midfield,82.8,59.8,,,,,,,,,,,,,,,,,,,,,,,,,,,,,,,,,,,,,,,,,,,9.0,Incomplete,,,,,,,,,,,,,,,,,,,,,,,
0ae33b89-0ab0-4ed6-b258-54c3587962db,2741,2,00:31:06.333,76,6,30,Pass,156,360,Rayo Vallecano,1,Regular Play,360,Rayo Vallecano,0.857597,,865c9f83-68b2-4255-8957-7ddd6ece3f56,27144,Antonio Amaya Carazo,3,Right Center Back,43.5,42.3,6914.0,Roberto Román Triguero,6.303174,-1.6025317,1.0,Ground Pass,43.3,36.0,66.0,Recovery,40.0,Right Foot,,,,,,,,,,,,,,,,,,,,,,,,,,,,,,,,,,,,,,,,,,,,,,,,,,,,,,,
865c9f83-68b2-4255-8957-7ddd6ece3f56,2742,2,00:31:07.190,76,7,42,Ball Receipt*,156,360,Rayo Vallecano,1,Regular Play,360,Rayo Vallecano,,,0ae33b89-0ab0-4ed6-b258-54c3587962db,6914,Roberto Román Triguero,6,Left Back,43.3,36.0,,,,,,,,,,,,,,,,,,,,,,,,,,,,,,,,,,,,,,,,,,,,,,,,,,,,,,,,,,,,,,,,,,,
9b8321cf-41ee-4a10-a072-00a8832356c5,2743,2,00:31:07.190,76,7,43,Carry,156,360,Rayo Vallecano,1,Regular Play,360,Rayo Vallecano,1.171203,,1a17884b-3d1e-41d5-9455-e833e627912a,6914,Roberto Román Triguero,6,Left Back,43.3,36.0,,,,,,,,,,,,,,True,,,,,,,,,,,,,,,,,,,44e505ea-7d45-4cab-a3fb-64bff633b632,40.1,35.2,865c9f83-68b2-4255-8957-7ddd6ece3f56,,,,,,,,,,,,,,,,,,,,,,,,,,,,,,,
1a17884b-3d1e-41d5-9455-e833e627912a,2744,2,00:31:07.698,76,7,17,Pressure,156,360,Rayo Vallecano,1,Regular Play,217,Barcelona,1.1388,,44e505ea-7d45-4cab-a3fb-64bff633b632,5203,Sergio Busquets i Burgos,10,Center Defensive Midfield,74.5,43.0,,,,,,,,,,,,,,,,,,,,True,,,,,,,,,,,,,9b8321cf-41ee-4a10-a072-00a8832356c5,,,,,,,,,,,,,,,,,,,,,,,,,,,,,,,,,,
44e505ea-7d45-4cab-a3fb-64bff633b632,2745,2,00:31:08.362,76,8,30,Pass,156,360,Rayo Vallecano,1,Regular Play,360,Rayo Vallecano,0.704866,,1a17884b-3d1e-41d5-9455-e833e627912a,6914,Roberto Román Triguero,6,Left Back,40.1,35.2,27144.0,Antonio Amaya Carazo,14.076932,1.9644946,1.0,Ground Pass,34.7,48.2,,,40.0,Right Foot,,True,,,,,,,,,,,,,,,,,,,fb2b2ff3-62a8-411c-a912-7489bc7b2138,,,,,,,,,,,,,,,,,,,,,,,,,,,,,,,,,,
ec35db92-576b-4c54-bff4-2648a33789a8,2746,2,00:31:08.837,76,8,17,Pressure,156,360,Rayo Vallecano,1,Regular Play,217,Barcelona,1.5158,,86e4efdd-3a2b-4864-9f93-57e9e5fcafd3,5203,Sergio Busquets i Burgos,10,Center Defensive Midfield,85.4,31.9,,,,,,,,,,,,,,,,,,,,True,,,,,,,,,,,,,f79e7316-b102-4c87-936f-32cbccbed9bc,,,fb2b2ff3-62a8-411c-a912-7489bc7b2138,,,,,,,,,,,,,,,,,,,,,,,,,,,,,,,
fb2b2ff3-62a8-411c-a912-7489bc7b2138,2747,2,00:31:09.066,76,9,42,Ball Receipt*,156,360,Rayo Vallecano,1,Regular Play,360,Rayo Vallecano,,,44e505ea-7d45-4cab-a3fb-64bff633b632,27144,Antonio Amaya Carazo,3,Right Center Back,34.7,48.2,,,,,,,,,,,,,,True,,,,,,,,,,,,,,,,,,,ec35db92-576b-4c54-bff4-2648a33789a8,,,,,,,,,,,,,,,,,,,,,,,,,,,,,,,,,,
86e4efdd-3a2b-4864-9f93-57e9e5fcafd3,2748,2,00:31:09.066,76,9,43,Carry,156,360,Rayo Vallecano,1,Regular Play,360,Rayo Vallecano,1.212734,,ec35db92-576b-4c54-bff4-2648a33789a8,27144,Antonio Amaya Carazo,3,Right Center Back,34.7,48.2,,,,,,,,,,,,,,True,,,,,,,,,,,,,,,,,,,f79e7316-b102-4c87-936f-32cbccbed9bc,35.5,51.2,fb2b2ff3-62a8-411c-a912-7489bc7b2138,,,,,,,,,,,,,,,,,,,,,,,,,,,,,,,
f79e7316-b102-4c87-936f-32cbccbed9bc,2749,2,00:31:10.279,76,10,30,Pass,156,360,Rayo Vallecano,1,Regular Play,360,Rayo Vallecano,1.261143,,ec35db92-576b-4c54-bff4-2648a33789a8,27144,Antonio Amaya Carazo,3,Right Center Back,35.5,51.2,11539.0,Adrián Embarba Blázquez,37.700134,0.6461536,1.0,Ground Pass,65.6,73.9,,,40.0,Right Foot,,True,,,,,,,,,,,,,,,,,,,eca1f103-247c-4453-a58b-10176e7c7916,,,,,,,,,,,,,,,,,,,,,,,,,,,,,,,,,,
eca1f103-247c-4453-a58b-10176e7c7916,2750,2,00:31:11.540,76,11,42,Ball Receipt*,156,360,Rayo Vallecano,1,Regular Play,360,Rayo Vallecano,,,f79e7316-b102-4c87-936f-32cbccbed9bc,11539,Adrián Embarba Blázquez,13,Right Center Midfield,65.6,73.9,,,,,,,,,,,,,,,,,,,,,,,,,,,,,,,,,,,,,,,,,,,,,,,,,,,,,,,,,,,,,,,,,,,
e5ad2aa3-a903-4ccf-a723-32291b616b9e,2751,2,00:31:11.540,76,11,43,Carry,156,360,Rayo Vallecano,1,Regular Play,360,Rayo Vallecano,3.002757,,168f6100-5642-4867-9ee6-f2a54b03d31b,11539,Adrián Embarba Blázquez,13,Right Center Midfield,65.6,73.9,,,,,,,,,,,,,,True,,,,,,,,,,,,,,,,,,,4e152e29-56df-4fa8-8298-3399bcfa25da,73.3,79.1,eca1f103-247c-4453-a58b-10176e7c7916,,,,,,,,,,,,,,,,,,,,,,,,,,,,,,,
4e152e29-56df-4fa8-8298-3399bcfa25da,2752,2,00:31:13.607,76,13,17,Pressure,156,360,Rayo Vallecano,1,Regular Play,217,Barcelona,0.584836,,e5ad2aa3-a903-4ccf-a723-32291b616b9e,10609,Jérémy Mathieu,6,Left Back,46.5,0.8,,,,,,,,,,,,,,,,,,,,,,,,,,,,,,,,,,,,,,,,,,,,,,,,,,,,,,,,,,,,,,,,,,,
168f6100-5642-4867-9ee6-f2a54b03d31b,2753,2,00:31:14.543,76,14,38,Miscontrol,156,360,Rayo Vallecano,1,Regular Play,360,Rayo Vallecano,0.0,,,11539,Adrián Embarba Blázquez,13,Right Center Midfield,73.3,79.1,,,,,,,,,,,,,,,True,,,,,,,,,,,,,,,,,,,,,,,,,,,,,,,,,,,,,,,,,,,,,,,,,,,,
02efdbd5-6798-4033-99dc-fc9be0293390,2754,2,00:31:45.966,76,45,19,Substitution,156,360,Rayo Vallecano,1,Regular Play,217,Barcelona,0.0,,,5203,Sergio Busquets i Burgos,10,Center Defensive Midfield,,,,,,,,,,,,,,,,,,,,,,,,,,,,,,,,,,,,,,,,,,,,,,,,103.0,Tactical,6332.0,Thomas Vermaelen,,,,,,,,,,,,,,,,,,
59e830c0-4e19-4c64-be22-9e30cf8f5439,2776,2,00:32:50.715,77,50,30,Pass,158,360,Rayo Vallecano,3,From Free Kick,360,Rayo Vallecano,1.044986,,3ee79aea-5079-4bb6-8fd5-38a36acfee17,26848,Roberto Trashorras Gayoso,15,Left Center Midfield,79.0,8.5,24782.0,Jonhatan Montiel Caballero,20.507803,-0.102579854,1.0,Ground Pass,99.4,6.4,62.0,Free Kick,40.0,Right Foot,,,,,,,,,,,,,,,,,,,,,,,,,76.0,Pass Offside,,,,,,,,,,,,,,,,,,,,,,,,,,,,,
3ee79aea-5079-4bb6-8fd5-38a36acfee17,2777,2,00:32:51.760,77,51,42,Ball Receipt*,158,360,Rayo Vallecano,3,From Free Kick,360,Rayo Vallecano,,,59e830c0-4e19-4c64-be22-9e30cf8f5439,24782,Jonhatan Montiel Caballero,19,Center Attacking Midfield,99.4,6.4,,,,,,,,,,,,,,,,,,,,,,,,,,,,,,,,,,,,,,,,,,,9.0,Incomplete,,,,,,,,,,,,,,,,,,,,,,,
a2cbe164-b262-4d5f-82c7-0c886880b607,2846,2,00:35:06.869,80,6,30,Pass,160,360,Rayo Vallecano,7,From Goal Kick,360,Rayo Vallecano,3.6585,,3572433b-ee64-4065-9e57-5fcf81ade13b,24255,Juan Carlos Martín Corral,1,Goalkeeper,7.0,44.1,11542.0,Javier Guerra Rodríguez,78.896515,0.10029925,3.0,High Pass,85.5,52.0,63.0,Goal Kick,40.0,Right Foot,,,,,,,,,,,,,,,,,,,,,a9c6540e-7307-4c20-b6fe-972d794c98bb,,,,9.0,Incomplete,,,,,,,,,,,,,,,,,,,,,,,,,,,,,
a9c6540e-7307-4c20-b6fe-972d794c98bb,2847,2,00:35:10.528,80,10,42,Ball Receipt*,160,360,Rayo Vallecano,7,From Goal Kick,360,Rayo Vallecano,,,a2cbe164-b262-4d5f-82c7-0c886880b607,11542,Javier Guerra Rodríguez,23,Center Forward,84.1,51.8,,,,,,,,,,,,,,,,,,,,,,,,,,,,,,,,,,,,,,,,,,,9.0,Incomplete,,,,,,,,,,,,,,,,,,,,,,,
0c5993f2-2770-467e-ac5a-6c4c29aaaa9c,2848,2,00:35:10.528,80,10,4,Duel,160,360,Rayo Vallecano,7,From Goal Kick,360,Rayo Vallecano,0.0,,3572433b-ee64-4065-9e57-5fcf81ade13b,11542,Javier Guerra Rodríguez,23,Center Forward,85.5,52.0,,,,,,,,,,,,,,True,,,,,,,,,,,,,,,,,,,,,,,,,,,,,,,,,,,,10.0,Aerial Lost,,,,,,,,,,,,,,,,
21845fca-7222-4c64-8135-b699b998401f,2882,2,00:35:49.793,80,49,30,Pass,162,360,Rayo Vallecano,4,From Throw In,360,Rayo Vallecano,1.3234,,b0da2125-35f2-4111-9f08-457f74adc6d6,24138,Joaquín José Marín Ruiz,2,Right Back,17.2,80.0,11542.0,Javier Guerra Rodríguez,15.966214,-0.21459287,3.0,High Pass,32.8,76.6,67.0,Throw-in,,,,,,,,,,,,,,,,,,,,,,,,,,,,,,,,,,,,,,,,,,,,,,,,,,,,,,,,,
b0da2125-35f2-4111-9f08-457f74adc6d6,2883,2,00:35:51.117,80,51,42,Ball Receipt*,162,360,Rayo Vallecano,4,From Throw In,360,Rayo Vallecano,,,21845fca-7222-4c64-8135-b699b998401f,11542,Javier Guerra Rodríguez,23,Center Forward,32.8,76.6,,,,,,,,,,,,,,,,,,,,,,,,,,,,,,,,,,,,,,,,,,,,,,,,,,,,,,,,,,,,,,,,,,,
d12a9b17-f084-4ed9-9f27-3830564c7492,2884,2,00:35:51.154,80,51,30,Pass,162,360,Rayo Vallecano,4,From Throw In,360,Rayo Vallecano,0.8133,,6ffe35fe-a7a9-45a6-9dd6-17095c918ac2,11542,Javier Guerra Rodríguez,23,Center Forward,33.8,78.9,11539.0,Adrián Embarba Blázquez,10.204411,-0.4241944,3.0,High Pass,43.1,74.7,,,37.0,Head,,,,,,,,,,,,,,,,,,,,,88a185cc-df49-482f-a42b-866179773541,,,,9.0,Incomplete,,,,,,,,,,,,,,,,,,,,,,,,,,,,,
6ffe35fe-a7a9-45a6-9dd6-17095c918ac2,2885,2,00:35:51.967,80,51,42,Ball Receipt*,162,360,Rayo Vallecano,4,From Throw In,360,Rayo Vallecano,,,d12a9b17-f084-4ed9-9f27-3830564c7492,11539,Adrián Embarba Blázquez,13,Right Center Midfield,44.3,75.5,,,,,,,,,,,,,,,,,,,,,,,,,,,,,,,,,,,,,,,,,,,9.0,Incomplete,,,,,,,,,,,,,,,,,,,,,,,
88a185cc-df49-482f-a42b-866179773541,2886,2,00:35:51.967,80,51,10,Interception,162,360,Rayo Vallecano,4,From Throw In,217,Barcelona,0.0,,d12a9b17-f084-4ed9-9f27-3830564c7492,5506,Javier Alejandro Mascherano,10,Center Defensive Midfield,77.0,5.4,,,,,,,,,,,,,,,,,,,,,,,,,,,,,,,,,,,,,,,,,,,,,,,,,,,,14.0,Lost Out,,,,,,,,,,,,,,
b9a6a853-a862-4b64-b35e-4add936c6352,2887,2,00:36:08.359,81,8,30,Pass,163,360,Rayo Vallecano,4,From Throw In,360,Rayo Vallecano,1.3744,,6169fd7f-64b5-451c-8cbb-4f7f0e979815,24138,Joaquín José Marín Ruiz,2,Right Back,43.9,80.0,11542.0,Javier Guerra Rodríguez,26.555979,-0.18557927,3.0,High Pass,70.0,75.1,67.0,Throw-in,,,,,,,,,,,,,,,,,,,,,,,,,,,,,,,,,,,,,,,,,,,,,,,,,,,,,,,,,
6169fd7f-64b5-451c-8cbb-4f7f0e979815,2888,2,00:36:09.733,81,9,42,Ball Receipt*,163,360,Rayo Vallecano,4,From Throw In,360,Rayo Vallecano,,,b9a6a853-a862-4b64-b35e-4add936c6352,11542,Javier Guerra Rodríguez,23,Center Forward,70.0,75.1,,,,,,,,,,,,,,,,,,,,,,,,,,,,,,,,,,,,,,,,,,,,,,,,,,,,,,,,,,,,,,,,,,,
2d987212-31da-4d19-bf90-2a61ce0acf0b,2889,2,00:36:09.773,81,9,30,Pass,163,360,Rayo Vallecano,4,From Throw In,360,Rayo Vallecano,1.6483,,b481515f-0766-41a1-8dba-b8b605da88ef,11542,Javier Guerra Rodríguez,23,Center Forward,70.0,75.1,11539.0,Adrián Embarba Blázquez,19.320456,-0.4729066,3.0,High Pass,87.2,66.3,,,37.0,Head,,,,,,,,,,,,,,,,,,,,,,,,,76.0,Pass Offside,,,,,,,,,,,,,,,,,,,,,,,,,,,,,
b481515f-0766-41a1-8dba-b8b605da88ef,2890,2,00:36:11.422,81,11,42,Ball Receipt*,163,360,Rayo Vallecano,4,From Throw In,360,Rayo Vallecano,,,2d987212-31da-4d19-bf90-2a61ce0acf0b,11539,Adrián Embarba Blázquez,13,Right Center Midfield,87.2,66.3,,,,,,,,,,,,,,,,,,,,,,,,,,,,,,,,,,,,,,,,,,,9.0,Incomplete,,,,,,,,,,,,,,,,,,,,,,,
9e9ebb21-cca6-4f81-b9d4-bc12b0d6e8ce,2926,2,00:37:13.209,82,13,30,Pass,165,360,Rayo Vallecano,4,From Throw In,360,Rayo Vallecano,1.4343,,978de1cf-8d36-4ca1-8cee-110890224069,6914,Roberto Román Triguero,6,Left Back,13.7,0.1,11542.0,Javier Guerra Rodríguez,17.409193,0.7447701,3.0,High Pass,26.5,11.9,67.0,Throw-in,,,,,,,,,,,,,,,,,,,,,,,,,,,77.0,Unknown,,,,,,,,,,,,,,,,,,,,,,,,,,,,,
978de1cf-8d36-4ca1-8cee-110890224069,2927,2,00:37:14.643,82,14,42,Ball Receipt*,165,360,Rayo Vallecano,4,From Throw In,360,Rayo Vallecano,,,9e9ebb21-cca6-4f81-b9d4-bc12b0d6e8ce,11542,Javier Guerra Rodríguez,23,Center Forward,27.5,11.0,,,,,,,,,,,,,,,,,,,,,,,,,,,,,,,,,,,,,,,,,,,9.0,Incomplete,,,,,,,,,,,,,,,,,,,,,,,
510f7417-4aea-4aa8-8ebe-8fcfb9c858aa,2928,2,00:37:14.683,82,14,22,Foul Committed,165,360,Rayo Vallecano,4,From Throw In,217,Barcelona,0.0,,255f51ce-0b0c-4aab-ac45-d5887336cfea,6400,Aleix Vidal Parreu,2,Right Back,92.8,69.3,,,,,,,,,,,,,,,,,,,,,,,,,,,,,,,,,,,,,,,,,,,,,,,,,,,,,,,,,,,,,,,,,,,
255f51ce-0b0c-4aab-ac45-d5887336cfea,2929,2,00:37:14.683,82,14,21,Foul Won,165,360,Rayo Vallecano,4,From Throw In,360,Rayo Vallecano,0.0,,510f7417-4aea-4aa8-8ebe-8fcfb9c858aa,11542,Javier Guerra Rodríguez,23,Center Forward,27.3,10.8,,,,,,,,,,,,,,True,,,,,,,,,,,,,,,,,,,,,,,,,,,,,,,,,,,,,,,,True,,,,,,,,,,,,,
7607b7a2-2a82-4a6c-ae99-9591100c9434,2930,2,00:37:23.973,82,23,30,Pass,166,360,Rayo Vallecano,3,From Free Kick,360,Rayo Vallecano,0.925764,,392d4507-f79f-4d61-9f43-fe533d3fabec,26848,Roberto Trashorras Gayoso,15,Left Center Midfield,32.8,10.8,11539.0,Adrián Embarba Blázquez,14.094325,1.0754133,1.0,Ground Pass,39.5,23.2,62.0,Free Kick,40.0,Right Foot,,,,,,,,,,,,,,,,,,,,,,,,,,,,,,,,,,,,,,,,,,,,,,,,,,,,,,,
392d4507-f79f-4d61-9f43-fe533d3fabec,2931,2,00:37:24.898,82,24,42,Ball Receipt*,166,360,Rayo Vallecano,3,From Free Kick,360,Rayo Vallecano,,,7607b7a2-2a82-4a6c-ae99-9591100c9434,11539,Adrián Embarba Blázquez,13,Right Center Midfield,39.5,23.2,,,,,,,,,,,,,,,,,,,,,,,,,,,,,,,,,,,,,,,,,,,,,,,,,,,,,,,,,,,,,,,,,,,
8da191cc-cbda-4041-bfd0-ac2d3d5a7bfd,2932,2,00:37:24.898,82,24,43,Carry,166,360,Rayo Vallecano,3,From Free Kick,360,Rayo Vallecano,0.816336,,03a57bed-4424-4493-a37f-3df177f15e03,11539,Adrián Embarba Blázquez,13,Right Center Midfield,39.5,23.2,,,,,,,,,,,,,,,,,,,,,,,,,,,,,,,,,392d4507-f79f-4d61-9f43-fe533d3fabec,39.5,23.2,,,,,,,,,,,,,,,,,,,,,,,,,,,,,,,,
03a57bed-4424-4493-a37f-3df177f15e03,2933,2,00:37:25.715,82,25,30,Pass,166,360,Rayo Vallecano,3,From Free Kick,360,Rayo Vallecano,0.944335,,d58a0703-3b98-4382-a35f-da83fc4f79af,11539,Adrián Embarba Blázquez,13,Right Center Midfield,39.5,23.2,26848.0,Roberto Trashorras Gayoso,15.523209,-1.804838,1.0,Ground Pass,35.9,8.1,,,38.0,Left Foot,,,,,,,,,,,,,,,,,,,,,,,,,,,,,,,,,,,,,,,,,,,,,,,,,,,,,,,
d58a0703-3b98-4382-a35f-da83fc4f79af,2934,2,00:37:26.659,82,26,42,Ball Receipt*,166,360,Rayo Vallecano,3,From Free Kick,360,Rayo Vallecano,,,03a57bed-4424-4493-a37f-3df177f15e03,26848,Roberto Trashorras Gayoso,15,Left Center Midfield,35.9,8.1,,,,,,,,,,,,,,,,,,,,,,,,,,,,,,,,,,,,,,,,,,,,,,,,,,,,,,,,,,,,,,,,,,,
0e456a8c-4b06-4158-bcbd-b99275b59d3b,2935,2,00:37:26.659,82,26,43,Carry,166,360,Rayo Vallecano,3,From Free Kick,360,Rayo Vallecano,1.542865,,72e2c4b4-f314-4d0e-9526-c579fad2cb74,26848,Roberto Trashorras Gayoso,15,Left Center Midfield,35.9,8.1,,,,,,,,,,,,,,,,,,,,,,,,,,,,,,,,,d58a0703-3b98-4382-a35f-da83fc4f79af,43.7,3.7,,,,,,,,,,,,,,,,,,,,,,,,,,,,,,,,
72e2c4b4-f314-4d0e-9526-c579fad2cb74,2936,2,00:37:28.202,82,28,30,Pass,166,360,Rayo Vallecano,3,From Free Kick,360,Rayo Vallecano,1.35235,,b632c172-6376-490d-9191-8bbb0d045843,26848,Roberto Trashorras Gayoso,15,Left Center Midfield,43.7,3.7,24782.0,Jonhatan Montiel Caballero,11.627554,0.06885649,1.0,Ground Pass,55.3,4.5,,,40.0,Right Foot,,,,,,,,,,,,,,,,,,,,,,,,,,,,,,,,,,,,,,,,,,,,,,,,,,,,,,,
b632c172-6376-490d-9191-8bbb0d045843,2937,2,00:37:29.554,82,29,42,Ball Receipt*,166,360,Rayo Vallecano,3,From Free Kick,360,Rayo Vallecano,,,72e2c4b4-f314-4d0e-9526-c579fad2cb74,24782,Jonhatan Montiel Caballero,19,Center Attacking Midfield,55.3,4.5,,,,,,,,,,,,,,,,,,,,,,,,,,,,,,,,,,,,,,,,,,,,,,,,,,,,,,,,,,,,,,,,,,,
b86124dd-933b-49c0-9a3f-81d633d991ac,2938,2,00:37:29.554,82,29,43,Carry,166,360,Rayo Vallecano,3,From Free Kick,360,Rayo Vallecano,0.86865,,58b1b703-3591-411e-a726-5c7aa98e094f,24782,Jonhatan Montiel Caballero,19,Center Attacking Midfield,55.3,4.5,,,,,,,,,,,,,,True,,,,,,,,,,,,,,,,,,,61885a04-28d8-478b-84f3-90f6a7d40ab8,54.6,4.1,b632c172-6376-490d-9191-8bbb0d045843,,,,,,,,,,,,,,,,,,,,,,,,,,,,,,,
61885a04-28d8-478b-84f3-90f6a7d40ab8,2939,2,00:37:30.113,82,30,17,Pressure,166,360,Rayo Vallecano,3,From Free Kick,217,Barcelona,0.089106,,b86124dd-933b-49c0-9a3f-81d633d991ac,5506,Javier Alejandro Mascherano,10,Center Defensive Midfield,65.3,71.8,,,,,,,,,,,,,,,,,,,,,,,,,,,,,,,,,,,,,,,,,,,,,,,,,,,,,,,,,,,,,,,,,,,
7ddaafd0-594e-44eb-b9fa-2c1f1a38ad95,2940,2,00:37:30.202,82,30,17,Pressure,166,360,Rayo Vallecano,3,From Free Kick,217,Barcelona,0.957316,,58b1b703-3591-411e-a726-5c7aa98e094f,5503,Lionel Andrés Messi Cuccittini,17,Right Wing,63.8,74.1,,,,,,,,,,,,,,,,,,,,,,,,,,,,,,,,,,,,,,,,,,,,,,,,,,,,,,,,,,,,,,,,,,,
58b1b703-3591-411e-a726-5c7aa98e094f,2941,2,00:37:30.423,82,30,30,Pass,166,360,Rayo Vallecano,3,From Free Kick,360,Rayo Vallecano,1.029761,,7ddaafd0-594e-44eb-b9fa-2c1f1a38ad95,24782,Jonhatan Montiel Caballero,19,Center Attacking Midfield,54.6,4.1,11539.0,Adrián Embarba Blázquez,8.22253,1.3376166,2.0,Low Pass,56.5,12.1,,,40.0,Right Foot,,True,,,,,,,,,,,,,,,,,,,d4ea3be8-c91a-4be4-a1d5-85c269ce314f,,,,,,,,,,,,,,,,,,,,,,,,,,,,,,,,,,
d4ea3be8-c91a-4be4-a1d5-85c269ce314f,2942,2,00:37:31.453,82,31,42,Ball Receipt*,166,360,Rayo Vallecano,3,From Free Kick,360,Rayo Vallecano,,,58b1b703-3591-411e-a726-5c7aa98e094f,11539,Adrián Embarba Blázquez,13,Right Center Midfield,56.5,12.1,,,,,,,,,,,,,,,,,,,,,,,,,,,,,,,,,,,,,,,,,,,,,,,,,,,,,,,,,,,,,,,,,,,
74b58f83-fa76-43d1-bb93-8c5b0d0cb0d3,2943,2,00:37:31.453,82,31,43,Carry,166,360,Rayo Vallecano,3,From Free Kick,360,Rayo Vallecano,0.926931,,0af5e11c-0f28-4dfd-9993-4b12712f3d7b,11539,Adrián Embarba Blázquez,13,Right Center Midfield,56.5,12.1,,,,,,,,,,,,,,True,,,,,,,,,,,,,,,,,,,912720da-2b8e-4e2a-8f9a-5ed2a832e87f,66.0,13.5,d4ea3be8-c91a-4be4-a1d5-85c269ce314f,,,,,,,,,,,,,,,,,,,,,,,,,,,,,,,
912720da-2b8e-4e2a-8f9a-5ed2a832e87f,2944,2,00:37:31.649,82,31,17,Pressure,166,360,Rayo Vallecano,3,From Free Kick,217,Barcelona,1.268539,,0af5e11c-0f28-4dfd-9993-4b12712f3d7b,5216,Andrés Iniesta Luján,13,Right Center Midfield,62.5,65.3,,,,,,,,,,,,,,,,,,,,,,,,,,,,,,,,,2369c463-2523-4ff2-909e-1b618fe8e66f,,,74b58f83-fa76-43d1-bb93-8c5b0d0cb0d3,,,,,,,,,,,,,,,,,,,,,,,,,,,,,,,
bbfc8d56-412f-4674-aaa1-352631c2e320,2945,2,00:37:32.380,82,32,39,Dribbled Past,166,360,Rayo Vallecano,3,From Free Kick,217,Barcelona,0.0,,0af5e11c-0f28-4dfd-9993-4b12712f3d7b,5216,Andrés Iniesta Luján,13,Right Center Midfield,54.1,66.6,,,,,,,,,,,,,,,,,,,,,,,,,,,,,,,,,2369c463-2523-4ff2-909e-1b618fe8e66f,,,,,,,,,,,,,,,,,,,,,,,,,,,,,,,,,,
0af5e11c-0f28-4dfd-9993-4b12712f3d7b,2946,2,00:37:32.380,82,32,14,Dribble,166,360,Rayo Vallecano,3,From Free Kick,360,Rayo Vallecano,0.0,,912720da-2b8e-4e2a-8f9a-5ed2a832e87f,11539,Adrián Embarba Blázquez,13,Right Center Midfield,66.0,13.5,,,,,,,,,,,,,,True,,,,,,,,,,,,,,,,,,,bbfc8d56-412f-4674-aaa1-352631c2e320,,,,,,,,,,,,,,,,,,,,,,8.0,Complete,,,,,,,,,,,
2369c463-2523-4ff2-909e-1b618fe8e66f,2947,2,00:37:32.380,82,32,43,Carry,166,360,Rayo Vallecano,3,From Free Kick,360,Rayo Vallecano,0.890908,,0af5e11c-0f28-4dfd-9993-4b12712f3d7b,11539,Adrián Embarba Blázquez,13,Right Center Midfield,66.0,13.5,,,,,,,,,,,,,,True,,,,,,,,,,,,,,,,,,,6d44f607-3181-4533-b313-b9517a946059,62.2,25.7,912720da-2b8e-4e2a-8f9a-5ed2a832e87f,,,,,,,,,,,,,,,,,,,,,bbfc8d56-412f-4674-aaa1-352631c2e320,de6aeed4-e426-4db3-99b7-7c91944f7265,,,,,,,,,
de6aeed4-e426-4db3-99b7-7c91944f7265,2948,2,00:37:32.984,82,32,17,Pressure,166,360,Rayo Vallecano,3,From Free Kick,217,Barcelona,0.586126,,2369c463-2523-4ff2-909e-1b618fe8e66f,5213,Gerard Piqué Bernabéu,3,Right Center Back,53.3,55.8,,,,,,,,,,,,,,,,,,,,,,,,,,,,,,,,,6d44f607-3181-4533-b313-b9517a946059,,,,,,,,,,,,,,,,,,,,,,,,,,,,,,,,,,
6d44f607-3181-4533-b313-b9517a946059,2949,2,00:37:33.271,82,33,30,Pass,166,360,Rayo Vallecano,3,From Free Kick,360,Rayo Vallecano,0.885643,,4564cda4-67b3-4793-a34b-b042d45d0393,11539,Adrián Embarba Blázquez,13,Right Center Midfield,62.2,25.7,26848.0,Roberto Trashorras Gayoso,4.8259716,3.0378003,2.0,Low Pass,57.4,26.2,,,40.0,Right Foot,,True,,,,,,,,,,,,,,,,,,,de6aeed4-e426-4db3-99b7-7c91944f7265,,,,,,,,,,,,,,,,,,,,,,,,,,,,,,,,,,
4564cda4-67b3-4793-a34b-b042d45d0393,2950,2,00:37:34.156,82,34,42,Ball Receipt*,166,360,Rayo Vallecano,3,From Free Kick,360,Rayo Vallecano,,,6d44f607-3181-4533-b313-b9517a946059,26848,Roberto Trashorras Gayoso,15,Left Center Midfield,57.4,26.2,,,,,,,,,,,,,,,,,,,,,,,,,,,,,,,,,,,,,,,,,,,,,,,,,,,,,,,,,,,,,,,,,,,
59301133-ccef-4217-8cfc-e0c34d120c5c,2951,2,00:37:34.156,82,34,43,Carry,166,360,Rayo Vallecano,3,From Free Kick,360,Rayo Vallecano,1.331657,,4564cda4-67b3-4793-a34b-b042d45d0393,26848,Roberto Trashorras Gayoso,15,Left Center Midfield,57.4,26.2,,,,,,,,,,,,,,True,,,,,,,,,,,,,,,,,,,878fade1-993d-450a-bda1-296d75885527,49.2,29.3,c262da0e-a5e4-4b56-a769-01ecbece35a5,,,,,,,,,,,,,,,,,,,,,,,,,,,,,,,
c262da0e-a5e4-4b56-a769-01ecbece35a5,2952,2,00:37:34.446,82,34,17,Pressure,166,360,Rayo Vallecano,3,From Free Kick,217,Barcelona,1.424306,,59301133-ccef-4217-8cfc-e0c34d120c5c,5213,Gerard Piqué Bernabéu,3,Right Center Back,61.0,54.6,,,,,,,,,,,,,,,,,,,,,,,,,,,,,,,,,878fade1-993d-450a-bda1-296d75885527,,,,,,,,,,,,,,,,,,,,,,,,,,,,,,,,,,
878fade1-993d-450a-bda1-296d75885527,2953,2,00:37:35.488,82,35,30,Pass,166,360,Rayo Vallecano,3,From Free Kick,360,Rayo Vallecano,3.4885,,1c6fc528-c7ce-4dc3-b448-0d62e61e7f31,26848,Roberto Trashorras Gayoso,15,Left Center Midfield,49.2,29.3,24138.0,Joaquín José Marín Ruiz,44.13672,1.2167989,3.0,High Pass,64.5,70.7,,,40.0,Right Foot,,True,,,,,,,,,,,,,,,,,True,,87cd18ff-6acd-487d-8a22-f1ea5f1cd8b8,,,c262da0e-a5e4-4b56-a769-01ecbece35a5,9.0,Incomplete,,,,,,,,,,,,,,,,,,,,,,,,,,,,,
87cd18ff-6acd-487d-8a22-f1ea5f1cd8b8,2954,2,00:37:38.976,82,38,42,Ball Receipt*,166,360,Rayo Vallecano,3,From Free Kick,360,Rayo Vallecano,,,878fade1-993d-450a-bda1-296d75885527,24138,Joaquín José Marín Ruiz,2,Right Back,63.0,72.4,,,,,,,,,,,,,,,,,,,,,,,,,,,,,,,,,,,,,,,,,,,9.0,Incomplete,,,,,,,,,,,,,,,,,,,,,,,
1c6fc528-c7ce-4dc3-b448-0d62e61e7f31,2955,2,00:37:38.976,82,38,9,Clearance,166,360,Rayo Vallecano,3,From Free Kick,217,Barcelona,0.0,,878fade1-993d-450a-bda1-296d75885527,10609,Jérémy Mathieu,6,Left Back,55.6,9.4,,,,,,,,,,,,,,True,True,,,,,,,,,,,,,,,,,,,,,,,,,,,,,,,,,,,,,,,,,,,,38.0,Left Foot,True,,,,,,
a5be6412-30cd-49d1-8b69-63f1b5a4b037,2956,2,00:37:47.605,82,47,30,Pass,167,360,Rayo Vallecano,4,From Throw In,360,Rayo Vallecano,1.105374,,bc9120e5-1742-44c5-bf84-4f4ae829247b,24138,Joaquín José Marín Ruiz,2,Right Back,57.8,80.0,27144.0,Antonio Amaya Carazo,12.734991,-2.3895154,2.0,Low Pass,48.5,71.3,67.0,Throw-in,,,,,,,,,,,,,,,,,,,,,,,,,,,,,,,,,,,,,,,,,,,,,,,,,,,,,,,,,
bc9120e5-1742-44c5-bf84-4f4ae829247b,2957,2,00:37:48.710,82,48,42,Ball Receipt*,167,360,Rayo Vallecano,4,From Throw In,360,Rayo Vallecano,,,a5be6412-30cd-49d1-8b69-63f1b5a4b037,27144,Antonio Amaya Carazo,3,Right Center Back,48.5,71.3,,,,,,,,,,,,,,,,,,,,,,,,,,,,,,,,,,,,,,,,,,,,,,,,,,,,,,,,,,,,,,,,,,,
a05afbbd-8f70-43b7-b0b0-f281f8f6f5e5,2958,2,00:37:48.710,82,48,43,Carry,167,360,Rayo Vallecano,4,From Throw In,360,Rayo Vallecano,1.198326,,b3ba3347-fda9-46c2-8fe9-7049241471c0,27144,Antonio Amaya Carazo,3,Right Center Back,48.5,71.3,,,,,,,,,,,,,,,,,,,,,,,,,,,,,,,,,bc9120e5-1742-44c5-bf84-4f4ae829247b,50.9,68.4,,,,,,,,,,,,,,,,,,,,,,,,,,,,,,,,
b3ba3347-fda9-46c2-8fe9-7049241471c0,2959,2,00:37:49.908,82,49,30,Pass,167,360,Rayo Vallecano,4,From Throw In,360,Rayo Vallecano,1.46664,,3909539b-84e2-43b9-b131-b2d6e1d96691,27144,Antonio Amaya Carazo,3,Right Center Back,50.9,68.4,18404.0,José Ángel Crespo Rincón,27.888708,-1.7766305,2.0,Low Pass,45.2,41.1,,,40.0,Right Foot,,,,,,,,,,,,,,,,,,,,,,,,,,,,,,,,,,,,,,,,,,,,,,,,,,,,,,,
3909539b-84e2-43b9-b131-b2d6e1d96691,2960,2,00:37:51.375,82,51,42,Ball Receipt*,167,360,Rayo Vallecano,4,From Throw In,360,Rayo Vallecano,,,b3ba3347-fda9-46c2-8fe9-7049241471c0,18404,José Ángel Crespo Rincón,5,Left Center Back,45.2,41.1,,,,,,,,,,,,,,,,,,,,,,,,,,,,,,,,,,,,,,,,,,,,,,,,,,,,,,,,,,,,,,,,,,,
2dfd0cd6-346f-4e37-8d2f-3e97ad763fd2,2961,2,00:37:51.375,82,51,43,Carry,167,360,Rayo Vallecano,4,From Throw In,360,Rayo Vallecano,1.43096,,1a7b5c83-c9a3-4353-97e0-3d2a735376ad,18404,José Ángel Crespo Rincón,5,Left Center Back,45.2,41.1,,,,,,,,,,,,,,True,,,,,,,,,,,,,,,,,,,3909539b-84e2-43b9-b131-b2d6e1d96691,52.7,44.2,4d82c5fe-8e68-487c-af66-fdb0ea297a40,,,,,,,,,,,,,,,,,,,,,,,,,,,,,,,
4d82c5fe-8e68-487c-af66-fdb0ea297a40,2962,2,00:37:51.664,82,51,17,Pressure,167,360,Rayo Vallecano,4,From Throw In,217,Barcelona,1.14671,,1a7b5c83-c9a3-4353-97e0-3d2a735376ad,5503,Lionel Andrés Messi Cuccittini,17,Right Wing,72.8,44.3,,,,,,,,,,,,,,,,,,,,,,,,,,,,,,,,,2dfd0cd6-346f-4e37-8d2f-3e97ad763fd2,,,,,,,,,,,,,,,,,,,,,,,,,,,,,,,,,,
1a7b5c83-c9a3-4353-97e0-3d2a735376ad,2963,2,00:37:52.806,82,52,30,Pass,167,360,Rayo Vallecano,4,From Throw In,360,Rayo Vallecano,0.9685,,4d82c5fe-8e68-487c-af66-fdb0ea297a40,18404,José Ángel Crespo Rincón,5,Left Center Back,52.7,44.2,24782.0,Jonhatan Montiel Caballero,15.533191,0.20749623,2.0,Low Pass,67.9,47.4,,,40.0,Right Foot,,True,,,,,,,,,,,,,,,,,,,6b74cc9d-a97c-4289-99f0-7044ebf7dc18,,,c34a2550-8a95-4046-a470-9dbeb743c523,9.0,Incomplete,,,,,,,,,,,,,,,,,,,,,,,,,,,,,
6b74cc9d-a97c-4289-99f0-7044ebf7dc18,2964,2,00:37:53.774,82,53,42,Ball Receipt*,167,360,Rayo Vallecano,4,From Throw In,360,Rayo Vallecano,,,1a7b5c83-c9a3-4353-97e0-3d2a735376ad,24782,Jonhatan Montiel Caballero,19,Center Attacking Midfield,66.2,42.8,,,,,,,,,,,,,,,,,,,,,,,,,,,,,,,,,,,,,,,,,,,9.0,Incomplete,,,,,,,,,,,,,,,,,,,,,,,
c34a2550-8a95-4046-a470-9dbeb743c523,2965,2,00:37:53.774,82,53,30,Pass,167,360,Rayo Vallecano,4,From Throw In,217,Barcelona,2.0484,,1a7b5c83-c9a3-4353-97e0-3d2a735376ad,5216,Andrés Iniesta Luján,13,Right Center Midfield,52.2,32.7,5246.0,Luis Alberto Suárez Díaz,3.5,0.9272952,3.0,High Pass,54.3,35.5,64.0,Interception,40.0,Right Foot,,,,,,,,,,,,,,,,,,,,,8360b3fc-522e-4af1-aa5e-8a6620476ed4,,,,,,,,,,,,,,,,,,,,,,,,,,,,,,,,,,
8360b3fc-522e-4af1-aa5e-8a6620476ed4,2966,2,00:37:55.727,82,55,42,Ball Receipt*,167,360,Rayo Vallecano,4,From Throw In,217,Barcelona,,,c34a2550-8a95-4046-a470-9dbeb743c523,5246,Luis Alberto Suárez Díaz,23,Center Forward,54.3,35.5,,,,,,,,,,,,,,,,,,,,,,,,,,,,,,,,,,,,,,,,,,,,,,,,,,,,,,,,,,,,,,,,,,,
c6b95b25-27b5-4dd5-9f95-77ba77a15cb1,2967,2,00:37:55.727,82,55,43,Carry,167,360,Rayo Vallecano,4,From Throw In,217,Barcelona,0.1357,,3a283514-c012-4ff2-bcad-22cacf9df381,5246,Luis Alberto Suárez Díaz,23,Center Forward,54.3,35.5,,,,,,,,,,,,,,True,,,,,,,,,,,,,,,,,,,8360b3fc-522e-4af1-aa5e-8a6620476ed4,80.2,33.1,c2ce970d-54d4-48da-8c9e-5ce82f0fd3ff,,,,,,,,,,,,,,,,,,,,,,,,,,,,,,,
3a283514-c012-4ff2-bcad-22cacf9df381,2968,2,00:37:55.727,82,55,30,Pass,167,360,Rayo Vallecano,4,From Throw In,360,Rayo Vallecano,1.995751,,9748a9f7-3210-40db-ba4e-e85ef806ca4e,27144,Antonio Amaya Carazo,3,Right Center Back,41.2,46.8,6914.0,Roberto Román Triguero,21.56154,-1.8191496,3.0,High Pass,35.9,25.9,64.0,Interception,37.0,Head,,,,,,,,True,,,,,,,,,,,,,c6b95b25-27b5-4dd5-9f95-77ba77a15cb1,,,,,,,,,,,,,,,,,,,,,,,,,,,,,True,,,,,
9748a9f7-3210-40db-ba4e-e85ef806ca4e,2969,2,00:37:55.863,82,55,42,Ball Receipt*,167,360,Rayo Vallecano,4,From Throw In,360,Rayo Vallecano,,,3a283514-c012-4ff2-bcad-22cacf9df381,6914,Roberto Román Triguero,6,Left Back,35.9,25.9,,,,,,,,,,,,,,,,,,,,,,,,,,,,,,,,,,,,,,,,,,,,,,,,,,,,,,,,,,,,,,,,,,,
f2444e6b-4d74-4c39-9d9a-0a6b01c35eec,2970,2,00:37:55.863,82,55,43,Carry,167,360,Rayo Vallecano,4,From Throw In,360,Rayo Vallecano,1.925786,,3b6f5d84-e3aa-4e67-ae35-1edf3d8000d4,6914,Roberto Román Triguero,6,Left Back,35.9,25.9,,,,,,,,,,,,,,,,,,,,,,,,,,,,,,,,,9748a9f7-3210-40db-ba4e-e85ef806ca4e,38.0,25.9,,,,,,,,,,,,,,,,,,,,,,,,,,,,,,,,
c2ce970d-54d4-48da-8c9e-5ce82f0fd3ff,2971,2,00:37:55.863,82,55,38,Miscontrol,167,360,Rayo Vallecano,4,From Throw In,217,Barcelona,0.0,,,5246,Luis Alberto Suárez Díaz,23,Center Forward,80.2,33.1,,,,,,,,,,,,,,,,,,,,,,,,,,,,,,,,,,,,,,,,,,,,,,,,,,,,,,,,,,,,,,,,,,,
3b6f5d84-e3aa-4e67-ae35-1edf3d8000d4,2972,2,00:37:57.789,82,57,30,Pass,167,360,Rayo Vallecano,4,From Throw In,360,Rayo Vallecano,2.335148,,6d1da7d2-0cd0-437b-a597-566d1ad796c4,6914,Roberto Román Triguero,6,Left Back,38.0,25.9,11539.0,Adrián Embarba Blázquez,46.757782,0.27506816,3.0,High Pass,83.0,38.6,,,40.0,Right Foot,,,,,,,,,,,,,,,,,,,,,755be13f-ca00-4500-84ab-075d09fa6ecd,,,,9.0,Incomplete,,,,,,,,,,,,,,,,,,,,,,,,,,,,,
755be13f-ca00-4500-84ab-075d09fa6ecd,2973,2,00:38:00.124,83,0,42,Ball Receipt*,167,360,Rayo Vallecano,4,From Throw In,360,Rayo Vallecano,,,3b6f5d84-e3aa-4e67-ae35-1edf3d8000d4,11539,Adrián Embarba Blázquez,13,Right Center Midfield,81.3,38.8,,,,,,,,,,,,,,,,,,,,,,,,,,,,,,,,,,,,,,,,,,,9.0,Incomplete,,,,,,,,,,,,,,,,,,,,,,,
6d1da7d2-0cd0-437b-a597-566d1ad796c4,2974,2,00:38:00.124,83,0,2,Ball Recovery,167,360,Rayo Vallecano,4,From Throw In,217,Barcelona,0.0,,3b6f5d84-e3aa-4e67-ae35-1edf3d8000d4,5213,Gerard Piqué Bernabéu,3,Right Center Back,37.1,41.5,,,,,,,,,,,,,,,,,,,,,,,,,,,,,,,,,,,,,,,,,,,,,,,,,,,,,,,,,,,,,,,True,,,,
3a821830-8c4e-41c8-a7aa-d57d6d67090c,2975,2,00:38:01.649,83,1,2,Ball Recovery,167,360,Rayo Vallecano,4,From Throw In,360,Rayo Vallecano,0.0,,,11539,Adrián Embarba Blázquez,13,Right Center Midfield,90.2,33.1,,,,,,,,,,,,,,,,,,,,,,,,,,,,,,,,,,,,,,,,,,,,,,,,,,,,,,,,,,,,,,,,,,,
23f6cb51-6757-4c97-b464-3b518062ba50,2976,2,00:38:01.649,83,1,43,Carry,167,360,Rayo Vallecano,4,From Throw In,360,Rayo Vallecano,3.16642,,34683337-c6c8-47d0-82b8-abab0af603d4,11539,Adrián Embarba Blázquez,13,Right Center Midfield,90.2,33.1,,,,,,,,,,,,,,True,,,,,,,,,,,,,,,,,,,3a821830-8c4e-41c8-a7aa-d57d6d67090c,115.0,20.7,90936f1c-3a33-4068-baf5-7959af9bf587,,,,,,,,,,,,,,,,,,,,,,,,,,,,,,,
90936f1c-3a33-4068-baf5-7959af9bf587,2977,2,00:38:02.838,83,2,17,Pressure,167,360,Rayo Vallecano,4,From Throw In,217,Barcelona,2.492591,,23f6cb51-6757-4c97-b464-3b518062ba50,5213,Gerard Piqué Bernabéu,3,Right Center Back,23.2,48.9,,,,,,,,,,,,,,,,,,,,,,,,,,,,,,,,,34683337-c6c8-47d0-82b8-abab0af603d4,,,,,,,,,,,,,,,,,,,,,,,,,,,,,,,,,,
34683337-c6c8-47d0-82b8-abab0af603d4,2978,2,00:38:04.816,83,4,30,Pass,167,360,Rayo Vallecano,4,From Throw In,360,Rayo Vallecano,2.637226,,85b2d7f4-9bf0-49aa-a79f-8894307ed349,11539,Adrián Embarba Blázquez,13,Right Center Midfield,115.0,20.7,11542.0,Javier Guerra Rodríguez,21.107346,1.3510996,3.0,High Pass,119.6,41.3,,,38.0,Left Foot,,True,,,,,,,,,,,,,,,,,,,90936f1c-3a33-4068-baf5-7959af9bf587,,,,75.0,Out,,,,,,,,,,,,,,,,,,,,,,,,,,True,,,
85b2d7f4-9bf0-49aa-a79f-8894307ed349,2979,2,00:38:07.453,83,7,42,Ball Receipt*,167,360,Rayo Vallecano,4,From Throw In,360,Rayo Vallecano,,,34683337-c6c8-47d0-82b8-abab0af603d4,11542,Javier Guerra Rodríguez,23,Center Forward,114.7,42.1,,,,,,,,,,,,,,,,,,,,,,,,,,,,,,,,,,,,,,,,,,,9.0,Incomplete,,,,,,,,,,,,,,,,,,,,,,,
5114b359-3c44-466c-b16a-fa84b5223523,3009,2,00:39:06.316,84,6,30,Pass,169,360,Rayo Vallecano,1,Regular Play,360,Rayo Vallecano,0.991635,,9d5135f4-be19-488a-9c5b-3534d908038a,27144,Antonio Amaya Carazo,3,Right Center Back,22.7,28.0,11539.0,Adrián Embarba Blázquez,10.473777,-0.8259165,2.0,Low Pass,29.8,20.3,64.0,Interception,40.0,Right Foot,,,,,,,,True,,,,,,,,,,,,,abb87ba1-b261-4dba-accb-1dbf4ab5c9ad,,,,,,,,,,,,,,,,,,,,,,,,,,,,,,,,,,
9d5135f4-be19-488a-9c5b-3534d908038a,3010,2,00:39:07.307,84,7,42,Ball Receipt*,169,360,Rayo Vallecano,1,Regular Play,360,Rayo Vallecano,,,5114b359-3c44-466c-b16a-fa84b5223523,11539,Adrián Embarba Blázquez,13,Right Center Midfield,29.8,20.3,,,,,,,,,,,,,,,,,,,,,,,,,,,,,,,,,,,,,,,,,,,,,,,,,,,,,,,,,,,,,,,,,,,
5d2c084e-a410-4c30-b498-31f7f016990c,3011,2,00:39:07.307,84,7,43,Carry,169,360,Rayo Vallecano,1,Regular Play,360,Rayo Vallecano,1.670188,,9d5135f4-be19-488a-9c5b-3534d908038a,11539,Adrián Embarba Blázquez,13,Right Center Midfield,29.8,20.3,,,,,,,,,,,,,,,,,,,,,,,,,,,,,,,,,dd5ab376-25fa-424a-a5fe-2f4f8e6aa831,29.0,23.4,,,,,,,,,,,,,,,,,,,,,,,,,,,,,,,,
dd5ab376-25fa-424a-a5fe-2f4f8e6aa831,3012,2,00:39:08.978,84,8,30,Pass,169,360,Rayo Vallecano,1,Regular Play,360,Rayo Vallecano,0.83453,,555b8ee9-7526-4f06-a4cf-5c888e26c3c6,11539,Adrián Embarba Blázquez,13,Right Center Midfield,29.0,23.4,26848.0,Roberto Trashorras Gayoso,10.834205,0.15756157,2.0,Low Pass,39.7,25.1,,,40.0,Right Foot,,,,,,,,,,,,,,,,,,,,,,,,,,,,,,,,,,,,,,,,,,,,,,,,,,,,,,,
555b8ee9-7526-4f06-a4cf-5c888e26c3c6,3013,2,00:39:09.812,84,9,42,Ball Receipt*,169,360,Rayo Vallecano,1,Regular Play,360,Rayo Vallecano,,,dd5ab376-25fa-424a-a5fe-2f4f8e6aa831,26848,Roberto Trashorras Gayoso,15,Left Center Midfield,39.7,25.1,,,,,,,,,,,,,,,,,,,,,,,,,,,,,,,,,,,,,,,,,,,,,,,,,,,,,,,,,,,,,,,,,,,
bb90d031-1187-4f04-a749-603f94481957,3014,2,00:39:09.812,84,9,43,Carry,169,360,Rayo Vallecano,1,Regular Play,360,Rayo Vallecano,2.897003,,555b8ee9-7526-4f06-a4cf-5c888e26c3c6,26848,Roberto Trashorras Gayoso,15,Left Center Midfield,39.7,25.1,,,,,,,,,,,,,,True,,,,,,,,,,,,,,,,,,,6df93c2e-6c67-4279-bdf9-40eea9971cf2,36.8,30.4,924ece31-8c96-4908-8bf6-e067e1c23d57,,,,,,,,,,,,,,,,,,,,,,,,,,,,,,,
6df93c2e-6c67-4279-bdf9-40eea9971cf2,3015,2,00:39:10.379,84,10,17,Pressure,169,360,Rayo Vallecano,1,Regular Play,217,Barcelona,1.977712,,bb90d031-1187-4f04-a749-603f94481957,5506,Javier Alejandro Mascherano,10,Center Defensive Midfield,79.8,50.8,,,,,,,,,,,,,,,,,,,,True,,,,,,,,,,,,,,,,,,,,,,,,,,,,,,,,,,,,,,,,,,,,,,,
b518d26e-f594-4d24-bfef-40196764843a,3016,2,00:39:12.357,84,12,17,Pressure,169,360,Rayo Vallecano,1,Regular Play,217,Barcelona,1.079707,,924ece31-8c96-4908-8bf6-e067e1c23d57,11094,Arda Turan,15,Left Center Midfield,81.0,49.5,,,,,,,,,,,,,,,,,,,,,,,,,,,,,,,,,,,,,,,,,,,,,,,,,,,,,,,,,,,,,,,,,,,
0ee99471-fd12-4545-8fe4-147587762a14,3017,2,00:39:12.709,84,12,39,Dribbled Past,169,360,Rayo Vallecano,1,Regular Play,217,Barcelona,0.0,,924ece31-8c96-4908-8bf6-e067e1c23d57,11094,Arda Turan,15,Left Center Midfield,83.3,49.7,,,,,,,,,,,,,,,,,,,,,,,,,,,,,,,,,,,,,,,,,,,,,,,,,,,,,,,,,,,,,,,,,,,
924ece31-8c96-4908-8bf6-e067e1c23d57,3018,2,00:39:12.709,84,12,14,Dribble,169,360,Rayo Vallecano,1,Regular Play,360,Rayo Vallecano,0.0,,0ee99471-fd12-4545-8fe4-147587762a14,26848,Roberto Trashorras Gayoso,15,Left Center Midfield,36.8,30.4,,,,,,,,,,,,,,True,,,,,,,,,,,,,,,,,,,b518d26e-f594-4d24-bfef-40196764843a,,,,,,,,,,,,,,,,,,,,,,9.0,Incomplete,,,,,,,,,True,,
9bf56278-3f4f-4d43-a3c7-88f2d11caf7e,3019,2,00:39:14.569,84,14,2,Ball Recovery,169,360,Rayo Vallecano,1,Regular Play,217,Barcelona,0.0,,,5503,Lionel Andrés Messi Cuccittini,17,Right Wing,92.6,59.6,,,,,,,,,,,,,,,,,,,,,,,,,,,,,,,,,,,,,,,,,,,,,,,,,,,,,,,,,,,,,,,,,,,
06e998f1-e229-45ae-ac22-3d5db826651d,3020,2,00:39:14.569,84,14,43,Carry,169,360,Rayo Vallecano,1,Regular Play,217,Barcelona,4.842922,,25698551-de10-4b76-969d-c63f565af5ce,5503,Lionel Andrés Messi Cuccittini,17,Right Wing,92.6,59.6,,,,,,,,,,,,,,True,,,,,,,,,,,,,,,,,,,4372f3c6-b510-4c44-83f6-1d6f0aac05d0,95.7,66.3,9bf56278-3f4f-4d43-a3c7-88f2d11caf7e,,,,,,,,,,,,,,,,,,,,,,,,,,,,,,,
4372f3c6-b510-4c44-83f6-1d6f0aac05d0,3021,2,00:39:15.640,84,15,17,Pressure,169,360,Rayo Vallecano,1,Regular Play,360,Rayo Vallecano,3.6522,,06e998f1-e229-45ae-ac22-3d5db826651d,6914,Roberto Román Triguero,6,Left Back,26.3,18.8,,,,,,,,,,,,,,,,,,,,True,,,,,,,,,,,,,,,,,,,,,,,,,,,,,,,,,,,,,,,,,,,,,,,
25698551-de10-4b76-969d-c63f565af5ce,3022,2,00:39:19.412,84,19,3,Dispossessed,169,360,Rayo Vallecano,1,Regular Play,217,Barcelona,0.0,,940a01fd-7ef6-4b27-b495-919b41253c7c,5503,Lionel Andrés Messi Cuccittini,17,Right Wing,95.7,66.3,,,,,,,,,,,,,,True,,,,,,,,,,,,,,,,,,,,,,,,,,,,,,,,,,,,,,,,,,,,,,,,,,,,,
940a01fd-7ef6-4b27-b495-919b41253c7c,3023,2,00:39:19.412,84,19,4,Duel,169,360,Rayo Vallecano,1,Regular Play,360,Rayo Vallecano,0.0,,25698551-de10-4b76-969d-c63f565af5ce,6914,Roberto Román Triguero,6,Left Back,24.4,13.8,,,,,,,,,,,,,,True,,,,,,True,,,,,,,,,,,,,,,,,,,,,,,,,,,,,,11.0,Tackle,,,,,,,,,,,,,,,16.0,Success In Play
f413ced4-a5fa-4ddb-a651-92ae2289c13d,3024,2,00:39:22.077,84,22,2,Ball Recovery,170,360,Rayo Vallecano,1,Regular Play,360,Rayo Vallecano,0.0,,,26848,Roberto Trashorras Gayoso,15,Left Center Midfield,27.1,4.7,,,,,,,,,,,,,,,,,True,,,,,,,,,,,,,,,,,,,,,,,,,,,,,,,,,,,,,,,,,,,,,,,,,,
74e2ddb2-ddef-4149-9d83-cb4a3d61a5a5,3025,2,00:39:23.566,84,23,17,Pressure,170,360,Rayo Vallecano,1,Regular Play,217,Barcelona,0.996066,,,11094,Arda Turan,15,Left Center Midfield,92.8,72.4,,,,,,,,,,,,,,,,,,,,,,,,,,,,,,,,,,,,,,,,,,,,,,,,,,,,,,,,,,,,,,,,,,,
9944b563-c7b2-4e83-8f77-07a3dcb3fb9c,3026,2,00:39:24.577,84,24,30,Pass,170,360,Rayo Vallecano,1,Regular Play,360,Rayo Vallecano,5.043332,,056b0185-883a-4ae8-8140-8850a3e0ac40,26848,Roberto Trashorras Gayoso,15,Left Center Midfield,30.3,3.9,11539.0,Adrián Embarba Blázquez,44.65792,0.20749623,2.0,Low Pass,74.0,13.1,,,40.0,Right Foot,,,,,,,,,,,,,,,,,,,,,848381ff-286a-45ad-aa85-13547a17d268,,,,9.0,Incomplete,,,,,,,,,,,,,,,,,,,,,,,,,,,,,
848381ff-286a-45ad-aa85-13547a17d268,3027,2,00:39:29.620,84,29,42,Ball Receipt*,170,360,Rayo Vallecano,1,Regular Play,360,Rayo Vallecano,,,9944b563-c7b2-4e83-8f77-07a3dcb3fb9c,11539,Adrián Embarba Blázquez,13,Right Center Midfield,51.3,3.2,,,,,,,,,,,,,,,,,,,,,,,,,,,,,,,,,,,,,,,,,,,9.0,Incomplete,,,,,,,,,,,,,,,,,,,,,,,
