id,index,period,timestamp,minute,second,type_id,type_name,possession,possession_team_id,possession_team_name,play_pattern_id,play_pattern_name,team_id,team_name,duration,tactics,related_events_0,off_camera,player_id,player_name,position_id,position_name,location_0,location_1,pass,under_pressure,duel,carry,ball_receipt,interception,counterpress,goalkeeper_technique_id,goalkeeper_technique_name,goalkeeper_position_id,goalkeeper_position_name,goalkeeper_type_id,goalkeeper_type_name,goalkeeper_outcome_id,goalkeeper_outcome_name,dribble,clearance,out,miscontrol,foul_committed,foul_won,shot,ball_recovery,block,substitution,pass_recipient_id,pass_recipient_name,pass_length,pass_angle,pass_height_id,pass_height_name,pass_end_location_0,pass_end_location_1,pass_type_id,pass_type_name,goalkeeper,pass_body_part_id,pass_body_part_name,related_events_1,related_events_2,carry_end_location_0,carry_end_location_1,dribble_outcome_id,dribble_outcome_name,related_events,ball_recovery_recovery_failure,pass_switch,pass_outcome_id,pass_outcome_name,ball_receipt_outcome_id,ball_receipt_outcome_name,interception_outcome_id,interception_outcome_name,pass_through_ball,pass_technique_id,pass_technique_name,duel_type_id,duel_type_name,pass_aerial_won,clearance_right_foot,clearance_body_part_id,clearance_body_part_name,related_events_3,pass_cross,shot_statsbomb_xg,shot_end_location_0,shot_end_location_1,shot_type_id,shot_type_name,shot_outcome_id,shot_outcome_name,shot_first_time,shot_technique_id,shot_technique_name,shot_body_part_id,shot_body_part_name,shot_freeze_frame_0_location_0,shot_freeze_frame_0_location_1,shot_freeze_frame_0_player_id,shot_freeze_frame_0_player_name,shot_freeze_frame_0_position_id,shot_freeze_frame_0_position_name,shot_freeze_frame_0_teammate,shot_freeze_frame_1_location_0,shot_freeze_frame_1_location_1,shot_freeze_frame_1_player_id,shot_freeze_frame_1_player_name,shot_freeze_frame_1_position_id,shot_freeze_frame_1_position_name,shot_freeze_frame_1_teammate,shot_freeze_frame_2_location_0,shot_freeze_frame_2_location_1,shot_freeze_frame_2_player_id,shot_freeze_frame_2_player_name,shot_freeze_frame_2_position_id,shot_freeze_frame_2_position_name,shot_freeze_frame_2_teammate,shot_freeze_frame_3_location_0,shot_freeze_frame_3_location_1,shot_freeze_frame_3_player_id,shot_freeze_frame_3_player_name,shot_freeze_frame_3_position_id,shot_freeze_frame_3_position_name,shot_freeze_frame_3_teammate,shot_freeze_frame_4_location_0,shot_freeze_frame_4_location_1,shot_freeze_frame_4_player_id,shot_freeze_frame_4_player_name,shot_freeze_frame_4_position_id,shot_freeze_frame_4_position_name,shot_freeze_frame_4_teammate,shot_freeze_frame_5_location_0,shot_freeze_frame_5_location_1,shot_freeze_frame_5_player_id,shot_freeze_frame_5_player_name,shot_freeze_frame_5_position_id,shot_freeze_frame_5_position_name,shot_freeze_frame_5_teammate,shot_freeze_frame_6_location_0,shot_freeze_frame_6_location_1,shot_freeze_frame_6_player_id,shot_freeze_frame_6_player_name,shot_freeze_frame_6_position_id,shot_freeze_frame_6_position_name,shot_freeze_frame_6_teammate,shot_freeze_frame_7_location_0,shot_freeze_frame_7_location_1,shot_freeze_frame_7_player_id,shot_freeze_frame_7_player_name,shot_freeze_frame_7_position_id,shot_freeze_frame_7_position_name,shot_freeze_frame_7_teammate,shot_freeze_frame_8_location_0,shot_freeze_frame_8_location_1,shot_freeze_frame_8_player_id,shot_freeze_frame_8_player_name,shot_freeze_frame_8_position_id,shot_freeze_frame_8_position_name,shot_freeze_frame_8_teammate,shot_freeze_frame_9_location_0,shot_freeze_frame_9_location_1,shot_freeze_frame_9_player_id,shot_freeze_frame_9_player_name,shot_freeze_frame_9_position_id,shot_freeze_frame_9_position_name,shot_freeze_frame_9_teammate,goalkeeper_end_location_0,goalkeeper_end_location_1,block_deflection,shot_end_location_2,shot_deflected
27027c22-315d-4194-80e4-11994449a4b4,2179,2,00:04:23.496,49,23,23,Goal Keeper,118,217,Barcelona,1,Regular Play,221,Levante UD,0.0,,eacfa3c3-6f4d-4930-bb36-35af1740cd6c,,6730,Rubén Iván Martínez Andrade,1,Goalkeeper,0.4,42.5,,,,,,,,45.0,Diving,43.0,Prone,26.0,Goal Conceded,55.0,No Touch,,,,,,,,,,,,,,,,,,,,,,,,,,,,,,,,,,,,,,,,,,,,,,,,,,,,,,,,,,,,,,,,,,,,,,,,,,,,,,,,,,,,,,,,,,,,,,,,,,,,,,,,,,,,,,,,,,,,,,,,,,,,,,,,,,,,,,,,
ad009bd1-c02f-42b6-92a3-37adba896f51,2183,2,00:05:30.648,50,30,30,Pass,120,217,Barcelona,4,From Throw In,217,Barcelona,1.432963,,bdc88cc3-e268-4cc2-a140-306f64f45228,True,22102,Adriano Correia Claro,6,Left Back,83.3,0.1,,,,,,,,,,,,,,,,,,,,,,,,,,4320.0,Neymar da Silva Santos Junior,8.588365,1.0863184,2.0,Low Pass,87.3,7.7,67.0,Throw-in,,,,,,,,,,,,,,,,,,,,,,,,,,,,,,,,,,,,,,,,,,,,,,,,,,,,,,,,,,,,,,,,,,,,,,,,,,,,,,,,,,,,,,,,,,,,,,,,,,,,,,,,,,,,,,,,,,,,
bdc88cc3-e268-4cc2-a140-306f64f45228,2184,2,00:05:32.081,50,32,42,Ball Receipt*,120,217,Barcelona,4,From Throw In,217,Barcelona,,,ad009bd1-c02f-42b6-92a3-37adba896f51,,4320,Neymar da Silva Santos Junior,21,Left Wing,87.3,7.7,,,,,,,,,,,,,,,,,,,,,,,,,,,,,,,,,,,,,,,,,,,,,,,,,,,,,,,,,,,,,,,,,,,,,,,,,,,,,,,,,,,,,,,,,,,,,,,,,,,,,,,,,,,,,,,,,,,,,,,,,,,,,,,,,,,,,,,,,,,,,,,,,,,,,,,
dd8e187b-bbb8-41de-99ea-39e066ebff9a,2185,2,00:05:33.381,50,33,30,Pass,120,217,Barcelona,4,From Throw In,217,Barcelona,0.820744,,047d06f7-ca48-4dd2-8290-265506479f4d,,4320,Neymar da Silva Santos Junior,21,Left Wing,79.2,10.8,,,,,,,,,,,,,,,,,,,,,,,,,,5203.0,Sergio Busquets i Burgos,10.615084,0.82537687,1.0,Ground Pass,86.4,18.6,,,,40.0,Right Foot,,,,,,,,,,,,,,,,,,,,,,,,,,,,,,,,,,,,,,,,,,,,,,,,,,,,,,,,,,,,,,,,,,,,,,,,,,,,,,,,,,,,,,,,,,,,,,,,,,,,,,,,,,,,,,,,,
047d06f7-ca48-4dd2-8290-265506479f4d,2186,2,00:05:34.202,50,34,42,Ball Receipt*,120,217,Barcelona,4,From Throw In,217,Barcelona,,,dd8e187b-bbb8-41de-99ea-39e066ebff9a,,5203,Sergio Busquets i Burgos,11,Left Defensive Midfield,86.4,18.6,,,,,,,,,,,,,,,,,,,,,,,,,,,,,,,,,,,,,,,,,,,,,,,,,,,,,,,,,,,,,,,,,,,,,,,,,,,,,,,,,,,,,,,,,,,,,,,,,,,,,,,,,,,,,,,,,,,,,,,,,,,,,,,,,,,,,,,,,,,,,,,,,,,,,,,
406b674b-f67d-404e-b552-0fd620b323c8,2187,2,00:05:34.202,50,34,43,Carry,120,217,Barcelona,4,From Throw In,217,Barcelona,0.578886,,047d06f7-ca48-4dd2-8290-265506479f4d,,5203,Sergio Busquets i Burgos,11,Left Defensive Midfield,86.4,18.6,,True,,,,,,,,,,,,,,,,,,,,,,,,,,,,,,,,,,,,,3f0536a3-526b-4472-a919-7e2e2c3751dc,fd944f24-2283-406d-bec2-7dd8c8276807,86.2,17.2,,,,,,,,,,,,,,,,,,,,,,,,,,,,,,,,,,,,,,,,,,,,,,,,,,,,,,,,,,,,,,,,,,,,,,,,,,,,,,,,,,,,,,,,,,,,,,,,,,,,,,,,,,,,,
fd944f24-2283-406d-bec2-7dd8c8276807,2188,2,00:05:34.232,50,34,17,Pressure,120,217,Barcelona,4,From Throw In,221,Levante UD,0.324131,,406b674b-f67d-404e-b552-0fd620b323c8,,6684,Roger Martí Salvador,24,Left Center Forward,37.1,59.4,,,,,,,,,,,,,,,,,,,,,,,,,,,,,,,,,,,,,,,,,,,,,,,,,,,,,,,,,,,,,,,,,,,,,,,,,,,,,,,,,,,,,,,,,,,,,,,,,,,,,,,,,,,,,,,,,,,,,,,,,,,,,,,,,,,,,,,,,,,,,,,,,,,,,,,
8c7f9298-db85-4830-ac04-30cc0bb389e2,2189,2,00:05:34.780,50,34,39,Dribbled Past,120,217,Barcelona,4,From Throw In,221,Levante UD,0.0,,3f0536a3-526b-4472-a919-7e2e2c3751dc,,6684,Roger Martí Salvador,24,Left Center Forward,33.9,62.9,,,,,,,,,,,,,,,,,,,,,,,,,,,,,,,,,,,,,,,6b3af2ae-fdfb-4a41-aa70-5ed585eba252,,,,,,,,,,,,,,,,,,,,,,,,,,,,,,,,,,,,,,,,,,,,,,,,,,,,,,,,,,,,,,,,,,,,,,,,,,,,,,,,,,,,,,,,,,,,,,,,,,,,,,,,,,,,,,,,
3f0536a3-526b-4472-a919-7e2e2c3751dc,2190,2,00:05:34.780,50,34,14,Dribble,120,217,Barcelona,4,From Throw In,217,Barcelona,0.0,,8c7f9298-db85-4830-ac04-30cc0bb389e2,,5203,Sergio Busquets i Burgos,11,Left Defensive Midfield,86.2,17.2,,True,,,,,,,,,,,,,,,,,,,,,,,,,,,,,,,,,,,,,,,,,8.0,Complete,,,,,,,,,,,,,,,,,,,,,,,,,,,,,,,,,,,,,,,,,,,,,,,,,,,,,,,,,,,,,,,,,,,,,,,,,,,,,,,,,,,,,,,,,,,,,,,,,,,,,,,,,,,
6b3af2ae-fdfb-4a41-aa70-5ed585eba252,2191,2,00:05:34.780,50,34,43,Carry,120,217,Barcelona,4,From Throw In,217,Barcelona,0.718186,,3f0536a3-526b-4472-a919-7e2e2c3751dc,,5203,Sergio Busquets i Burgos,11,Left Defensive Midfield,86.2,17.2,,True,,,,,,,,,,,,,,,,,,,,,,,,,,,,,,,,,,,,,4eaaab50-da4a-46f8-baa5-32f061bb2e9b,8c7f9298-db85-4830-ac04-30cc0bb389e2,85.7,16.2,,,,,,,,,,,,,,,,,,,,,,,,,,,,,,,,,,,,,,,,,,,,,,,,,,,,,,,,,,,,,,,,,,,,,,,,,,,,,,,,,,,,,,,,,,,,,,,,,,,,,,,,,,,,,
4eaaab50-da4a-46f8-baa5-32f061bb2e9b,2192,2,00:05:35.499,50,35,38,Miscontrol,120,217,Barcelona,4,From Throw In,217,Barcelona,0.0,,,,5203,Sergio Busquets i Burgos,11,Left Defensive Midfield,85.7,16.2,,,,,,,,,,,,,,,,,,,,,,,,,,,,,,,,,,,,,,,,,,,,,,,,,,,,,,,,,,,,,,,,,,,,,,,,,,,,,,,,,,,,,,,,,,,,,,,,,,,,,,,,,,,,,,,,,,,,,,,,,,,,,,,,,,,,,,,,,,,,,,,,,,,,,,,
fbcc85b6-1de6-4ef7-b196-477d040b4852,2193,2,00:05:36.439,50,36,2,Ball Recovery,120,217,Barcelona,4,From Throw In,221,Levante UD,0.0,,,,6659,Víctor Camarasa Ferrando,13,Right Center Midfield,33.9,69.5,,,,,,,,,,,,,,,,,,True,,,,,,,,,,,,,,,,,,,,,,,,,,,,True,,,,,,,,,,,,,,,,,,,,,,,,,,,,,,,,,,,,,,,,,,,,,,,,,,,,,,,,,,,,,,,,,,,,,,,,,,,,,,,,,,,,,,,,,,,,,,,,,,,,,,,,,
3bdba504-23bf-4e91-9a3b-dfa3ee100e4b,2194,2,00:05:55.955,50,55,30,Pass,121,217,Barcelona,4,From Throw In,217,Barcelona,0.991831,,2f4f55e3-307c-4b5c-a5cc-a4cb7987efdb,True,22102,Adriano Correia Claro,6,Left Back,85.0,0.1,,,,,,,,,,,,,,,,,,,,,,,,,,5506.0,Javier Alejandro Mascherano,23.603813,2.622972,2.0,Low Pass,64.5,11.8,67.0,Throw-in,,,,,,,,,,,,,,,,,,,,,,,,,,,,,,,,,,,,,,,,,,,,,,,,,,,,,,,,,,,,,,,,,,,,,,,,,,,,,,,,,,,,,,,,,,,,,,,,,,,,,,,,,,,,,,,,,,,,
2f4f55e3-307c-4b5c-a5cc-a4cb7987efdb,2195,2,00:05:56.947,50,56,42,Ball Receipt*,121,217,Barcelona,4,From Throw In,217,Barcelona,,,3bdba504-23bf-4e91-9a3b-dfa3ee100e4b,,5506,Javier Alejandro Mascherano,5,Left Center Back,64.5,11.8,,,,,,,,,,,,,,,,,,,,,,,,,,,,,,,,,,,,,,,,,,,,,,,,,,,,,,,,,,,,,,,,,,,,,,,,,,,,,,,,,,,,,,,,,,,,,,,,,,,,,,,,,,,,,,,,,,,,,,,,,,,,,,,,,,,,,,,,,,,,,,,,,,,,,,,
d59d9715-7027-481c-92b3-ee31b5bc4395,2196,2,00:05:57.741,50,57,30,Pass,121,217,Barcelona,4,From Throw In,217,Barcelona,3.550893,,a7023a30-a7e5-4ff9-b029-63bb85d20191,,5506,Javier Alejandro Mascherano,5,Left Center Back,64.0,15.5,,,,,,,,,,,,,,,,,,,,,,,,,,4324.0,Daniel Alves da Silva,53.013584,1.5481586,1.0,Ground Pass,65.2,68.5,,,,40.0,Right Foot,,,,,,,,,True,,,,,,,,,,,,,,,,,,,,,,,,,,,,,,,,,,,,,,,,,,,,,,,,,,,,,,,,,,,,,,,,,,,,,,,,,,,,,,,,,,,,,,,,,,,,,,,,,,,,,,,,
a7023a30-a7e5-4ff9-b029-63bb85d20191,2197,2,00:06:01.292,51,1,42,Ball Receipt*,121,217,Barcelona,4,From Throw In,217,Barcelona,,,d59d9715-7027-481c-92b3-ee31b5bc4395,,4324,Daniel Alves da Silva,2,Right Back,65.2,68.5,,,,,,,,,,,,,,,,,,,,,,,,,,,,,,,,,,,,,,,,,,,,,,,,,,,,,,,,,,,,,,,,,,,,,,,,,,,,,,,,,,,,,,,,,,,,,,,,,,,,,,,,,,,,,,,,,,,,,,,,,,,,,,,,,,,,,,,,,,,,,,,,,,,,,,,
55f10286-33af-4356-941c-5641e2c89f06,2198,2,00:06:01.292,51,1,43,Carry,121,217,Barcelona,4,From Throw In,217,Barcelona,1.652094,,34ca6959-6335-4e73-9af8-714fd1974791,,4324,Daniel Alves da Silva,2,Right Back,65.2,68.5,,,,,,,,,,,,,,,,,,,,,,,,,,,,,,,,,,,,,,,a7023a30-a7e5-4ff9-b029-63bb85d20191,,67.3,67.6,,,,,,,,,,,,,,,,,,,,,,,,,,,,,,,,,,,,,,,,,,,,,,,,,,,,,,,,,,,,,,,,,,,,,,,,,,,,,,,,,,,,,,,,,,,,,,,,,,,,,,,,,,,,,
34ca6959-6335-4e73-9af8-714fd1974791,2199,2,00:06:02.944,51,2,30,Pass,121,217,Barcelona,4,From Throw In,217,Barcelona,0.6501,,6c6664c9-00ac-4981-8445-2cbb84702c5c,,4324,Daniel Alves da Silva,2,Right Back,67.3,67.6,,,,,,,,,,,,,,,,,,,,,,,,,,5503.0,Lionel Andrés Messi Cuccittini,9.970456,-0.77830607,1.0,Ground Pass,74.4,60.6,,,,40.0,Right Foot,f85fc991-8bea-49ae-8a90-bc48e208871e,,,,,,,,,9.0,Incomplete,,,,,,,,,,,,,,,,,,,,,,,,,,,,,,,,,,,,,,,,,,,,,,,,,,,,,,,,,,,,,,,,,,,,,,,,,,,,,,,,,,,,,,,,,,,,,,,,,,,,,,
6c6664c9-00ac-4981-8445-2cbb84702c5c,2200,2,00:06:03.594,51,3,42,Ball Receipt*,121,217,Barcelona,4,From Throw In,217,Barcelona,,,34ca6959-6335-4e73-9af8-714fd1974791,,5503,Lionel Andrés Messi Cuccittini,19,Center Attacking Midfield,74.1,57.9,,,,,,,,,,,,,,,,,,,,,,,,,,,,,,,,,,,,,,,,,,,,,,,,,,9.0,Incomplete,,,,,,,,,,,,,,,,,,,,,,,,,,,,,,,,,,,,,,,,,,,,,,,,,,,,,,,,,,,,,,,,,,,,,,,,,,,,,,,,,,,,,,,,,,,,,,,,,,,,
f85fc991-8bea-49ae-8a90-bc48e208871e,2201,2,00:06:03.594,51,3,10,Interception,121,217,Barcelona,4,From Throw In,221,Levante UD,0.0,,34ca6959-6335-4e73-9af8-714fd1974791,,5678,Jefferson Andrés Lerma Solís,15,Left Center Midfield,45.7,19.5,,,,,,,,,,,,,,,,,,,,,,,,,,,,,,,,,,,,,,,,,,,,,,,,,,,,13.0,Lost In Play,,,,,,,,,,,,,,,,,,,,,,,,,,,,,,,,,,,,,,,,,,,,,,,,,,,,,,,,,,,,,,,,,,,,,,,,,,,,,,,,,,,,,,,,,,,,,,,,,,
faaedad1-0428-40c4-8829-f1b357cf7609,2202,2,00:06:05.547,51,5,30,Pass,121,217,Barcelona,4,From Throw In,217,Barcelona,1.16918,,08cc36ac-f7cd-4fed-9fff-a51bb4db9576,,7068,Marc Bartra Aregall,3,Right Center Back,61.6,46.1,,,,,,,,,,,,,,,,,,,,,,,,,,5506.0,Javier Alejandro Mascherano,17.568438,-1.9375615,1.0,Ground Pass,55.3,29.7,66.0,Recovery,,40.0,Right Foot,,,,,,,,,,,,,,,,,,,,,,,,,,,,,,,,,,,,,,,,,,,,,,,,,,,,,,,,,,,,,,,,,,,,,,,,,,,,,,,,,,,,,,,,,,,,,,,,,,,,,,,,,,,,,,,,,
bc89f00b-af86-4bd6-9ed1-48787f7e039c,2203,2,00:06:05.552,51,5,17,Pressure,121,217,Barcelona,4,From Throw In,221,Levante UD,0.366224,,,,6684,Roger Martí Salvador,24,Left Center Forward,58.1,37.7,,,,,,,,,,,,,,,,,,,,,,,,,,,,,,,,,,,,,,,,,,,,,,,,,,,,,,,,,,,,,,,,,,,,,,,,,,,,,,,,,,,,,,,,,,,,,,,,,,,,,,,,,,,,,,,,,,,,,,,,,,,,,,,,,,,,,,,,,,,,,,,,,,,,,,,
08cc36ac-f7cd-4fed-9fff-a51bb4db9576,2204,2,00:06:06.717,51,6,42,Ball Receipt*,121,217,Barcelona,4,From Throw In,217,Barcelona,,,faaedad1-0428-40c4-8829-f1b357cf7609,,5506,Javier Alejandro Mascherano,5,Left Center Back,55.3,29.7,,,,,,,,,,,,,,,,,,,,,,,,,,,,,,,,,,,,,,,,,,,,,,,,,,,,,,,,,,,,,,,,,,,,,,,,,,,,,,,,,,,,,,,,,,,,,,,,,,,,,,,,,,,,,,,,,,,,,,,,,,,,,,,,,,,,,,,,,,,,,,,,,,,,,,,
f7d70ad8-be85-451b-a1dc-fdf65cafbf63,2205,2,00:06:06.717,51,6,43,Carry,121,217,Barcelona,4,From Throw In,217,Barcelona,2.89452,,08cc36ac-f7cd-4fed-9fff-a51bb4db9576,,5506,Javier Alejandro Mascherano,5,Left Center Back,55.3,29.7,,,,,,,,,,,,,,,,,,,,,,,,,,,,,,,,,,,,,,,66aa26c2-b812-4167-9742-9d9d63c6c6d9,,56.9,30.1,,,,,,,,,,,,,,,,,,,,,,,,,,,,,,,,,,,,,,,,,,,,,,,,,,,,,,,,,,,,,,,,,,,,,,,,,,,,,,,,,,,,,,,,,,,,,,,,,,,,,,,,,,,,,
66aa26c2-b812-4167-9742-9d9d63c6c6d9,2206,2,00:06:09.611,51,9,30,Pass,121,217,Barcelona,4,From Throw In,217,Barcelona,1.493417,,10dfdd7e-928e-40fb-9c94-23d7ad31a594,,5506,Javier Alejandro Mascherano,5,Left Center Back,56.9,30.1,,,,,,,,,,,,,,,,,,,,,,,,,,5503.0,Lionel Andrés Messi Cuccittini,28.827765,1.0636978,1.0,Ground Pass,70.9,55.3,,,,40.0,Right Foot,,,,,,,,,,,,,,,,,,,,,,,,,,,,,,,,,,,,,,,,,,,,,,,,,,,,,,,,,,,,,,,,,,,,,,,,,,,,,,,,,,,,,,,,,,,,,,,,,,,,,,,,,,,,,,,,,
10dfdd7e-928e-40fb-9c94-23d7ad31a594,2207,2,00:06:11.105,51,11,42,Ball Receipt*,121,217,Barcelona,4,From Throw In,217,Barcelona,,,66aa26c2-b812-4167-9742-9d9d63c6c6d9,,5503,Lionel Andrés Messi Cuccittini,19,Center Attacking Midfield,70.9,55.3,,,,,,,,,,,,,,,,,,,,,,,,,,,,,,,,,,,,,,,,,,,,,,,,,,,,,,,,,,,,,,,,,,,,,,,,,,,,,,,,,,,,,,,,,,,,,,,,,,,,,,,,,,,,,,,,,,,,,,,,,,,,,,,,,,,,,,,,,,,,,,,,,,,,,,,
d3b5bebf-11bb-43f0-9293-194b82022489,2208,2,00:06:11.105,51,11,43,Carry,121,217,Barcelona,4,From Throw In,217,Barcelona,1.787383,,10dfdd7e-928e-40fb-9c94-23d7ad31a594,,5503,Lionel Andrés Messi Cuccittini,19,Center Attacking Midfield,70.9,55.3,,,,,,,,,,,,,,,,,,,,,,,,,,,,,,,,,,,,,,,af2219f7-27a6-4c55-8120-3f0952c78e37,,74.3,52.8,,,,,,,,,,,,,,,,,,,,,,,,,,,,,,,,,,,,,,,,,,,,,,,,,,,,,,,,,,,,,,,,,,,,,,,,,,,,,,,,,,,,,,,,,,,,,,,,,,,,,,,,,,,,,
af2219f7-27a6-4c55-8120-3f0952c78e37,2209,2,00:06:12.892,51,12,30,Pass,121,217,Barcelona,4,From Throw In,217,Barcelona,2.6069,,8608b787-e36e-4b70-8328-1d492de525ae,,5503,Lionel Andrés Messi Cuccittini,19,Center Attacking Midfield,74.3,52.8,,,,,,,,,,,,,,,,,,,,,,,,,,4320.0,Neymar da Silva Santos Junior,50.2237,-0.45563352,3.0,High Pass,119.4,30.7,,,,38.0,Left Foot,,,,,,,,,,75.0,Out,,,,,True,108.0,Through Ball,,,,,,,,,,,,,,,,,,,,,,,,,,,,,,,,,,,,,,,,,,,,,,,,,,,,,,,,,,,,,,,,,,,,,,,,,,,,,,,,,,,,,,,,,,,,,,,
8608b787-e36e-4b70-8328-1d492de525ae,2210,2,00:06:15.499,51,15,42,Ball Receipt*,121,217,Barcelona,4,From Throw In,217,Barcelona,,,af2219f7-27a6-4c55-8120-3f0952c78e37,,4320,Neymar da Silva Santos Junior,21,Left Wing,109.3,34.7,,,,,,,,,,,,,,,,,,,,,,,,,,,,,,,,,,,,,,,,,,,,,,,,,,9.0,Incomplete,,,,,,,,,,,,,,,,,,,,,,,,,,,,,,,,,,,,,,,,,,,,,,,,,,,,,,,,,,,,,,,,,,,,,,,,,,,,,,,,,,,,,,,,,,,,,,,,,,,,
1264131d-5c65-4f50-9c50-335458ae8b44,2246,2,00:07:17.719,52,17,30,Pass,123,217,Barcelona,1,Regular Play,217,Barcelona,1.312106,,349598c9-b9e2-4a6f-ac59-0b4f79ed68c4,,4324,Daniel Alves da Silva,2,Right Back,20.8,41.2,,,,,,,,,,,,,,,,,,,,,,,,,,7068.0,Marc Bartra Aregall,7.496666,2.37506,3.0,High Pass,15.4,46.4,66.0,Recovery,,37.0,Head,,,,,,,,,,,,,,,,,,,,,,,,,,,,,,,,,,,,,,,,,,,,,,,,,,,,,,,,,,,,,,,,,,,,,,,,,,,,,,,,,,,,,,,,,,,,,,,,,,,,,,,,,,,,,,,,,
349598c9-b9e2-4a6f-ac59-0b4f79ed68c4,2247,2,00:07:19.031,52,19,42,Ball Receipt*,123,217,Barcelona,1,Regular Play,217,Barcelona,,,1264131d-5c65-4f50-9c50-335458ae8b44,,7068,Marc Bartra Aregall,3,Right Center Back,15.4,46.4,,,,,,,,,,,,,,,,,,,,,,,,,,,,,,,,,,,,,,,,,,,,,,,,,,,,,,,,,,,,,,,,,,,,,,,,,,,,,,,,,,,,,,,,,,,,,,,,,,,,,,,,,,,,,,,,,,,,,,,,,,,,,,,,,,,,,,,,,,,,,,,,,,,,,,,
55118816-9e43-4d12-91f8-9296851beefd,2248,2,00:07:19.071,52,19,4,Duel,123,217,Barcelona,1,Regular Play,221,Levante UD,0.0,,2ac97cdd-1b8f-465a-8df1-4ab2835651bc,,27250,Nabil Ghilas,22,Right Center Forward,104.7,33.7,,True,,,,,True,,,,,,,,,,,,,,,,,,,,,,,,,,,,,,,,,,,,,,,,,,,,,,,,,,10.0,Aerial Lost,,,,,,,,,,,,,,,,,,,,,,,,,,,,,,,,,,,,,,,,,,,,,,,,,,,,,,,,,,,,,,,,,,,,,,,,,,,,,,,,,,,,,,,,,,,,,
2ac97cdd-1b8f-465a-8df1-4ab2835651bc,2249,2,00:07:19.071,52,19,30,Pass,123,217,Barcelona,1,Regular Play,217,Barcelona,1.052397,,55118816-9e43-4d12-91f8-9296851beefd,,7068,Marc Bartra Aregall,3,Right Center Back,15.4,46.4,,True,,,,,,,,,,,,,,,,,,,,,,,,6616.0,Munir El Haddadi Mohamed,14.489997,1.1133214,3.0,High Pass,21.8,59.4,,,,,,ce35b7e0-9364-4c0b-9924-f59bcb39b4e1,,,,,,,,,,,,,,,,,,,,True,,,,,,,,,,,,,,,,,,,,,,,,,,,,,,,,,,,,,,,,,,,,,,,,,,,,,,,,,,,,,,,,,,,,,,,,,,,,,,,,,,,,,,,,,,,,
ce35b7e0-9364-4c0b-9924-f59bcb39b4e1,2250,2,00:07:20.123,52,20,42,Ball Receipt*,123,217,Barcelona,1,Regular Play,217,Barcelona,,,2ac97cdd-1b8f-465a-8df1-4ab2835651bc,,6616,Munir El Haddadi Mohamed,17,Right Wing,21.8,59.4,,,,,,,,,,,,,,,,,,,,,,,,,,,,,,,,,,,,,,,,,,,,,,,,,,,,,,,,,,,,,,,,,,,,,,,,,,,,,,,,,,,,,,,,,,,,,,,,,,,,,,,,,,,,,,,,,,,,,,,,,,,,,,,,,,,,,,,,,,,,,,,,,,,,,,,
2964c4c8-9d25-4fc8-aeee-1c39218d7845,2251,2,00:07:20.123,52,20,43,Carry,123,217,Barcelona,1,Regular Play,217,Barcelona,0.040003,,c8c557bc-95c4-4aee-bd2a-15fc9d33d8a2,,6616,Munir El Haddadi Mohamed,17,Right Wing,21.8,59.4,,,,,,,,,,,,,,,,,,,,,,,,,,,,,,,,,,,,,,,ce35b7e0-9364-4c0b-9924-f59bcb39b4e1,,21.8,59.4,,,,,,,,,,,,,,,,,,,,,,,,,,,,,,,,,,,,,,,,,,,,,,,,,,,,,,,,,,,,,,,,,,,,,,,,,,,,,,,,,,,,,,,,,,,,,,,,,,,,,,,,,,,,,
c8c557bc-95c4-4aee-bd2a-15fc9d33d8a2,2252,2,00:07:20.163,52,20,30,Pass,123,217,Barcelona,1,Regular Play,217,Barcelona,1.818,,0c1a412a-e088-4186-b599-7d33da137dd8,,6616,Munir El Haddadi Mohamed,17,Right Wing,21.8,59.4,,,,,,,,,,,,,,,,,,,,,,,,,,,,42.300117,-0.8121476,3.0,High Pass,50.9,28.7,,,,38.0,Left Foot,,,,,,,,,,9.0,Incomplete,,,,,,,,,,,,,,,,,,,,,,,,,,,,,,,,,,,,,,,,,,,,,,,,,,,,,,,,,,,,,,,,,,,,,,,,,,,,,,,,,,,,,,,,,,,,,,,,,,,,,,
03ac0476-a0dd-4ce3-9f95-4e4a95fc8d2d,2273,2,00:08:19.776,53,19,30,Pass,126,217,Barcelona,3,From Free Kick,217,Barcelona,2.845699,,bc71ccaf-f90d-4bc6-bd08-6909cf27bbf8,True,5506,Javier Alejandro Mascherano,5,Left Center Back,31.1,13.7,,,,,,,,,,,,,,,,,,,,,,,,,,5503.0,Lionel Andrés Messi Cuccittini,60.281506,1.2658333,1.0,Ground Pass,49.2,71.2,62.0,Free Kick,,38.0,Left Foot,,,,,,,,,True,,,,,,,,,,,,,,,,,,,,,,,,,,,,,,,,,,,,,,,,,,,,,,,,,,,,,,,,,,,,,,,,,,,,,,,,,,,,,,,,,,,,,,,,,,,,,,,,,,,,,,,,
bc71ccaf-f90d-4bc6-bd08-6909cf27bbf8,2274,2,00:08:22.622,53,22,42,Ball Receipt*,126,217,Barcelona,3,From Free Kick,217,Barcelona,,,03ac0476-a0dd-4ce3-9f95-4e4a95fc8d2d,,5503,Lionel Andrés Messi Cuccittini,19,Center Attacking Midfield,49.2,71.2,,,,,,,,,,,,,,,,,,,,,,,,,,,,,,,,,,,,,,,,,,,,,,,,,,,,,,,,,,,,,,,,,,,,,,,,,,,,,,,,,,,,,,,,,,,,,,,,,,,,,,,,,,,,,,,,,,,,,,,,,,,,,,,,,,,,,,,,,,,,,,,,,,,,,,,
de5c6c34-104c-4758-ab54-6485c73af42c,2275,2,00:08:29.130,53,29,17,Pressure,126,217,Barcelona,3,From Free Kick,221,Levante UD,0.813188,,,,5678,Jefferson Andrés Lerma Solís,15,Left Center Midfield,45.7,14.4,,,,,,,,,,,,,,,,,,,,,,,,,,,,,,,,,,,,,,,,,,,,,,,,,,,,,,,,,,,,,,,,,,,,,,,,,,,,,,,,,,,,,,,,,,,,,,,,,,,,,,,,,,,,,,,,,,,,,,,,,,,,,,,,,,,,,,,,,,,,,,,,,,,,,,,
aa603a45-c4db-4e13-a51d-03d69d6e98d0,2276,2,00:08:30.007,53,30,30,Pass,126,217,Barcelona,3,From Free Kick,217,Barcelona,3.210088,,0b255eb2-0946-4452-b2e6-95e90e664a12,,5503,Lionel Andrés Messi Cuccittini,19,Center Attacking Midfield,69.0,65.6,,,,,,,,,,,,,,,,,,,,,,,,,,22102.0,Adriano Correia Claro,65.70122,-1.1984864,3.0,High Pass,92.9,4.4,,,,38.0,Left Foot,,,,,,,,,True,,,,,,,,,,,,,,,,,,,,,,,,,,,,,,,,,,,,,,,,,,,,,,,,,,,,,,,,,,,,,,,,,,,,,,,,,,,,,,,,,,,,,,,,,,,,,,,,,,,,,,,,
0b255eb2-0946-4452-b2e6-95e90e664a12,2277,2,00:08:33.217,53,33,42,Ball Receipt*,126,217,Barcelona,3,From Free Kick,217,Barcelona,,,aa603a45-c4db-4e13-a51d-03d69d6e98d0,,22102,Adriano Correia Claro,6,Left Back,92.9,4.4,,,,,,,,,,,,,,,,,,,,,,,,,,,,,,,,,,,,,,,,,,,,,,,,,,,,,,,,,,,,,,,,,,,,,,,,,,,,,,,,,,,,,,,,,,,,,,,,,,,,,,,,,,,,,,,,,,,,,,,,,,,,,,,,,,,,,,,,,,,,,,,,,,,,,,,
b25f9e3b-8c57-4738-a94a-027b46767481,2278,2,00:08:33.217,53,33,30,Pass,126,217,Barcelona,3,From Free Kick,217,Barcelona,0.668234,,69f3ec2f-6c61-48a1-90eb-a1be2240e1ef,,22102,Adriano Correia Claro,6,Left Back,92.9,4.4,,,,,,,,,,,,,,,,,,,,,,,,,,4320.0,Neymar da Silva Santos Junior,7.7103825,2.162396,1.0,Ground Pass,88.6,10.8,,,,38.0,Left Foot,,,,,,,,,,,,,,,,,,,,,,,,,,,,,,,,,,,,,,,,,,,,,,,,,,,,,,,,,,,,,,,,,,,,,,,,,,,,,,,,,,,,,,,,,,,,,,,,,,,,,,,,,,,,,,,,,
69f3ec2f-6c61-48a1-90eb-a1be2240e1ef,2279,2,00:08:33.885,53,33,42,Ball Receipt*,126,217,Barcelona,3,From Free Kick,217,Barcelona,,,b25f9e3b-8c57-4738-a94a-027b46767481,,4320,Neymar da Silva Santos Junior,21,Left Wing,88.6,10.8,,,,,,,,,,,,,,,,,,,,,,,,,,,,,,,,,,,,,,,,,,,,,,,,,,,,,,,,,,,,,,,,,,,,,,,,,,,,,,,,,,,,,,,,,,,,,,,,,,,,,,,,,,,,,,,,,,,,,,,,,,,,,,,,,,,,,,,,,,,,,,,,,,,,,,,
e07a2d40-2fad-4e78-834d-250beab14a70,2280,2,00:08:33.885,53,33,43,Carry,126,217,Barcelona,3,From Free Kick,217,Barcelona,2.931068,,12d42684-9431-48fe-aa33-2482ca1b23ae,,4320,Neymar da Silva Santos Junior,21,Left Wing,88.6,10.8,,True,,,,,,,,,,,,,,,,,,,,,,,,,,,,,,,,,,,,,69f3ec2f-6c61-48a1-90eb-a1be2240e1ef,cdff0e44-5782-44a0-953b-255a0e60bf66,105.0,22.7,,,,,,,,,,,,,,,,,,,,,,,,,,,,,,,,,,,,,,,,,,,,,,,,,,,,,,,,,,,,,,,,,,,,,,,,,,,,,,,,,,,,,,,,,,,,,,,,,,,,,,,,,,,,,
12d42684-9431-48fe-aa33-2482ca1b23ae,2281,2,00:08:34.929,53,34,17,Pressure,126,217,Barcelona,3,From Free Kick,221,Levante UD,1.302612,,e07a2d40-2fad-4e78-834d-250beab14a70,,6659,Víctor Camarasa Ferrando,13,Right Center Midfield,29.9,59.4,,,,,,,,,,,,,,,,,,,,,,,,,,,,,,,,,,,,,,,,,,,,,,,,,,,,,,,,,,,,,,,,,,,,,,,,,,,,,,,,,,,,,,,,,,,,,,,,,,,,,,,,,,,,,,,,,,,,,,,,,,,,,,,,,,,,,,,,,,,,,,,,,,,,,,,
cdff0e44-5782-44a0-953b-255a0e60bf66,2282,2,00:08:36.817,53,36,30,Pass,126,217,Barcelona,3,From Free Kick,217,Barcelona,0.957298,,688817d2-1a71-4004-bf5e-cf0725b4a58d,,4320,Neymar da Silva Santos Junior,21,Left Wing,105.0,22.7,,,,,,,,,,,,,,,,,,,,,,,,,,,,19.16716,1.2688452,2.0,Low Pass,110.7,41.0,,,,38.0,Left Foot,,,,,,,,,,9.0,Incomplete,,,,,,,,,,,,,,,,,,,,,,,,,,,,,,,,,,,,,,,,,,,,,,,,,,,,,,,,,,,,,,,,,,,,,,,,,,,,,,,,,,,,,,,,,,,,,,,,,,,,,,
688817d2-1a71-4004-bf5e-cf0725b4a58d,2283,2,00:08:37.774,53,37,9,Clearance,126,217,Barcelona,3,From Free Kick,221,Levante UD,0.0,,cdff0e44-5782-44a0-953b-255a0e60bf66,,26023,Juan Francisco García García,5,Left Center Back,9.4,39.1,,True,,,,,,,,,,,,,,,,,,,,,,,,,,,,,,,,,,,,,,,,,,,,,,,,,,,,,,,,,,True,40.0,Right Foot,,,,,,,,,,,,,,,,,,,,,,,,,,,,,,,,,,,,,,,,,,,,,,,,,,,,,,,,,,,,,,,,,,,,,,,,,,,,,,,,,,,,,,,,,
b8483d85-ef85-4b00-bdda-3fca39042180,2284,2,00:08:39.941,53,39,2,Ball Recovery,126,217,Barcelona,3,From Free Kick,217,Barcelona,0.0,,,,22102,Adriano Correia Claro,6,Left Back,92.9,17.6,,,,,,,,,,,,,,,,,,,,,,,,,,,,,,,,,,,,,,,,,,,,,,,,,,,,,,,,,,,,,,,,,,,,,,,,,,,,,,,,,,,,,,,,,,,,,,,,,,,,,,,,,,,,,,,,,,,,,,,,,,,,,,,,,,,,,,,,,,,,,,,,,,,,,,,
51beaef7-08b3-461c-b86f-ae300726b7fc,2285,2,00:08:39.941,53,39,43,Carry,126,217,Barcelona,3,From Free Kick,217,Barcelona,2.441138,,29aaf53c-6862-4448-8cd8-a4e3ea5de1d8,,22102,Adriano Correia Claro,6,Left Back,92.9,17.6,,True,,,,,,,,,,,,,,,,,,,,,,,,,,,,,,,,,,,,,b8483d85-ef85-4b00-bdda-3fca39042180,fa9d55c9-e499-4792-805f-259845473709,81.1,22.9,,,,,,,,,,,,,,,,,,,,,,,,,,,,,,,,,,,,,,,,,,,,,,,,,,,,,,,,,,,,,,,,,,,,,,,,,,,,,,,,,,,,,,,,,,,,,,,,,,,,,,,,,,,,,
fa9d55c9-e499-4792-805f-259845473709,2286,2,00:08:41.107,53,41,17,Pressure,126,217,Barcelona,3,From Free Kick,221,Levante UD,0.523476,,51beaef7-08b3-461c-b86f-ae300726b7fc,,6684,Roger Martí Salvador,24,Left Center Forward,35.1,53.3,,,,,,,,,,,,,,,,,,,,,,,,,,,,,,,,,,,,,,,,,,,,,,,,,,,,,,,,,,,,,,,,,,,,,,,,,,,,,,,,,,,,,,,,,,,,,,,,,,,,,,,,,,,,,,,,,,,,,,,,,,,,,,,,,,,,,,,,,,,,,,,,,,,,,,,
29aaf53c-6862-4448-8cd8-a4e3ea5de1d8,2287,2,00:08:42.382,53,42,30,Pass,126,217,Barcelona,3,From Free Kick,217,Barcelona,1.230125,,8646526b-0eb8-4489-a67e-cb2207788397,,22102,Adriano Correia Claro,6,Left Back,81.1,22.9,,,,,,,,,,,,,,,,,,,,,,,,,,5506.0,Javier Alejandro Mascherano,14.940214,2.8982375,1.0,Ground Pass,66.6,26.5,,,,40.0,Right Foot,,,,,,,,,,,,,,,,,,,,,,,,,,,,,,,,,,,,,,,,,,,,,,,,,,,,,,,,,,,,,,,,,,,,,,,,,,,,,,,,,,,,,,,,,,,,,,,,,,,,,,,,,,,,,,,,,
8646526b-0eb8-4489-a67e-cb2207788397,2288,2,00:08:43.612,53,43,42,Ball Receipt*,126,217,Barcelona,3,From Free Kick,217,Barcelona,,,29aaf53c-6862-4448-8cd8-a4e3ea5de1d8,,5506,Javier Alejandro Mascherano,5,Left Center Back,66.6,26.5,,,,,,,,,,,,,,,,,,,,,,,,,,,,,,,,,,,,,,,,,,,,,,,,,,,,,,,,,,,,,,,,,,,,,,,,,,,,,,,,,,,,,,,,,,,,,,,,,,,,,,,,,,,,,,,,,,,,,,,,,,,,,,,,,,,,,,,,,,,,,,,,,,,,,,,
efa18493-df8a-4e5e-8acd-05d63afc9014,2289,2,00:08:43.612,53,43,43,Carry,126,217,Barcelona,3,From Free Kick,217,Barcelona,0.039975002,,8646526b-0eb8-4489-a67e-cb2207788397,,5506,Javier Alejandro Mascherano,5,Left Center Back,66.6,26.5,,,,,,,,,,,,,,,,,,,,,,,,,,,,,,,,,,,,,,,d3f47628-a18b-4449-bef0-2cff681b0ebd,,66.2,26.6,,,,,,,,,,,,,,,,,,,,,,,,,,,,,,,,,,,,,,,,,,,,,,,,,,,,,,,,,,,,,,,,,,,,,,,,,,,,,,,,,,,,,,,,,,,,,,,,,,,,,,,,,,,,,
d3f47628-a18b-4449-bef0-2cff681b0ebd,2290,2,00:08:43.652,53,43,30,Pass,126,217,Barcelona,3,From Free Kick,217,Barcelona,1.108557,,cd831629-5de9-4efe-b36b-b1138308af9f,,5506,Javier Alejandro Mascherano,5,Left Center Back,66.2,26.6,,,,,,,,,,,,,,,,,,,,,,,,,,5203.0,Sergio Busquets i Burgos,23.865665,-0.9490856,1.0,Ground Pass,80.1,7.2,,,,40.0,Right Foot,,,,,,,,,,,,,,,,,,,,,,,,,,,,,,,,,,,,,,,,,,,,,,,,,,,,,,,,,,,,,,,,,,,,,,,,,,,,,,,,,,,,,,,,,,,,,,,,,,,,,,,,,,,,,,,,,
cd831629-5de9-4efe-b36b-b1138308af9f,2291,2,00:08:44.761,53,44,42,Ball Receipt*,126,217,Barcelona,3,From Free Kick,217,Barcelona,,,d3f47628-a18b-4449-bef0-2cff681b0ebd,,5203,Sergio Busquets i Burgos,11,Left Defensive Midfield,80.1,7.2,,,,,,,,,,,,,,,,,,,,,,,,,,,,,,,,,,,,,,,,,,,,,,,,,,,,,,,,,,,,,,,,,,,,,,,,,,,,,,,,,,,,,,,,,,,,,,,,,,,,,,,,,,,,,,,,,,,,,,,,,,,,,,,,,,,,,,,,,,,,,,,,,,,,,,,
fae6578b-8769-4507-98de-9d8db99fb699,2292,2,00:08:44.761,53,44,43,Carry,126,217,Barcelona,3,From Free Kick,217,Barcelona,1.576441,,cd831629-5de9-4efe-b36b-b1138308af9f,,5203,Sergio Busquets i Burgos,11,Left Defensive Midfield,80.1,7.2,,,,,,,,,,,,,,,,,,,,,,,,,,,,,,,,,,,,,,,db51f3ee-d3d3-4fe1-9e85-5f4850de6955,,77.5,8.2,,,,,,,,,,,,,,,,,,,,,,,,,,,,,,,,,,,,,,,,,,,,,,,,,,,,,,,,,,,,,,,,,,,,,,,,,,,,,,,,,,,,,,,,,,,,,,,,,,,,,,,,,,,,,
db51f3ee-d3d3-4fe1-9e85-5f4850de6955,2293,2,00:08:46.337,53,46,30,Pass,126,217,Barcelona,3,From Free Kick,217,Barcelona,1.231501,,0b43b3cc-b6ba-40c2-afad-38d8947f8507,,5203,Sergio Busquets i Burgos,11,Left Defensive Midfield,77.5,8.2,,,,,,,,,,,,,,,,,,,,,,,,,,5506.0,Javier Alejandro Mascherano,22.300673,2.171236,1.0,Ground Pass,64.9,26.6,,,,40.0,Right Foot,,,,,,,,,,,,,,,,,,,,,,,,,,,,,,,,,,,,,,,,,,,,,,,,,,,,,,,,,,,,,,,,,,,,,,,,,,,,,,,,,,,,,,,,,,,,,,,,,,,,,,,,,,,,,,,,,
0b43b3cc-b6ba-40c2-afad-38d8947f8507,2294,2,00:08:47.569,53,47,42,Ball Receipt*,126,217,Barcelona,3,From Free Kick,217,Barcelona,,,db51f3ee-d3d3-4fe1-9e85-5f4850de6955,,5506,Javier Alejandro Mascherano,5,Left Center Back,64.9,26.6,,,,,,,,,,,,,,,,,,,,,,,,,,,,,,,,,,,,,,,,,,,,,,,,,,,,,,,,,,,,,,,,,,,,,,,,,,,,,,,,,,,,,,,,,,,,,,,,,,,,,,,,,,,,,,,,,,,,,,,,,,,,,,,,,,,,,,,,,,,,,,,,,,,,,,,
e42ca3a5-3a65-460b-bccb-87dec625038d,2295,2,00:08:47.569,53,47,43,Carry,126,217,Barcelona,3,From Free Kick,217,Barcelona,0.769899,,0b43b3cc-b6ba-40c2-afad-38d8947f8507,,5506,Javier Alejandro Mascherano,5,Left Center Back,64.9,26.6,,,,,,,,,,,,,,,,,,,,,,,,,,,,,,,,,,,,,,,ec719f41-b732-4df1-8020-ffed20ed9fbe,,63.7,29.0,,,,,,,,,,,,,,,,,,,,,,,,,,,,,,,,,,,,,,,,,,,,,,,,,,,,,,,,,,,,,,,,,,,,,,,,,,,,,,,,,,,,,,,,,,,,,,,,,,,,,,,,,,,,,
ec719f41-b732-4df1-8020-ffed20ed9fbe,2296,2,00:08:48.339,53,48,30,Pass,126,217,Barcelona,3,From Free Kick,217,Barcelona,0.880097,,ba599514-9f17-4932-971d-eb3f62b517bf,,5506,Javier Alejandro Mascherano,5,Left Center Back,63.7,29.0,,,,,,,,,,,,,,,,,,,,,,,,,,5470.0,Ivan Rakitić,28.176054,1.2456788,1.0,Ground Pass,72.7,55.7,,,,40.0,Right Foot,,,,,,,,,,,,,,,,,,,,,,,,,,,,,,,,,,,,,,,,,,,,,,,,,,,,,,,,,,,,,,,,,,,,,,,,,,,,,,,,,,,,,,,,,,,,,,,,,,,,,,,,,,,,,,,,,
ba599514-9f17-4932-971d-eb3f62b517bf,2297,2,00:08:49.219,53,49,42,Ball Receipt*,126,217,Barcelona,3,From Free Kick,217,Barcelona,,,ec719f41-b732-4df1-8020-ffed20ed9fbe,,5470,Ivan Rakitić,9,Right Defensive Midfield,72.7,55.7,,,,,,,,,,,,,,,,,,,,,,,,,,,,,,,,,,,,,,,,,,,,,,,,,,,,,,,,,,,,,,,,,,,,,,,,,,,,,,,,,,,,,,,,,,,,,,,,,,,,,,,,,,,,,,,,,,,,,,,,,,,,,,,,,,,,,,,,,,,,,,,,,,,,,,,
831bf7b2-16c3-4cb0-8f6f-22541ad15bfc,2298,2,00:08:49.219,53,49,43,Carry,126,217,Barcelona,3,From Free Kick,217,Barcelona,1.874305,,ba599514-9f17-4932-971d-eb3f62b517bf,,5470,Ivan Rakitić,9,Right Defensive Midfield,72.7,55.7,,,,,,,,,,,,,,,,,,,,,,,,,,,,,,,,,,,,,,,daffe47d-176b-4e2d-befe-945a94cad1c7,,76.5,61.5,,,,,,,,,,,,,,,,,,,,,,,,,,,,,,,,,,,,,,,,,,,,,,,,,,,,,,,,,,,,,,,,,,,,,,,,,,,,,,,,,,,,,,,,,,,,,,,,,,,,,,,,,,,,,
daffe47d-176b-4e2d-befe-945a94cad1c7,2299,2,00:08:51.093,53,51,30,Pass,126,217,Barcelona,3,From Free Kick,217,Barcelona,1.255504,,617115ef-513e-4e42-ad7d-9177a75f7b35,,5470,Ivan Rakitić,9,Right Defensive Midfield,76.5,61.5,,,,,,,,,,,,,,,,,,,,,,,,,,4324.0,Daniel Alves da Silva,18.722446,0.994645,1.0,Ground Pass,86.7,77.2,,,,40.0,Right Foot,,,,,,,,,,,,,,,,,,,,,,,,,,,,,,,,,,,,,,,,,,,,,,,,,,,,,,,,,,,,,,,,,,,,,,,,,,,,,,,,,,,,,,,,,,,,,,,,,,,,,,,,,,,,,,,,,
617115ef-513e-4e42-ad7d-9177a75f7b35,2300,2,00:08:52.349,53,52,42,Ball Receipt*,126,217,Barcelona,3,From Free Kick,217,Barcelona,,,daffe47d-176b-4e2d-befe-945a94cad1c7,,4324,Daniel Alves da Silva,2,Right Back,86.7,77.2,,,,,,,,,,,,,,,,,,,,,,,,,,,,,,,,,,,,,,,,,,,,,,,,,,,,,,,,,,,,,,,,,,,,,,,,,,,,,,,,,,,,,,,,,,,,,,,,,,,,,,,,,,,,,,,,,,,,,,,,,,,,,,,,,,,,,,,,,,,,,,,,,,,,,,,
befc7af3-32bc-4a89-9f86-361aab8e827f,2301,2,00:08:52.349,53,52,43,Carry,126,217,Barcelona,3,From Free Kick,217,Barcelona,0.27429602,,617115ef-513e-4e42-ad7d-9177a75f7b35,,4324,Daniel Alves da Silva,2,Right Back,86.7,77.2,,,,,,,,,,,,,,,,,,,,,,,,,,,,,,,,,,,,,,,b93dad59-2887-400f-b03b-1bb64644dac0,,87.6,77.7,,,,,,,,,,,,,,,,,,,,,,,,,,,,,,,,,,,,,,,,,,,,,,,,,,,,,,,,,,,,,,,,,,,,,,,,,,,,,,,,,,,,,,,,,,,,,,,,,,,,,,,,,,,,,
b93dad59-2887-400f-b03b-1bb64644dac0,2302,2,00:08:52.623,53,52,30,Pass,126,217,Barcelona,3,From Free Kick,217,Barcelona,1.356966,,399dca88-180f-4c66-bda0-69fa45f897cb,,4324,Daniel Alves da Silva,2,Right Back,87.6,77.7,,,,,,,,,,,,,,,,,,,,,,,,,,5470.0,Ivan Rakitić,9.482615,-2.6590793,1.0,Ground Pass,79.2,73.3,,,,38.0,Left Foot,,,,,,,,,,,,,,,,,,,,,,,,,,,,,,,,,,,,,,,,,,,,,,,,,,,,,,,,,,,,,,,,,,,,,,,,,,,,,,,,,,,,,,,,,,,,,,,,,,,,,,,,,,,,,,,,,
399dca88-180f-4c66-bda0-69fa45f897cb,2303,2,00:08:53.980,53,53,42,Ball Receipt*,126,217,Barcelona,3,From Free Kick,217,Barcelona,,,b93dad59-2887-400f-b03b-1bb64644dac0,,5470,Ivan Rakitić,9,Right Defensive Midfield,79.2,73.3,,,,,,,,,,,,,,,,,,,,,,,,,,,,,,,,,,,,,,,,,,,,,,,,,,,,,,,,,,,,,,,,,,,,,,,,,,,,,,,,,,,,,,,,,,,,,,,,,,,,,,,,,,,,,,,,,,,,,,,,,,,,,,,,,,,,,,,,,,,,,,,,,,,,,,,
41b8aad4-0b63-437f-b716-192c8d8fbb25,2304,2,00:08:53.980,53,53,43,Carry,126,217,Barcelona,3,From Free Kick,217,Barcelona,0.295934,,2b0c5ef0-0c3e-4eca-9abd-8c5bd35042e3,,5470,Ivan Rakitić,9,Right Defensive Midfield,79.2,73.3,,,,,,,,,,,,,,,,,,,,,,,,,,,,,,,,,,,,,,,399dca88-180f-4c66-bda0-69fa45f897cb,,79.9,72.9,,,,,,,,,,,,,,,,,,,,,,,,,,,,,,,,,,,,,,,,,,,,,,,,,,,,,,,,,,,,,,,,,,,,,,,,,,,,,,,,,,,,,,,,,,,,,,,,,,,,,,,,,,,,,
2b0c5ef0-0c3e-4eca-9abd-8c5bd35042e3,2305,2,00:08:54.276,53,54,30,Pass,126,217,Barcelona,3,From Free Kick,217,Barcelona,0.907902,,97484e16-ae8c-4a31-8290-6e2d6ece6d7f,,5470,Ivan Rakitić,9,Right Defensive Midfield,79.9,72.9,,,,,,,,,,,,,,,,,,,,,,,,,,4324.0,Daniel Alves da Silva,4.8104053,1.2095926,1.0,Ground Pass,81.6,77.4,,,,38.0,Left Foot,,,,,,,,,,,,,,,,,,,,,,,,,,,,,,,,,,,,,,,,,,,,,,,,,,,,,,,,,,,,,,,,,,,,,,,,,,,,,,,,,,,,,,,,,,,,,,,,,,,,,,,,,,,,,,,,,
97484e16-ae8c-4a31-8290-6e2d6ece6d7f,2306,2,00:08:55.184,53,55,42,Ball Receipt*,126,217,Barcelona,3,From Free Kick,217,Barcelona,,,2b0c5ef0-0c3e-4eca-9abd-8c5bd35042e3,,4324,Daniel Alves da Silva,2,Right Back,81.6,77.4,,,,,,,,,,,,,,,,,,,,,,,,,,,,,,,,,,,,,,,,,,,,,,,,,,,,,,,,,,,,,,,,,,,,,,,,,,,,,,,,,,,,,,,,,,,,,,,,,,,,,,,,,,,,,,,,,,,,,,,,,,,,,,,,,,,,,,,,,,,,,,,,,,,,,,,
c1ec1144-90a8-4aab-88a4-52ec5acbdea7,2307,2,00:08:55.184,53,55,43,Carry,126,217,Barcelona,3,From Free Kick,217,Barcelona,0.955498,,49a24ff5-7d1d-4d88-9eb8-4d0f7651f832,,4324,Daniel Alves da Silva,2,Right Back,81.6,77.4,,,,,,,,,,,,,,,,,,,,,,,,,,,,,,,,,,,,,,,97484e16-ae8c-4a31-8290-6e2d6ece6d7f,,81.6,76.7,,,,,,,,,,,,,,,,,,,,,,,,,,,,,,,,,,,,,,,,,,,,,,,,,,,,,,,,,,,,,,,,,,,,,,,,,,,,,,,,,,,,,,,,,,,,,,,,,,,,,,,,,,,,,
49a24ff5-7d1d-4d88-9eb8-4d0f7651f832,2308,2,00:08:56.139,53,56,30,Pass,126,217,Barcelona,3,From Free Kick,217,Barcelona,0.628832,,fa9de610-99ef-45aa-8baa-b569822e4751,,4324,Daniel Alves da Silva,2,Right Back,81.6,76.7,,,,,,,,,,,,,,,,,,,,,,,,,,5470.0,Ivan Rakitić,7.8549347,-0.5491529,1.0,Ground Pass,88.3,72.6,,,,40.0,Right Foot,,,,,,,,,,,,,,,,,,,,,,,,,,,,,,,,,,,,,,,,,,,,,,,,,,,,,,,,,,,,,,,,,,,,,,,,,,,,,,,,,,,,,,,,,,,,,,,,,,,,,,,,,,,,,,,,,
a32083c5-8007-4e5c-8a46-ce09a7d1ddbe,2309,2,00:08:56.385,53,56,17,Pressure,126,217,Barcelona,3,From Free Kick,221,Levante UD,0.224841,,,,5678,Jefferson Andrés Lerma Solís,15,Left Center Midfield,28.4,9.2,,,,,,,,,,,,,,,,,,,,,,,,,,,,,,,,,,,,,,,,,,,,,,,,,,,,,,,,,,,,,,,,,,,,,,,,,,,,,,,,,,,,,,,,,,,,,,,,,,,,,,,,,,,,,,,,,,,,,,,,,,,,,,,,,,,,,,,,,,,,,,,,,,,,,,,
fa9de610-99ef-45aa-8baa-b569822e4751,2310,2,00:08:56.768,53,56,42,Ball Receipt*,126,217,Barcelona,3,From Free Kick,217,Barcelona,,,49a24ff5-7d1d-4d88-9eb8-4d0f7651f832,,5470,Ivan Rakitić,9,Right Defensive Midfield,88.3,72.6,,,,,,,,,,,,,,,,,,,,,,,,,,,,,,,,,,,,,,,,,,,,,,,,,,,,,,,,,,,,,,,,,,,,,,,,,,,,,,,,,,,,,,,,,,,,,,,,,,,,,,,,,,,,,,,,,,,,,,,,,,,,,,,,,,,,,,,,,,,,,,,,,,,,,,,
3981ba7c-3e3a-4a3e-8279-61008875e1a8,2311,2,00:08:56.768,53,56,43,Carry,126,217,Barcelona,3,From Free Kick,217,Barcelona,0.039968003,,a7053825-3479-445b-9c6d-d576ad9ae415,,5470,Ivan Rakitić,9,Right Defensive Midfield,88.3,72.6,,,,,,,,,,,,,,,,,,,,,,,,,,,,,,,,,,,,,,,fa9de610-99ef-45aa-8baa-b569822e4751,,88.6,73.1,,,,,,,,,,,,,,,,,,,,,,,,,,,,,,,,,,,,,,,,,,,,,,,,,,,,,,,,,,,,,,,,,,,,,,,,,,,,,,,,,,,,,,,,,,,,,,,,,,,,,,,,,,,,,
a7053825-3479-445b-9c6d-d576ad9ae415,2312,2,00:08:56.808,53,56,30,Pass,126,217,Barcelona,3,From Free Kick,217,Barcelona,0.807375,,1283a997-8d0d-457e-a276-48f5fe7019f4,,5470,Ivan Rakitić,9,Right Defensive Midfield,88.6,73.1,,,,,,,,,,,,,,,,,,,,,,,,,,4324.0,Daniel Alves da Silva,6.2625875,2.4693456,1.0,Ground Pass,83.7,77.0,,,,40.0,Right Foot,,,,,,,,,,,,,,,,,,,,,,,,,,,,,,,,,,,,,,,,,,,,,,,,,,,,,,,,,,,,,,,,,,,,,,,,,,,,,,,,,,,,,,,,,,,,,,,,,,,,,,,,,,,,,,,,,
1283a997-8d0d-457e-a276-48f5fe7019f4,2313,2,00:08:57.615,53,57,42,Ball Receipt*,126,217,Barcelona,3,From Free Kick,217,Barcelona,,,a7053825-3479-445b-9c6d-d576ad9ae415,,4324,Daniel Alves da Silva,2,Right Back,83.7,77.0,,,,,,,,,,,,,,,,,,,,,,,,,,,,,,,,,,,,,,,,,,,,,,,,,,,,,,,,,,,,,,,,,,,,,,,,,,,,,,,,,,,,,,,,,,,,,,,,,,,,,,,,,,,,,,,,,,,,,,,,,,,,,,,,,,,,,,,,,,,,,,,,,,,,,,,
971434cc-43f2-44dd-8f25-235d5fd93b08,2314,2,00:08:57.615,53,57,43,Carry,126,217,Barcelona,3,From Free Kick,217,Barcelona,2.811225,,1283a997-8d0d-457e-a276-48f5fe7019f4,,4324,Daniel Alves da Silva,2,Right Back,83.7,77.0,,True,,,,,,,,,,,,,,,,,,,,,,,,,,,,,,,,,,,,,2275530b-2859-4435-b624-004b053f83b8,ae13f88a-47b8-4d26-b3c3-0f1edc185c1d,84.2,72.8,,,,,,,,,,,,,,,,,,,,,,,,,,,,,,,,,,,,,,,,,,,,,,,,,,,,,,,,,,,,,,,,,,,,,,,,,,,,,,,,,,,,,,,,,,,,,,,,,,,,,,,,,,,,,
2275530b-2859-4435-b624-004b053f83b8,2315,2,00:08:59.925,53,59,17,Pressure,126,217,Barcelona,3,From Free Kick,221,Levante UD,0.688684,,971434cc-43f2-44dd-8f25-235d5fd93b08,,5678,Jefferson Andrés Lerma Solís,15,Left Center Midfield,30.8,9.9,,,,,,,,,,,,,,,,,,,,,,,,,,,,,,,,,,,,,,,ae13f88a-47b8-4d26-b3c3-0f1edc185c1d,,,,,,,,,,,,,,,,,,,,,,,,,,,,,,,,,,,,,,,,,,,,,,,,,,,,,,,,,,,,,,,,,,,,,,,,,,,,,,,,,,,,,,,,,,,,,,,,,,,,,,,,,,,,,,,,
ae13f88a-47b8-4d26-b3c3-0f1edc185c1d,2316,2,00:09:00.427,54,0,30,Pass,126,217,Barcelona,3,From Free Kick,217,Barcelona,0.739615,,2275530b-2859-4435-b624-004b053f83b8,,4324,Daniel Alves da Silva,2,Right Back,84.2,72.8,,True,,,,,,,,,,,,,,,,,,,,,,,,6616.0,Munir El Haddadi Mohamed,12.403628,-0.951484,1.0,Ground Pass,91.4,62.7,,,,40.0,Right Foot,d8bf549b-a329-4b21-a3d2-a237fde9b263,,,,,,,,,,,,,,,,,,,,,,,,,,,,,,,,,,,,,,,,,,,,,,,,,,,,,,,,,,,,,,,,,,,,,,,,,,,,,,,,,,,,,,,,,,,,,,,,,,,,,,,,,,,,,,,,
5ce3bf2c-1846-4d8f-b115-c9ac6d0fc339,2317,2,00:09:01.051,54,1,17,Pressure,126,217,Barcelona,3,From Free Kick,221,Levante UD,0.438665,,d5fd9bb7-e4f3-492c-a8b1-f91f8552c671,,24149,José Antonio García Rabasco,10,Center Defensive Midfield,29.4,18.5,,,,,,,,,,,,,,,,,,,,,,,,,,,,,,,,,,,,,,,d8bf549b-a329-4b21-a3d2-a237fde9b263,,,,,,,,,,,,,,,,,,,,,,,,,,,,,,,,,,,,,,,,,,,,,,,,,,,,,,,,,,,,,,,,,,,,,,,,,,,,,,,,,,,,,,,,,,,,,,,,,,,,,,,,,,,,,,,,
d8bf549b-a329-4b21-a3d2-a237fde9b263,2318,2,00:09:01.166,54,1,42,Ball Receipt*,126,217,Barcelona,3,From Free Kick,217,Barcelona,,,5ce3bf2c-1846-4d8f-b115-c9ac6d0fc339,,6616,Munir El Haddadi Mohamed,17,Right Wing,91.4,62.7,,True,,,,,,,,,,,,,,,,,,,,,,,,,,,,,,,,,,,,,ae13f88a-47b8-4d26-b3c3-0f1edc185c1d,,,,,,,,,,,,,,,,,,,,,,,,,,,,,,,,,,,,,,,,,,,,,,,,,,,,,,,,,,,,,,,,,,,,,,,,,,,,,,,,,,,,,,,,,,,,,,,,,,,,,,,,,,,,,,,,
d5fd9bb7-e4f3-492c-a8b1-f91f8552c671,2319,2,00:09:01.166,54,1,43,Carry,126,217,Barcelona,3,From Free Kick,217,Barcelona,0.881485,,54e83feb-9f66-416c-96cb-c74172c05c2e,,6616,Munir El Haddadi Mohamed,17,Right Wing,91.4,62.7,,True,,,,,,,,,,,,,,,,,,,,,,,,,,,,,,,,,,,,,5ce3bf2c-1846-4d8f-b115-c9ac6d0fc339,d8bf549b-a329-4b21-a3d2-a237fde9b263,88.3,66.6,,,,,,,,,,,,,,,,,,,,,,,,,,,,,,,,,,,,,,,,,,,,,,,,,,,,,,,,,,,,,,,,,,,,,,,,,,,,,,,,,,,,,,,,,,,,,,,,,,,,,,,,,,,,,
54e83feb-9f66-416c-96cb-c74172c05c2e,2320,2,00:09:02.048,54,2,30,Pass,126,217,Barcelona,3,From Free Kick,217,Barcelona,2.910998,,a26fd393-3c93-445c-8ce8-5bcf5716d968,,6616,Munir El Haddadi Mohamed,17,Right Wing,88.3,66.6,,,,,,,,,,,,,,,,,,,,,,,,,,7068.0,Marc Bartra Aregall,25.612886,2.9411342,1.0,Ground Pass,63.2,71.7,,,,38.0,Left Foot,,,,,,,,,,,,,,,,,,,,,,,,,,,,,,,,,,,,,,,,,,,,,,,,,,,,,,,,,,,,,,,,,,,,,,,,,,,,,,,,,,,,,,,,,,,,,,,,,,,,,,,,,,,,,,,,,
a26fd393-3c93-445c-8ce8-5bcf5716d968,2321,2,00:09:04.959,54,4,42,Ball Receipt*,126,217,Barcelona,3,From Free Kick,217,Barcelona,,,54e83feb-9f66-416c-96cb-c74172c05c2e,,7068,Marc Bartra Aregall,3,Right Center Back,63.2,71.7,,,,,,,,,,,,,,,,,,,,,,,,,,,,,,,,,,,,,,,,,,,,,,,,,,,,,,,,,,,,,,,,,,,,,,,,,,,,,,,,,,,,,,,,,,,,,,,,,,,,,,,,,,,,,,,,,,,,,,,,,,,,,,,,,,,,,,,,,,,,,,,,,,,,,,,
5b20392a-0934-4139-86b8-0491139c6c80,2322,2,00:09:04.959,54,4,43,Carry,126,217,Barcelona,3,From Free Kick,217,Barcelona,1.402302,,786f136c-a408-48aa-a939-5df5198e4249,,7068,Marc Bartra Aregall,3,Right Center Back,63.2,71.7,,,,,,,,,,,,,,,,,,,,,,,,,,,,,,,,,,,,,,,a26fd393-3c93-445c-8ce8-5bcf5716d968,,68.1,66.9,,,,,,,,,,,,,,,,,,,,,,,,,,,,,,,,,,,,,,,,,,,,,,,,,,,,,,,,,,,,,,,,,,,,,,,,,,,,,,,,,,,,,,,,,,,,,,,,,,,,,,,,,,,,,
786f136c-a408-48aa-a939-5df5198e4249,2323,2,00:09:06.361,54,6,30,Pass,126,217,Barcelona,3,From Free Kick,217,Barcelona,1.746024,,33dbc3c9-7a33-4eb2-b34a-ffb1d2c661df,,7068,Marc Bartra Aregall,3,Right Center Back,68.1,66.9,,,,,,,,,,,,,,,,,,,,,,,,,,5506.0,Javier Alejandro Mascherano,33.44264,-1.7511847,1.0,Ground Pass,62.1,34.0,,,,40.0,Right Foot,,,,,,,,,,,,,,,,,,,,,,,,,,,,,,,,,,,,,,,,,,,,,,,,,,,,,,,,,,,,,,,,,,,,,,,,,,,,,,,,,,,,,,,,,,,,,,,,,,,,,,,,,,,,,,,,,
33dbc3c9-7a33-4eb2-b34a-ffb1d2c661df,2324,2,00:09:08.107,54,8,42,Ball Receipt*,126,217,Barcelona,3,From Free Kick,217,Barcelona,,,786f136c-a408-48aa-a939-5df5198e4249,,5506,Javier Alejandro Mascherano,5,Left Center Back,62.1,34.0,,,,,,,,,,,,,,,,,,,,,,,,,,,,,,,,,,,,,,,,,,,,,,,,,,,,,,,,,,,,,,,,,,,,,,,,,,,,,,,,,,,,,,,,,,,,,,,,,,,,,,,,,,,,,,,,,,,,,,,,,,,,,,,,,,,,,,,,,,,,,,,,,,,,,,,
cb5f62c4-a1ff-4b7f-a030-78d681aaee65,2325,2,00:09:08.107,54,8,43,Carry,126,217,Barcelona,3,From Free Kick,217,Barcelona,3.603891,,19e96b3b-b8a7-4312-9195-5dcf27d99dde,,5506,Javier Alejandro Mascherano,5,Left Center Back,62.1,34.0,,,,,,,,,,,,,,,,,,,,,,,,,,,,,,,,,,,,,,,33dbc3c9-7a33-4eb2-b34a-ffb1d2c661df,,67.6,38.9,,,,,,,,,,,,,,,,,,,,,,,,,,,,,,,,,,,,,,,,,,,,,,,,,,,,,,,,,,,,,,,,,,,,,,,,,,,,,,,,,,,,,,,,,,,,,,,,,,,,,,,,,,,,,
19e96b3b-b8a7-4312-9195-5dcf27d99dde,2326,2,00:09:11.711,54,11,30,Pass,126,217,Barcelona,3,From Free Kick,217,Barcelona,1.6507,,acd2bedd-5763-41c6-9fe3-bacd302eb8dc,,5506,Javier Alejandro Mascherano,5,Left Center Back,67.6,38.9,,,,,,,,,,,,,,,,,,,,,,,,,,5470.0,Ivan Rakitić,22.23016,1.0890421,1.0,Ground Pass,77.9,58.6,,,,40.0,Right Foot,,,,,,,,,,,,,,,,,,,,,,,,,,,,,,,,,,,,,,,,,,,,,,,,,,,,,,,,,,,,,,,,,,,,,,,,,,,,,,,,,,,,,,,,,,,,,,,,,,,,,,,,,,,,,,,,,
acd2bedd-5763-41c6-9fe3-bacd302eb8dc,2327,2,00:09:13.362,54,13,42,Ball Receipt*,126,217,Barcelona,3,From Free Kick,217,Barcelona,,,19e96b3b-b8a7-4312-9195-5dcf27d99dde,,5470,Ivan Rakitić,9,Right Defensive Midfield,77.9,58.6,,,,,,,,,,,,,,,,,,,,,,,,,,,,,,,,,,,,,,,,,,,,,,,,,,,,,,,,,,,,,,,,,,,,,,,,,,,,,,,,,,,,,,,,,,,,,,,,,,,,,,,,,,,,,,,,,,,,,,,,,,,,,,,,,,,,,,,,,,,,,,,,,,,,,,,
1f93850f-6ec3-4df0-a8f2-bca205771953,2328,2,00:09:13.362,54,13,43,Carry,126,217,Barcelona,3,From Free Kick,217,Barcelona,1.191968,,6bbc366a-cdce-41c1-ad68-b8d663e92a0b,,5470,Ivan Rakitić,9,Right Defensive Midfield,77.9,58.6,,True,,,,,,,,,,,,,,,,,,,,,,,,,,,,,,,,,,,,,acd2bedd-5763-41c6-9fe3-bacd302eb8dc,c8e3d418-a90d-4689-b900-e38391c62d95,79.4,59.3,,,,,,,,,,,,,,,,,,,,,,,,,,,,,,,,,,,,,,,,,,,,,,,,,,,,,,,,,,,,,,,,,,,,,,,,,,,,,,,,,,,,,,,,,,,,,,,,,,,,,,,,,,,,,
c8e3d418-a90d-4689-b900-e38391c62d95,2329,2,00:09:13.846,54,13,17,Pressure,126,217,Barcelona,3,From Free Kick,221,Levante UD,0.722025,,1f93850f-6ec3-4df0-a8f2-bca205771953,,5678,Jefferson Andrés Lerma Solís,15,Left Center Midfield,32.8,24.6,,,,,,,,,,,,,,,,,,,,,,,,,,,,,,,,,,,,,,,6bbc366a-cdce-41c1-ad68-b8d663e92a0b,,,,,,,,,,,,,,,,,,,,,,,,,,,,,,,,,,,,,,,,,,,,,,,,,,,,,,,,,,,,,,,,,,,,,,,,,,,,,,,,,,,,,,,,,,,,,,,,,,,,,,,,,,,,,,,,
6bbc366a-cdce-41c1-ad68-b8d663e92a0b,2330,2,00:09:14.553,54,14,30,Pass,126,217,Barcelona,3,From Free Kick,217,Barcelona,2.726148,,2893aa42-59c8-4738-9e07-112378097846,,5470,Ivan Rakitić,9,Right Defensive Midfield,79.4,59.3,,True,,,,,,,,,,,,,,,,,,,,,,,,22102.0,Adriano Correia Claro,56.419945,-1.5973858,3.0,High Pass,77.9,2.9,,,,40.0,Right Foot,c8e3d418-a90d-4689-b900-e38391c62d95,,,,,,,,True,,,,,,,,,,,,,,,,,,,,,,,,,,,,,,,,,,,,,,,,,,,,,,,,,,,,,,,,,,,,,,,,,,,,,,,,,,,,,,,,,,,,,,,,,,,,,,,,,,,,,,,,
2893aa42-59c8-4738-9e07-112378097846,2331,2,00:09:17.280,54,17,42,Ball Receipt*,126,217,Barcelona,3,From Free Kick,217,Barcelona,,,6bbc366a-cdce-41c1-ad68-b8d663e92a0b,,22102,Adriano Correia Claro,6,Left Back,77.9,2.9,,,,,,,,,,,,,,,,,,,,,,,,,,,,,,,,,,,,,,,,,,,,,,,,,,,,,,,,,,,,,,,,,,,,,,,,,,,,,,,,,,,,,,,,,,,,,,,,,,,,,,,,,,,,,,,,,,,,,,,,,,,,,,,,,,,,,,,,,,,,,,,,,,,,,,,
35abff18-7446-4c9e-b37f-c12565774093,2332,2,00:09:17.280,54,17,43,Carry,126,217,Barcelona,3,From Free Kick,217,Barcelona,2.697969,,2893aa42-59c8-4738-9e07-112378097846,,22102,Adriano Correia Claro,6,Left Back,77.9,2.9,,,,,,,,,,,,,,,,,,,,,,,,,,,,,,,,,,,,,,,355ca89a-7529-4c63-88f6-984a6ed57cd9,,68.6,7.3,,,,,,,,,,,,,,,,,,,,,,,,,,,,,,,,,,,,,,,,,,,,,,,,,,,,,,,,,,,,,,,,,,,,,,,,,,,,,,,,,,,,,,,,,,,,,,,,,,,,,,,,,,,,,
355ca89a-7529-4c63-88f6-984a6ed57cd9,2333,2,00:09:19.978,54,19,30,Pass,126,217,Barcelona,3,From Free Kick,217,Barcelona,1.665534,,eaaf31e9-7ff1-4c61-8b76-4bd5d1194afe,,22102,Adriano Correia Claro,6,Left Back,68.6,7.3,,,,,,,,,,,,,,,,,,,,,,,,,,5506.0,Javier Alejandro Mascherano,23.774145,2.1797993,1.0,Ground Pass,55.0,26.8,,,,40.0,Right Foot,,,,,,,,,,,,,,,,,,,,,,,,,,,,,,,,,,,,,,,,,,,,,,,,,,,,,,,,,,,,,,,,,,,,,,,,,,,,,,,,,,,,,,,,,,,,,,,,,,,,,,,,,,,,,,,,,
eaaf31e9-7ff1-4c61-8b76-4bd5d1194afe,2334,2,00:09:21.643,54,21,42,Ball Receipt*,126,217,Barcelona,3,From Free Kick,217,Barcelona,,,355ca89a-7529-4c63-88f6-984a6ed57cd9,,5506,Javier Alejandro Mascherano,5,Left Center Back,55.0,26.8,,,,,,,,,,,,,,,,,,,,,,,,,,,,,,,,,,,,,,,,,,,,,,,,,,,,,,,,,,,,,,,,,,,,,,,,,,,,,,,,,,,,,,,,,,,,,,,,,,,,,,,,,,,,,,,,,,,,,,,,,,,,,,,,,,,,,,,,,,,,,,,,,,,,,,,
ef875f31-742b-4def-822d-7054412a7de3,2335,2,00:09:21.643,54,21,43,Carry,126,217,Barcelona,3,From Free Kick,217,Barcelona,3.184897,,e048dba2-d598-497f-b7b2-ba625f8108eb,,5506,Javier Alejandro Mascherano,5,Left Center Back,55.0,26.8,,,,,,,,,,,,,,,,,,,,,,,,,,,,,,,,,,,,,,,eaaf31e9-7ff1-4c61-8b76-4bd5d1194afe,,61.5,35.7,,,,,,,,,,,,,,,,,,,,,,,,,,,,,,,,,,,,,,,,,,,,,,,,,,,,,,,,,,,,,,,,,,,,,,,,,,,,,,,,,,,,,,,,,,,,,,,,,,,,,,,,,,,,,
e048dba2-d598-497f-b7b2-ba625f8108eb,2336,2,00:09:24.828,54,24,30,Pass,126,217,Barcelona,3,From Free Kick,217,Barcelona,1.603053,,171665b2-91e7-4d95-b850-e4df7b89af89,,5506,Javier Alejandro Mascherano,5,Left Center Back,61.5,35.7,,,,,,,,,,,,,,,,,,,,,,,,,,5470.0,Ivan Rakitić,29.934093,1.3071812,1.0,Ground Pass,69.3,64.6,,,,40.0,Right Foot,,,,,,,,,,,,,,,,,,,,,,,,,,,,,,,,,,,,,,,,,,,,,,,,,,,,,,,,,,,,,,,,,,,,,,,,,,,,,,,,,,,,,,,,,,,,,,,,,,,,,,,,,,,,,,,,,
171665b2-91e7-4d95-b850-e4df7b89af89,2337,2,00:09:26.431,54,26,42,Ball Receipt*,126,217,Barcelona,3,From Free Kick,217,Barcelona,,,e048dba2-d598-497f-b7b2-ba625f8108eb,,5470,Ivan Rakitić,9,Right Defensive Midfield,69.3,64.6,,,,,,,,,,,,,,,,,,,,,,,,,,,,,,,,,,,,,,,,,,,,,,,,,,,,,,,,,,,,,,,,,,,,,,,,,,,,,,,,,,,,,,,,,,,,,,,,,,,,,,,,,,,,,,,,,,,,,,,,,,,,,,,,,,,,,,,,,,,,,,,,,,,,,,,
0bcce541-5da7-4b53-b31f-ada9a8a300d5,2338,2,00:09:26.431,54,26,43,Carry,126,217,Barcelona,3,From Free Kick,217,Barcelona,0.992216,,171665b2-91e7-4d95-b850-e4df7b89af89,,5470,Ivan Rakitić,9,Right Defensive Midfield,69.3,64.6,,,,,,,,,,,,,,,,,,,,,,,,,,,,,,,,,,,,,,,499c4fb1-dbc7-4dad-9587-79a98ece0f7c,,70.3,68.7,,,,,,,,,,,,,,,,,,,,,,,,,,,,,,,,,,,,,,,,,,,,,,,,,,,,,,,,,,,,,,,,,,,,,,,,,,,,,,,,,,,,,,,,,,,,,,,,,,,,,,,,,,,,,
499c4fb1-dbc7-4dad-9587-79a98ece0f7c,2339,2,00:09:27.423,54,27,30,Pass,126,217,Barcelona,3,From Free Kick,217,Barcelona,3.047111,,85df0bcb-4ac3-466b-a3b5-419e3900abf5,,5470,Ivan Rakitić,9,Right Defensive Midfield,70.3,68.7,,,,,,,,,,,,,,,,,,,,,,,,,,4324.0,Daniel Alves da Silva,16.4639,0.5425028,1.0,Ground Pass,84.4,77.2,,,,40.0,Right Foot,,,,,,,,,,,,,,,,,,,,,,,,,,,,,,,,,,,,,,,,,,,,,,,,,,,,,,,,,,,,,,,,,,,,,,,,,,,,,,,,,,,,,,,,,,,,,,,,,,,,,,,,,,,,,,,,,
9a38f019-6b66-4c6d-924e-472df82aba6d,2340,2,00:09:28.324,54,28,17,Pressure,126,217,Barcelona,3,From Free Kick,221,Levante UD,0.859069,,,,6784,Antonio García Aranda,8,Left Wing Back,28.4,7.2,,,,,,,,,,,,,,,,,,,,,,,,,,,,,,,,,,,,,,,,,,,,,,,,,,,,,,,,,,,,,,,,,,,,,,,,,,,,,,,,,,,,,,,,,,,,,,,,,,,,,,,,,,,,,,,,,,,,,,,,,,,,,,,,,,,,,,,,,,,,,,,,,,,,,,,
85df0bcb-4ac3-466b-a3b5-419e3900abf5,2341,2,00:09:30.470,54,30,42,Ball Receipt*,126,217,Barcelona,3,From Free Kick,217,Barcelona,,,499c4fb1-dbc7-4dad-9587-79a98ece0f7c,,4324,Daniel Alves da Silva,2,Right Back,84.4,77.2,,,,,,,,,,,,,,,,,,,,,,,,,,,,,,,,,,,,,,,,,,,,,,,,,,,,,,,,,,,,,,,,,,,,,,,,,,,,,,,,,,,,,,,,,,,,,,,,,,,,,,,,,,,,,,,,,,,,,,,,,,,,,,,,,,,,,,,,,,,,,,,,,,,,,,,
2bb887e7-e789-4f7a-8105-978d2098048e,2342,2,00:09:30.470,54,30,43,Carry,126,217,Barcelona,3,From Free Kick,217,Barcelona,0.225489,,713ed199-d082-483e-9af8-5c205c47d93e,,4324,Daniel Alves da Silva,2,Right Back,84.4,77.2,,,,,,,,,,,,,,,,,,,,,,,,,,,,,,,,,,,,,,,85df0bcb-4ac3-466b-a3b5-419e3900abf5,,88.3,76.7,,,,,,,,,,,,,,,,,,,,,,,,,,,,,,,,,,,,,,,,,,,,,,,,,,,,,,,,,,,,,,,,,,,,,,,,,,,,,,,,,,,,,,,,,,,,,,,,,,,,,,,,,,,,,
713ed199-d082-483e-9af8-5c205c47d93e,2343,2,00:09:30.696,54,30,30,Pass,126,217,Barcelona,3,From Free Kick,217,Barcelona,0.974602,,90111cda-ddd7-4866-b25c-ce3578cfa138,,4324,Daniel Alves da Silva,2,Right Back,88.3,76.7,,,,,,,,,,,,,,,,,,,,,,,,,,6616.0,Munir El Haddadi Mohamed,17.318487,-1.0709888,1.0,Ground Pass,96.6,61.5,,,,40.0,Right Foot,,,,,,,,,,,,,,,,,,,,,,,,,,,,,,,,,,,,,,,,,,,,,,,,,,,,,,,,,,,,,,,,,,,,,,,,,,,,,,,,,,,,,,,,,,,,,,,,,,,,,,,,,,,,,,,,,
ab86a06c-aaec-45a7-be48-1ae0a0109bc9,2344,2,00:09:31.301,54,31,17,Pressure,126,217,Barcelona,3,From Free Kick,221,Levante UD,0.536462,,90111cda-ddd7-4866-b25c-ce3578cfa138,,26023,Juan Francisco García García,5,Left Center Back,19.0,19.5,,,,,,,,,,,,,,,,,,,,,,,,,,,,,,,,,,,,,,,cb0751ae-cbf3-4108-805f-9ee88a68e5c1,,,,,,,,,,,,,,,,,,,,,,,,,,,,,,,,,,,,,,,,,,,,,,,,,,,,,,,,,,,,,,,,,,,,,,,,,,,,,,,,,,,,,,,,,,,,,,,,,,,,,,,,,,,,,,,,
90111cda-ddd7-4866-b25c-ce3578cfa138,2345,2,00:09:31.671,54,31,42,Ball Receipt*,126,217,Barcelona,3,From Free Kick,217,Barcelona,,,713ed199-d082-483e-9af8-5c205c47d93e,,6616,Munir El Haddadi Mohamed,17,Right Wing,96.6,61.5,,True,,,,,,,,,,,,,,,,,,,,,,,,,,,,,,,,,,,,,ab86a06c-aaec-45a7-be48-1ae0a0109bc9,,,,,,,,,,,,,,,,,,,,,,,,,,,,,,,,,,,,,,,,,,,,,,,,,,,,,,,,,,,,,,,,,,,,,,,,,,,,,,,,,,,,,,,,,,,,,,,,,,,,,,,,,,,,,,,,
cb0751ae-cbf3-4108-805f-9ee88a68e5c1,2346,2,00:09:31.671,54,31,43,Carry,126,217,Barcelona,3,From Free Kick,217,Barcelona,0.718098,,050ca956-4280-4510-894f-9faac00e4cc9,,6616,Munir El Haddadi Mohamed,17,Right Wing,96.6,61.5,,True,,,,,,,,,,,,,,,,,,,,,,,,,,,,,,,,,,,,,1b6aae1a-f30f-4ce4-83f9-695e7904fc51,90111cda-ddd7-4866-b25c-ce3578cfa138,94.3,59.9,,,,,,,,,,,,,,,,,,,,,ab86a06c-aaec-45a7-be48-1ae0a0109bc9,,,,,,,,,,,,,,,,,,,,,,,,,,,,,,,,,,,,,,,,,,,,,,,,,,,,,,,,,,,,,,,,,,,,,,,,,,,,,,,,,,,,,,,,
050ca956-4280-4510-894f-9faac00e4cc9,2347,2,00:09:32.301,54,32,17,Pressure,126,217,Barcelona,3,From Free Kick,221,Levante UD,0.371432,,1b6aae1a-f30f-4ce4-83f9-695e7904fc51,,5678,Jefferson Andrés Lerma Solís,15,Left Center Midfield,27.9,17.8,,,,,,,,,,,,,,,,,,,,,,,,,,,,,,,,,,,,,,,cb0751ae-cbf3-4108-805f-9ee88a68e5c1,,,,,,,,,,,,,,,,,,,,,,,,,,,,,,,,,,,,,,,,,,,,,,,,,,,,,,,,,,,,,,,,,,,,,,,,,,,,,,,,,,,,,,,,,,,,,,,,,,,,,,,,,,,,,,,,
1b6aae1a-f30f-4ce4-83f9-695e7904fc51,2348,2,00:09:32.389,54,32,30,Pass,126,217,Barcelona,3,From Free Kick,217,Barcelona,1.386785,,050ca956-4280-4510-894f-9faac00e4cc9,,6616,Munir El Haddadi Mohamed,17,Right Wing,94.3,59.9,,True,,,,,,,,,,,,,,,,,,,,,,,,5470.0,Ivan Rakitić,14.520675,2.507733,1.0,Ground Pass,82.6,68.5,,,,38.0,Left Foot,a963d681-d44a-420d-a8d2-abe6eec751c9,,,,,,,,,,,,,,,,,,,,,,,,,,,,,,,,,,,,,,,,,,,,,,,,,,,,,,,,,,,,,,,,,,,,,,,,,,,,,,,,,,,,,,,,,,,,,,,,,,,,,,,,,,,,,,,,
a963d681-d44a-420d-a8d2-abe6eec751c9,2349,2,00:09:33.775,54,33,42,Ball Receipt*,126,217,Barcelona,3,From Free Kick,217,Barcelona,,,1b6aae1a-f30f-4ce4-83f9-695e7904fc51,,5470,Ivan Rakitić,9,Right Defensive Midfield,82.6,68.5,,,,,,,,,,,,,,,,,,,,,,,,,,,,,,,,,,,,,,,,,,,,,,,,,,,,,,,,,,,,,,,,,,,,,,,,,,,,,,,,,,,,,,,,,,,,,,,,,,,,,,,,,,,,,,,,,,,,,,,,,,,,,,,,,,,,,,,,,,,,,,,,,,,,,,,
dca75cb0-a996-464a-a46d-6d313f4ecfe0,2350,2,00:09:33.775,54,33,43,Carry,126,217,Barcelona,3,From Free Kick,217,Barcelona,2.044515,,a963d681-d44a-420d-a8d2-abe6eec751c9,,5470,Ivan Rakitić,9,Right Defensive Midfield,82.6,68.5,,,,,,,,,,,,,,,,,,,,,,,,,,,,,,,,,,,,,,,fde837d8-99ba-496f-8d76-8c710c9f9be3,,87.4,67.6,,,,,,,,,,,,,,,,,,,,,,,,,,,,,,,,,,,,,,,,,,,,,,,,,,,,,,,,,,,,,,,,,,,,,,,,,,,,,,,,,,,,,,,,,,,,,,,,,,,,,,,,,,,,,
fde837d8-99ba-496f-8d76-8c710c9f9be3,2351,2,00:09:35.820,54,35,30,Pass,126,217,Barcelona,3,From Free Kick,217,Barcelona,0.716721,,b052d7be-8074-4f8e-8729-4c6029c67172,,5470,Ivan Rakitić,9,Right Defensive Midfield,87.4,67.6,,,,,,,,,,,,,,,,,,,,,,,,,,4324.0,Daniel Alves da Silva,8.321658,0.99945885,1.0,Ground Pass,91.9,74.6,,,,38.0,Left Foot,,,,,,,,,,,,,,,,,,,,,,,,,,,,,,,,,,,,,,,,,,,,,,,,,,,,,,,,,,,,,,,,,,,,,,,,,,,,,,,,,,,,,,,,,,,,,,,,,,,,,,,,,,,,,,,,,
52a66b9b-36ce-42e8-8cd0-b9f36f28e802,2352,2,00:09:36.282,54,36,17,Pressure,126,217,Barcelona,3,From Free Kick,221,Levante UD,1.013761,,5fd570af-62d2-4a57-9eee-bb506a644a76,,6784,Antonio García Aranda,8,Left Wing Back,23.5,8.5,,,,,,,,,,,,,,,,,,,,,,,,,,,,,,,,,,,,,,,80e9b4e4-7193-4143-b1ff-347f92198a55,b052d7be-8074-4f8e-8729-4c6029c67172,,,,,,,,,,,,,,,,,,,,,,,,,,,,,,,,,,,,,,,,,,,,,,,,,,,,,,,,,,,,,,,,,,,,,,,,,,,,,,,,,,,,,,,,,,,,,,,,,,,,,,,,,,,,,,,
b052d7be-8074-4f8e-8729-4c6029c67172,2353,2,00:09:36.537,54,36,42,Ball Receipt*,126,217,Barcelona,3,From Free Kick,217,Barcelona,,,52a66b9b-36ce-42e8-8cd0-b9f36f28e802,,4324,Daniel Alves da Silva,2,Right Back,91.9,74.6,,True,,,,,,,,,,,,,,,,,,,,,,,,,,,,,,,,,,,,,fde837d8-99ba-496f-8d76-8c710c9f9be3,,,,,,,,,,,,,,,,,,,,,,,,,,,,,,,,,,,,,,,,,,,,,,,,,,,,,,,,,,,,,,,,,,,,,,,,,,,,,,,,,,,,,,,,,,,,,,,,,,,,,,,,,,,,,,,,
5fd570af-62d2-4a57-9eee-bb506a644a76,2354,2,00:09:36.537,54,36,43,Carry,126,217,Barcelona,3,From Free Kick,217,Barcelona,0.730879,,52a66b9b-36ce-42e8-8cd0-b9f36f28e802,,4324,Daniel Alves da Silva,2,Right Back,91.9,74.6,,True,,,,,,,,,,,,,,,,,,,,,,,,,,,,,,,,,,,,,80e9b4e4-7193-4143-b1ff-347f92198a55,b052d7be-8074-4f8e-8729-4c6029c67172,90.8,75.8,,,,,,,,,,,,,,,,,,,,,,,,,,,,,,,,,,,,,,,,,,,,,,,,,,,,,,,,,,,,,,,,,,,,,,,,,,,,,,,,,,,,,,,,,,,,,,,,,,,,,,,,,,,,,
80e9b4e4-7193-4143-b1ff-347f92198a55,2355,2,00:09:37.268,54,37,30,Pass,126,217,Barcelona,3,From Free Kick,217,Barcelona,0.874344,,3583e4de-089e-47e1-927f-9ade997ff413,,4324,Daniel Alves da Silva,2,Right Back,90.8,75.8,,True,,,,,,,,,,,,,,,,,,,,,,,,6616.0,Munir El Haddadi Mohamed,14.392359,-1.1786776,1.0,Ground Pass,96.3,62.5,,,,38.0,Left Foot,52a66b9b-36ce-42e8-8cd0-b9f36f28e802,,,,,,,,,,,,,,,,,,,,,,,,,,,,,,,,,,,,,,,,,,,,,,,,,,,,,,,,,,,,,,,,,,,,,,,,,,,,,,,,,,,,,,,,,,,,,,,,,,,,,,,,,,,,,,,,
3311550c-8b12-42fb-aeac-1481f8720c66,2356,2,00:09:37.881,54,37,17,Pressure,126,217,Barcelona,3,From Free Kick,221,Levante UD,0.328836,,3583e4de-089e-47e1-927f-9ade997ff413,,26023,Juan Francisco García García,5,Left Center Back,21.7,17.1,,,,,,,,,,,,,,,,,,,,,,,,,,,,,,,,,,,,,,,39db5b32-77e7-451d-b9b4-8a3b09bc6b82,,,,,,,,,,,,,,,,,,,,,,,,,,,,,,,,,,,,,,,,,,,,,,,,,,,,,,,,,,,,,,,,,,,,,,,,,,,,,,,,,,,,,,,,,,,,,,,,,,,,,,,,,,,,,,,,
3583e4de-089e-47e1-927f-9ade997ff413,2357,2,00:09:38.142,54,38,42,Ball Receipt*,126,217,Barcelona,3,From Free Kick,217,Barcelona,,,3311550c-8b12-42fb-aeac-1481f8720c66,,6616,Munir El Haddadi Mohamed,17,Right Wing,96.3,62.5,,True,,,,,,,,,,,,,,,,,,,,,,,,,,,,,,,,,,,,,80e9b4e4-7193-4143-b1ff-347f92198a55,,,,,,,,,,,,,,,,,,,,,,,,,,,,,,,,,,,,,,,,,,,,,,,,,,,,,,,,,,,,,,,,,,,,,,,,,,,,,,,,,,,,,,,,,,,,,,,,,,,,,,,,,,,,,,,,
39db5b32-77e7-451d-b9b4-8a3b09bc6b82,2358,2,00:09:38.142,54,38,43,Carry,126,217,Barcelona,3,From Free Kick,217,Barcelona,2.464056,,26cec673-772b-419d-8d88-c3d8b8c1cc79,,6616,Munir El Haddadi Mohamed,17,Right Wing,96.3,62.5,,True,,,,,,,,,,,,,,,,,,,,,,,,,,,,,,,,,,,,,2bbab722-4efb-456f-bffd-f432a0ffcf51,3311550c-8b12-42fb-aeac-1481f8720c66,88.4,54.3,,,,,,,,,,,,,,,,,,,,,3583e4de-089e-47e1-927f-9ade997ff413,,,,,,,,,,,,,,,,,,,,,,,,,,,,,,,,,,,,,,,,,,,,,,,,,,,,,,,,,,,,,,,,,,,,,,,,,,,,,,,,,,,,,,,,
2bbab722-4efb-456f-bffd-f432a0ffcf51,2359,2,00:09:38.891,54,38,17,Pressure,126,217,Barcelona,3,From Free Kick,221,Levante UD,1.70697,,39db5b32-77e7-451d-b9b4-8a3b09bc6b82,,6647,Zouhair Feddal,4,Center Back,22.6,21.2,,,,,,,,,,,,,,,,,,,,,,,,,,,,,,,,,,,,,,,,,,,,,,,,,,,,,,,,,,,,,,,,,,,,,,,,,,,,,,,,,,,,,,,,,,,,,,,,,,,,,,,,,,,,,,,,,,,,,,,,,,,,,,,,,,,,,,,,,,,,,,,,,,,,,,,
26cec673-772b-419d-8d88-c3d8b8c1cc79,2360,2,00:09:40.606,54,40,30,Pass,126,217,Barcelona,3,From Free Kick,217,Barcelona,1.290407,,f6a0fa22-b11d-433d-b765-c4e8a5338dc9,,6616,Munir El Haddadi Mohamed,17,Right Wing,88.4,54.3,,,,,,,,,,,,,,,,,,,,,,,,,,7068.0,Marc Bartra Aregall,14.080128,-3.034857,1.0,Ground Pass,74.4,52.8,,,,40.0,Right Foot,,,,,,,,,,,,,,,,,,,,,,,,,,,,,,,,,,,,,,,,,,,,,,,,,,,,,,,,,,,,,,,,,,,,,,,,,,,,,,,,,,,,,,,,,,,,,,,,,,,,,,,,,,,,,,,,,
f6a0fa22-b11d-433d-b765-c4e8a5338dc9,2361,2,00:09:41.896,54,41,42,Ball Receipt*,126,217,Barcelona,3,From Free Kick,217,Barcelona,,,26cec673-772b-419d-8d88-c3d8b8c1cc79,,7068,Marc Bartra Aregall,3,Right Center Back,74.4,52.8,,,,,,,,,,,,,,,,,,,,,,,,,,,,,,,,,,,,,,,,,,,,,,,,,,,,,,,,,,,,,,,,,,,,,,,,,,,,,,,,,,,,,,,,,,,,,,,,,,,,,,,,,,,,,,,,,,,,,,,,,,,,,,,,,,,,,,,,,,,,,,,,,,,,,,,
9894bc28-5ba7-4195-8a7e-f5eaa5db5b87,2362,2,00:09:41.896,54,41,43,Carry,126,217,Barcelona,3,From Free Kick,217,Barcelona,1.044756,,0d8f938d-d169-44d7-8057-75a7475bd9a3,,7068,Marc Bartra Aregall,3,Right Center Back,74.4,52.8,,,,,,,,,,,,,,,,,,,,,,,,,,,,,,,,,,,,,,,f6a0fa22-b11d-433d-b765-c4e8a5338dc9,,75.0,50.0,,,,,,,,,,,,,,,,,,,,,,,,,,,,,,,,,,,,,,,,,,,,,,,,,,,,,,,,,,,,,,,,,,,,,,,,,,,,,,,,,,,,,,,,,,,,,,,,,,,,,,,,,,,,,
0d8f938d-d169-44d7-8057-75a7475bd9a3,2363,2,00:09:42.941,54,42,30,Pass,126,217,Barcelona,3,From Free Kick,217,Barcelona,2.039482,,7e7ddd0c-fb98-4c1a-9868-44c578aed731,,7068,Marc Bartra Aregall,3,Right Center Back,75.0,50.0,,,,,,,,,,,,,,,,,,,,,,,,,,22102.0,Adriano Correia Claro,48.914722,-1.2005402,3.0,High Pass,92.7,4.4,,,,40.0,Right Foot,,,,,,,,,True,,,,,,,,,,,,,,,,,,,,,,,,,,,,,,,,,,,,,,,,,,,,,,,,,,,,,,,,,,,,,,,,,,,,,,,,,,,,,,,,,,,,,,,,,,,,,,,,,,,,,,,,
7e7ddd0c-fb98-4c1a-9868-44c578aed731,2364,2,00:09:44.981,54,44,42,Ball Receipt*,126,217,Barcelona,3,From Free Kick,217,Barcelona,,,0d8f938d-d169-44d7-8057-75a7475bd9a3,,22102,Adriano Correia Claro,6,Left Back,92.7,4.4,,,,,,,,,,,,,,,,,,,,,,,,,,,,,,,,,,,,,,,,,,,,,,,,,,,,,,,,,,,,,,,,,,,,,,,,,,,,,,,,,,,,,,,,,,,,,,,,,,,,,,,,,,,,,,,,,,,,,,,,,,,,,,,,,,,,,,,,,,,,,,,,,,,,,,,
d7075503-e057-4caa-bff5-bd8b3e74c371,2365,2,00:09:44.981,54,44,43,Carry,126,217,Barcelona,3,From Free Kick,217,Barcelona,4.81126,,7bac3114-bc07-4058-9677-3d921c2f4a3d,,22102,Adriano Correia Claro,6,Left Back,92.7,4.4,,,,,,,,,,,,,,,,,,,,,,,,,,,,,,,,,,,,,,,7e7ddd0c-fb98-4c1a-9868-44c578aed731,,92.5,19.5,,,,,,,,,,,,,,,,,,,,,,,,,,,,,,,,,,,,,,,,,,,,,,,,,,,,,,,,,,,,,,,,,,,,,,,,,,,,,,,,,,,,,,,,,,,,,,,,,,,,,,,,,,,,,
7bac3114-bc07-4058-9677-3d921c2f4a3d,2366,2,00:09:49.792,54,49,30,Pass,126,217,Barcelona,3,From Free Kick,217,Barcelona,0.921809,,ba21e0d7-665f-4288-86fd-7541534e7914,,22102,Adriano Correia Claro,6,Left Back,92.5,19.5,,,,,,,,,,,,,,,,,,,,,,,,,,5503.0,Lionel Andrés Messi Cuccittini,14.169333,1.4718299,1.0,Ground Pass,93.9,33.6,,,,40.0,Right Foot,,,,,,,,,,,,,,,,,,,,,,,,,,,,,,,,,,,,,,,,,,,,,,,,,,,,,,,,,,,,,,,,,,,,,,,,,,,,,,,,,,,,,,,,,,,,,,,,,,,,,,,,,,,,,,,,,
75215a38-70cf-4c71-a4de-797141f0fb10,2367,2,00:09:50.382,54,50,17,Pressure,126,217,Barcelona,3,From Free Kick,221,Levante UD,1.358093,,5f0a25eb-0a63-4f14-9631-03c2aeae07ff,,5678,Jefferson Andrés Lerma Solís,15,Left Center Midfield,25.3,43.4,,,,,,,,,,,,,,,,,,,,,,,,,,,,,,,,,,,,,,,ba21e0d7-665f-4288-86fd-7541534e7914,,,,,,,,,,,,,,,,,,,,,,,,,,,,,,,,,,,,,,,,,,,,,,,,,,,,,,,,,,,,,,,,,,,,,,,,,,,,,,,,,,,,,,,,,,,,,,,,,,,,,,,,,,,,,,,,
ba21e0d7-665f-4288-86fd-7541534e7914,2368,2,00:09:50.714,54,50,42,Ball Receipt*,126,217,Barcelona,3,From Free Kick,217,Barcelona,,,75215a38-70cf-4c71-a4de-797141f0fb10,,5503,Lionel Andrés Messi Cuccittini,19,Center Attacking Midfield,93.9,33.6,,True,,,,,,,,,,,,,,,,,,,,,,,,,,,,,,,,,,,,,7bac3114-bc07-4058-9677-3d921c2f4a3d,,,,,,,,,,,,,,,,,,,,,,,,,,,,,,,,,,,,,,,,,,,,,,,,,,,,,,,,,,,,,,,,,,,,,,,,,,,,,,,,,,,,,,,,,,,,,,,,,,,,,,,,,,,,,,,,
5f0a25eb-0a63-4f14-9631-03c2aeae07ff,2369,2,00:09:50.714,54,50,43,Carry,126,217,Barcelona,3,From Free Kick,217,Barcelona,1.287941,,75215a38-70cf-4c71-a4de-797141f0fb10,,5503,Lionel Andrés Messi Cuccittini,19,Center Attacking Midfield,93.9,33.6,,True,,,,,,,,,,,,,,,,,,,,,,,,,,,,,,,,,,,,,ba21e0d7-665f-4288-86fd-7541534e7914,d270d386-db42-4318-b9d6-3b0bb9a87775,90.8,30.2,,,,,,,,,,,,,,,,,,,,,,,,,,,,,,,,,,,,,,,,,,,,,,,,,,,,,,,,,,,,,,,,,,,,,,,,,,,,,,,,,,,,,,,,,,,,,,,,,,,,,,,,,,,,,
d270d386-db42-4318-b9d6-3b0bb9a87775,2370,2,00:09:52.002,54,52,30,Pass,126,217,Barcelona,3,From Free Kick,217,Barcelona,0.812886,,88773666-c105-4e66-873c-02bcfbc02706,,5503,Lionel Andrés Messi Cuccittini,19,Center Attacking Midfield,90.8,30.2,,,,,,,,,,,,,,,,,,,,,,,,,,5203.0,Sergio Busquets i Burgos,12.39758,-2.804537,1.0,Ground Pass,79.1,26.1,,,,38.0,Left Foot,,,,,,,,,,,,,,,,,,,,,,,,,,,,,,,,,,,,,,,,,,,,,,,,,,,,,,,,,,,,,,,,,,,,,,,,,,,,,,,,,,,,,,,,,,,,,,,,,,,,,,,,,,,,,,,,,
27d7ce74-8775-4836-a2b3-a3c44b930c11,2371,2,00:09:52.224,54,52,17,Pressure,126,217,Barcelona,3,From Free Kick,221,Levante UD,0.706994,,6a6e5fbe-50cb-4996-9bf4-65e4015ab2d3,,6684,Roger Martí Salvador,24,Left Center Forward,35.4,53.1,,,,,,,,,,,,,,,,,,,,,,,,,,,,,,,,,,,,,,,88773666-c105-4e66-873c-02bcfbc02706,f460cdc8-f228-4e96-86c4-d4b31ba5688c,,,,,,,,,,,,,,,,,,,,,,,,,,,,,,,,,,,,,,,,,,,,,,,,,,,,,,,,,,,,,,,,,,,,,,,,,,,,,,,,,,,,,,,,,,,,,,,,,,,,,,,,,,,,,,,
88773666-c105-4e66-873c-02bcfbc02706,2372,2,00:09:52.814,54,52,42,Ball Receipt*,126,217,Barcelona,3,From Free Kick,217,Barcelona,,,27d7ce74-8775-4836-a2b3-a3c44b930c11,,5203,Sergio Busquets i Burgos,11,Left Defensive Midfield,79.1,26.1,,True,,,,,,,,,,,,,,,,,,,,,,,,,,,,,,,,,,,,,d270d386-db42-4318-b9d6-3b0bb9a87775,,,,,,,,,,,,,,,,,,,,,,,,,,,,,,,,,,,,,,,,,,,,,,,,,,,,,,,,,,,,,,,,,,,,,,,,,,,,,,,,,,,,,,,,,,,,,,,,,,,,,,,,,,,,,,,,
f460cdc8-f228-4e96-86c4-d4b31ba5688c,2373,2,00:09:52.814,54,52,43,Carry,126,217,Barcelona,3,From Free Kick,217,Barcelona,0.039959,,27d7ce74-8775-4836-a2b3-a3c44b930c11,,5203,Sergio Busquets i Burgos,11,Left Defensive Midfield,79.1,26.1,,True,,,,,,,,,,,,,,,,,,,,,,,,,,,,,,,,,,,,,6a6e5fbe-50cb-4996-9bf4-65e4015ab2d3,88773666-c105-4e66-873c-02bcfbc02706,79.4,26.0,,,,,,,,,,,,,,,,,,,,,,,,,,,,,,,,,,,,,,,,,,,,,,,,,,,,,,,,,,,,,,,,,,,,,,,,,,,,,,,,,,,,,,,,,,,,,,,,,,,,,,,,,,,,,
6a6e5fbe-50cb-4996-9bf4-65e4015ab2d3,2374,2,00:09:52.854,54,52,30,Pass,126,217,Barcelona,3,From Free Kick,217,Barcelona,0.994893,,27d7ce74-8775-4836-a2b3-a3c44b930c11,,5203,Sergio Busquets i Burgos,11,Left Defensive Midfield,79.4,26.0,,True,,,,,,,,,,,,,,,,,,,,,,,,5470.0,Ivan Rakitić,25.593163,1.3741671,1.0,Ground Pass,84.4,51.1,,,,38.0,Left Foot,8c2a7ef4-5529-4100-8e16-d668cbe8b400,,,,,,,,,,,,,,,,,,,,,,,,,,,,,,,,,,,,,,,,,,,,,,,,,,,,,,,,,,,,,,,,,,,,,,,,,,,,,,,,,,,,,,,,,,,,,,,,,,,,,,,,,,,,,,,,
8c2a7ef4-5529-4100-8e16-d668cbe8b400,2375,2,00:09:53.849,54,53,42,Ball Receipt*,126,217,Barcelona,3,From Free Kick,217,Barcelona,,,6a6e5fbe-50cb-4996-9bf4-65e4015ab2d3,,5470,Ivan Rakitić,9,Right Defensive Midfield,84.4,51.1,,,,,,,,,,,,,,,,,,,,,,,,,,,,,,,,,,,,,,,,,,,,,,,,,,,,,,,,,,,,,,,,,,,,,,,,,,,,,,,,,,,,,,,,,,,,,,,,,,,,,,,,,,,,,,,,,,,,,,,,,,,,,,,,,,,,,,,,,,,,,,,,,,,,,,,
235a412c-4fad-436b-b172-2cf23c88fa7e,2376,2,00:09:53.849,54,53,43,Carry,126,217,Barcelona,3,From Free Kick,217,Barcelona,2.656907,,7aaa82a8-b433-4bfe-9379-37e2a24a1922,,5470,Ivan Rakitić,9,Right Defensive Midfield,84.4,51.1,,,,,,,,,,,,,,,,,,,,,,,,,,,,,,,,,,,,,,,8c2a7ef4-5529-4100-8e16-d668cbe8b400,,90.2,57.7,,,,,,,,,,,,,,,,,,,,,,,,,,,,,,,,,,,,,,,,,,,,,,,,,,,,,,,,,,,,,,,,,,,,,,,,,,,,,,,,,,,,,,,,,,,,,,,,,,,,,,,,,,,,,
7aaa82a8-b433-4bfe-9379-37e2a24a1922,2377,2,00:09:56.506,54,56,30,Pass,126,217,Barcelona,3,From Free Kick,217,Barcelona,1.620494,,fe6d06c5-37cf-435a-b07d-78dc3d973d00,,5470,Ivan Rakitić,9,Right Defensive Midfield,90.2,57.7,,,,,,,,,,,,,,,,,,,,,,,,,,4324.0,Daniel Alves da Silva,23.792856,0.7318779,1.0,Ground Pass,107.9,73.6,,,,40.0,Right Foot,,,,,,,,,,,,,,,,,,,,,,,,,,,,,,,,,,,,,,,,,,,,,,,,,,,,,,,,,,,,,,,,,,,,,,,,,,,,,,,,,,,,,,,,,,,,,,,,,,,,,,,,,,,,,,,,,
fe6d06c5-37cf-435a-b07d-78dc3d973d00,2378,2,00:09:58.127,54,58,42,Ball Receipt*,126,217,Barcelona,3,From Free Kick,217,Barcelona,,,7aaa82a8-b433-4bfe-9379-37e2a24a1922,,4324,Daniel Alves da Silva,2,Right Back,107.9,73.6,,,,,,,,,,,,,,,,,,,,,,,,,,,,,,,,,,,,,,,,,,,,,,,,,,,,,,,,,,,,,,,,,,,,,,,,,,,,,,,,,,,,,,,,,,,,,,,,,,,,,,,,,,,,,,,,,,,,,,,,,,,,,,,,,,,,,,,,,,,,,,,,,,,,,,,
dc90df51-0e84-411c-a27f-80b76950f3b4,2379,2,00:09:58.127,54,58,43,Carry,126,217,Barcelona,3,From Free Kick,217,Barcelona,3.501806,,71dbf4ad-b79b-41e7-a3de-71ce9540a026,,4324,Daniel Alves da Silva,2,Right Back,107.9,73.6,,True,,,,,,,,,,,,,,,,,,,,,,,,,,,,,,,,,,,,,7a9ccf2e-ef6a-4153-ac83-08d932744e3c,fe6d06c5-37cf-435a-b07d-78dc3d973d00,117.3,59.8,,,,,,,,,,,,,,,,,,,,,,,,,,,,,,,,,,,,,,,,,,,,,,,,,,,,,,,,,,,,,,,,,,,,,,,,,,,,,,,,,,,,,,,,,,,,,,,,,,,,,,,,,,,,,
71dbf4ad-b79b-41e7-a3de-71ce9540a026,2380,2,00:10:00.644,55,0,17,Pressure,126,217,Barcelona,3,From Free Kick,221,Levante UD,0.874103,,dc90df51-0e84-411c-a27f-80b76950f3b4,,6784,Antonio García Aranda,8,Left Wing Back,9.4,22.2,,,,,,,,,,,,,,,,,,,,,,,,,,,,,,,,,,,,,,,,,,,,,,,,,,,,,,,,,,,,,,,,,,,,,,,,,,,,,,,,,,,,,,,,,,,,,,,,,,,,,,,,,,,,,,,,,,,,,,,,,,,,,,,,,,,,,,,,,,,,,,,,,,,,,,,
7a9ccf2e-ef6a-4153-ac83-08d932744e3c,2381,2,00:10:01.629,55,1,30,Pass,126,217,Barcelona,3,From Free Kick,217,Barcelona,1.376,,887e9756-43c7-4efa-857f-bff68e532d68,,4324,Daniel Alves da Silva,2,Right Back,117.3,59.8,,,,,,,,,,,,,,,,,,,,,,,,,,,,18.51729,-1.6140126,3.0,High Pass,116.5,41.3,,,,40.0,Right Foot,,,,,,,,,,9.0,Incomplete,,,,,,,,,,,,,,,True,,,,,,,,,,,,,,,,,,,,,,,,,,,,,,,,,,,,,,,,,,,,,,,,,,,,,,,,,,,,,,,,,,,,,,,,,,,,,,,,,,,,,,,
887e9756-43c7-4efa-857f-bff68e532d68,2382,2,00:10:03.005,55,3,23,Goal Keeper,126,217,Barcelona,3,From Free Kick,221,Levante UD,0.0,,7a9ccf2e-ef6a-4153-ac83-08d932744e3c,,6730,Rubén Iván Martínez Andrade,1,Goalkeeper,3.6,38.8,,,,,,,,,,,,25.0,Collected,50.0,Fail,,,,,,,,,,,,,,,,,,,,,,,,,,,,,,,,,,,,,,,,,,,,,,,,,,,,,,,,,,,,,,,,,,,,,,,,,,,,,,,,,,,,,,,,,,,,,,,,,,,,,,,,,,,,,,,,,,,,,,,,,,,,,,,,,,,,,,,,
57eddc3f-3043-4bb2-9d0c-f6894a4f00fe,2383,2,00:10:03.870,55,3,2,Ball Recovery,126,217,Barcelona,3,From Free Kick,217,Barcelona,0.0,,,,4320,Neymar da Silva Santos Junior,21,Left Wing,116.1,34.8,,,,,,,,,,,,,,,,,,,,,,,,,,,,,,,,,,,,,,,,,,,,,,,,,,,,,,,,,,,,,,,,,,,,,,,,,,,,,,,,,,,,,,,,,,,,,,,,,,,,,,,,,,,,,,,,,,,,,,,,,,,,,,,,,,,,,,,,,,,,,,,,,,,,,,,
8bc9fcdf-8aff-4ae6-b4c9-485a7fbaf0f7,2384,2,00:10:03.929,55,3,16,Shot,126,217,Barcelona,3,From Free Kick,217,Barcelona,0.2516,,f1f83890-96b4-4379-b07d-0085c939926b,,4320,Neymar da Silva Santos Junior,21,Left Wing,115.0,36.2,,,,,,,,,,,,,,,,,,,,,,,,,,,,,,,,,,,,,,,,,,,,,,,,,,,,,,,,,,,,,,,,,0.28247765,118.3,37.4,87.0,Open Play,96.0,Blocked,True,95.0,Volley,40.0,Right Foot,119.8,36.5,3508.0,Sandro Ramírez Castillo,23.0,Center Forward,True,118.0,45.9,6616.0,Munir El Haddadi Mohamed,17.0,Right Wing,True,118.7,37.3,8801.0,Iván López Mendoza,7.0,Right Wing Back,False,117.9,38.6,6730.0,Rubén Iván Martínez Andrade,1.0,Goalkeeper,False,119.8,37.7,25824.0,Ángel Trujillo Canorea,3.0,Right Center Back,False,112.9,36.9,24149.0,José Antonio García Rabasco,10.0,Center Defensive Midfield,False,116.1,39.5,6647.0,Zouhair Feddal,4.0,Center Back,False,114.1,45.4,26023.0,Juan Francisco García García,5.0,Left Center Back,False,116.3,52.3,6784.0,Antonio García Aranda,8.0,Left Wing Back,False,108.5,39.0,5503.0,Lionel Andrés Messi Cuccittini,19.0,Center Attacking Midfield,True,,,,,
f1f83890-96b4-4379-b07d-0085c939926b,2385,2,00:10:04.181,55,4,23,Goal Keeper,126,217,Barcelona,3,From Free Kick,221,Levante UD,0.0,,8bc9fcdf-8aff-4ae6-b4c9-485a7fbaf0f7,,6730,Rubén Iván Martínez Andrade,1,Goalkeeper,2.2,41.5,,,,,,,,,,44.0,Set,32.0,Shot Faced,,,,,,,,,,,,,,,,,,,,,,,,,,,,,,,,,,,,,,,,,,,,,,,,,,,,,,,,,,,,,,,,,,,,,,,,,,,,,,,,,,,,,,,,,,,,,,,,,,,,,,,,,,,,,,,,,,,,,,,,,,,,,,,,,,,,,,2.2,41.5,,,
91648f0e-852f-4e03-8ad4-84696c32d801,2386,2,00:10:04.232,55,4,6,Block,126,217,Barcelona,3,From Free Kick,221,Levante UD,0.0,,,,8801,Iván López Mendoza,7,Right Wing Back,1.6,42.7,,,,,,,,,,,,,,,,,,,,,,,,,,,,,,,,,,,,,,,,,,,,,,,,,,,,,,,,,,,,,,,,,,,,,,,,,,,,,,,,,,,,,,,,,,,,,,,,,,,,,,,,,,,,,,,,,,,,,,,,,,,,,,,,,,,,,,,,,,,,,,,,,,,,,True,,
dca9c37e-5d70-4cef-81c9-996034fc6c96,2387,2,00:10:04.733,55,4,2,Ball Recovery,126,217,Barcelona,3,From Free Kick,217,Barcelona,0.0,,,,4320,Neymar da Silva Santos Junior,21,Left Wing,115.9,34.3,,,,,,,,,,,,,,,,,,,,,,,,,,,,,,,,,,,,,,,,,,,,,,,,,,,,,,,,,,,,,,,,,,,,,,,,,,,,,,,,,,,,,,,,,,,,,,,,,,,,,,,,,,,,,,,,,,,,,,,,,,,,,,,,,,,,,,,,,,,,,,,,,,,,,,,
c14d75b6-0116-43f6-a60b-da7e449ea574,2388,2,00:10:04.733,55,4,43,Carry,126,217,Barcelona,3,From Free Kick,217,Barcelona,0.735837,,09d58f5f-ed3f-4f0d-93cc-38285726d3d2,,4320,Neymar da Silva Santos Junior,21,Left Wing,115.9,34.3,,,,,,,,,,,,,,,,,,,,,,,,,,,,,,,,,,,,,,,dca9c37e-5d70-4cef-81c9-996034fc6c96,,115.5,32.7,,,,,,,,,,,,,,,,,,,,,,,,,,,,,,,,,,,,,,,,,,,,,,,,,,,,,,,,,,,,,,,,,,,,,,,,,,,,,,,,,,,,,,,,,,,,,,,,,,,,,,,,,,,,,
09d58f5f-ed3f-4f0d-93cc-38285726d3d2,2389,2,00:10:05.469,55,5,16,Shot,126,217,Barcelona,3,From Free Kick,217,Barcelona,0.176,,7de44dfe-ae50-40d2-a59a-7d666cd2bb17,,4320,Neymar da Silva Santos Junior,21,Left Wing,115.5,32.7,,,,,,,,,,,,,,,,,,,,,,,,,,,,,,,,,,,,,,,f51bd783-3e92-4b9b-ab00-9d65b0f7d12f,,,,,,,,,,,,,,,,,,,,,,,,,,0.12112332,120.0,38.2,87.0,Open Play,97.0,Goal,,93.0,Normal,40.0,Right Foot,113.2,44.3,26023.0,Juan Francisco García García,5.0,Left Center Back,False,117.0,39.4,6647.0,Zouhair Feddal,4.0,Center Back,False,112.6,35.7,24149.0,José Antonio García Rabasco,10.0,Center Defensive Midfield,False,118.0,37.0,6730.0,Rubén Iván Martínez Andrade,1.0,Goalkeeper,False,119.6,36.7,25824.0,Ángel Trujillo Canorea,3.0,Right Center Back,False,117.1,35.7,8801.0,Iván López Mendoza,7.0,Right Wing Back,False,115.9,42.1,6616.0,Munir El Haddadi Mohamed,17.0,Right Wing,True,120.0,34.7,3508.0,Sandro Ramírez Castillo,23.0,Center Forward,True,,,,,,,,,,,,,,,,,,0.2,True
