id,index,period,timestamp,minute,second,type_id,type_name,possession,possession_team_id,possession_team_name,play_pattern_id,play_pattern_name,team_id,team_name,duration,tactics,related_events_0,player_id,player_name,position_id,position_name,location_0,location_1,pass,carry,ball_receipt,under_pressure,clearance,duel,counterpress,off_camera,interception,dribble,ball_recovery,shot,goalkeeper_position_id,goalkeeper_position_name,goalkeeper_type_id,goalkeeper_type_name,goalkeeper_outcome_id,goalkeeper_outcome_name,goalkeeper_technique_id,goalkeeper_technique_name,out,50_50,miscontrol,foul_won,foul_committed,block,bad_behaviour,substitution,pass_recipient_id,pass_recipient_name,pass_length,pass_angle,pass_height_id,pass_height_name,pass_end_location_0,pass_end_location_1,pass_switch,pass_body_part_id,pass_body_part_name,pass_type_id,pass_type_name,goalkeeper,related_events_1,related_events_2,carry_end_location_0,carry_end_location_1,pass_outcome_id,pass_outcome_name,ball_receipt_outcome_id,ball_receipt_outcome_name,dribble_outcome_id,dribble_outcome_name,related_events_3,pass_assisted_shot_id,pass_shot_assist,shot_statsbomb_xg,shot_end_location_0,shot_end_location_1,shot_end_location_2,shot_key_pass_id,shot_technique_id,shot_technique_name,shot_body_part_id,shot_body_part_name,shot_type_id,shot_type_name,shot_outcome_id,shot_outcome_name,shot_freeze_frame_0_location_0,shot_freeze_frame_0_location_1,shot_freeze_frame_0_player_id,shot_freeze_frame_0_player_name,shot_freeze_frame_0_position_id,shot_freeze_frame_0_position_name,shot_freeze_frame_0_teammate,shot_freeze_frame_1_location_0,shot_freeze_frame_1_location_1,shot_freeze_frame_1_player_id,shot_freeze_frame_1_player_name,shot_freeze_frame_1_position_id,shot_freeze_frame_1_position_name,shot_freeze_frame_1_teammate,shot_freeze_frame_2_location_0,shot_freeze_frame_2_location_1,shot_freeze_frame_2_player_id,shot_freeze_frame_2_player_name,shot_freeze_frame_2_position_id,shot_freeze_frame_2_position_name,shot_freeze_frame_2_teammate,shot_freeze_frame_3_location_0,shot_freeze_frame_3_location_1,shot_freeze_frame_3_player_id,shot_freeze_frame_3_player_name,shot_freeze_frame_3_position_id,shot_freeze_frame_3_position_name,shot_freeze_frame_3_teammate,shot_freeze_frame_4_location_0,shot_freeze_frame_4_location_1,shot_freeze_frame_4_player_id,shot_freeze_frame_4_player_name,shot_freeze_frame_4_position_id,shot_freeze_frame_4_position_name,shot_freeze_frame_4_teammate,shot_freeze_frame_5_location_0,shot_freeze_frame_5_location_1,shot_freeze_frame_5_player_id,shot_freeze_frame_5_player_name,shot_freeze_frame_5_position_id,shot_freeze_frame_5_position_name,shot_freeze_frame_5_teammate,shot_freeze_frame_6_location_0,shot_freeze_frame_6_location_1,shot_freeze_frame_6_player_id,shot_freeze_frame_6_player_name,shot_freeze_frame_6_position_id,shot_freeze_frame_6_position_name,shot_freeze_frame_6_teammate,shot_freeze_frame_7_location_0,shot_freeze_frame_7_location_1,shot_freeze_frame_7_player_id,shot_freeze_frame_7_player_name,shot_freeze_frame_7_position_id,shot_freeze_frame_7_position_name,shot_freeze_frame_7_teammate,shot_freeze_frame_8_location_0,shot_freeze_frame_8_location_1,shot_freeze_frame_8_player_id,shot_freeze_frame_8_player_name,shot_freeze_frame_8_position_id,shot_freeze_frame_8_position_name,shot_freeze_frame_8_teammate,shot_freeze_frame_9_location_0,shot_freeze_frame_9_location_1,shot_freeze_frame_9_player_id,shot_freeze_frame_9_player_name,shot_freeze_frame_9_position_id,shot_freeze_frame_9_position_name,shot_freeze_frame_9_teammate,shot_freeze_frame_10_location_0,shot_freeze_frame_10_location_1,shot_freeze_frame_10_player_id,shot_freeze_frame_10_player_name,shot_freeze_frame_10_position_id,shot_freeze_frame_10_position_name,shot_freeze_frame_10_teammate,shot_freeze_frame_11_location_0,shot_freeze_frame_11_location_1,shot_freeze_frame_11_player_id,shot_freeze_frame_11_player_name,shot_freeze_frame_11_position_id,shot_freeze_frame_11_position_name,shot_freeze_frame_11_teammate,shot_freeze_frame_12_location_0,shot_freeze_frame_12_location_1,shot_freeze_frame_12_player_id,shot_freeze_frame_12_player_name,shot_freeze_frame_12_position_id,shot_freeze_frame_12_position_name,shot_freeze_frame_12_teammate,goalkeeper_body_part_id,goalkeeper_body_part_name,pass_aerial_won,related_events,foul_won_defensive,pass_cross,pass_goal_assist,duel_type_id,duel_type_name,shot_aerial_won,shot_freeze_frame_13_location_0,shot_freeze_frame_13_location_1,shot_freeze_frame_13_player_id,shot_freeze_frame_13_player_name,shot_freeze_frame_13_position_id,shot_freeze_frame_13_position_name,shot_freeze_frame_13_teammate,shot_freeze_frame_14_location_0,shot_freeze_frame_14_location_1,shot_freeze_frame_14_player_id,shot_freeze_frame_14_player_name,shot_freeze_frame_14_position_id,shot_freeze_frame_14_position_name,shot_freeze_frame_14_teammate,shot_freeze_frame_15_location_0,shot_freeze_frame_15_location_1,shot_freeze_frame_15_player_id,shot_freeze_frame_15_player_name,shot_freeze_frame_15_position_id,shot_freeze_frame_15_position_name,shot_freeze_frame_15_teammate
30d77f05-9d0b-449d-99a0-74faa4cbfca8,692,1,00:20:29.300,20,29,23,Goal Keeper,42,360,Rayo Vallecano,4,From Throw In,209,Celta Vigo,0.0,,18b1c4a8-4b56-46b5-a814-35017a86e4c2,6884,Sergio Álvarez Conde,1,Goalkeeper,3.1,41.2,,,,,,,,,,,,,43.0,Prone,26.0,Goal Conceded,55.0,No Touch,46.0,Standing,,,,,,,,,,,,,,,,,,,,,,,,,,,,,,,,,,,,,,,,,,,,,,,,,,,,,,,,,,,,,,,,,,,,,,,,,,,,,,,,,,,,,,,,,,,,,,,,,,,,,,,,,,,,,,,,,,,,,,,,,,,,,,,,,,,,,,,,,,,,,,,,,,,,,,,,,,,,,,,,,,,,,,,,,,
61c2e55d-16a2-4bfd-bde3-ea32fc5817ed,703,1,00:21:49.871,21,49,30,Pass,44,360,Rayo Vallecano,3,From Free Kick,360,Rayo Vallecano,3.520485,,7eadacd4-4619-44d8-907a-c64b64ac78a6,6914,Roberto Román Triguero,5,Left Center Back,41.6,19.0,,,,,,,,,,,,,,,,,,,,,,,,,,,,,26222.0,José Eduardo Rosa Vale de Castro,46.81549,1.3838738,1.0,Ground Pass,50.3,65.0,True,40.0,Right Foot,62.0,Free Kick,,,,,,,,,,,,,,,,,,,,,,,,,,,,,,,,,,,,,,,,,,,,,,,,,,,,,,,,,,,,,,,,,,,,,,,,,,,,,,,,,,,,,,,,,,,,,,,,,,,,,,,,,,,,,,,,,,,,,,,,,,,,,,,,,,,,,,,,,,,,,,,,,,,,,
7eadacd4-4619-44d8-907a-c64b64ac78a6,704,1,00:21:53.392,21,53,42,Ball Receipt*,44,360,Rayo Vallecano,3,From Free Kick,360,Rayo Vallecano,,,61c2e55d-16a2-4bfd-bde3-ea32fc5817ed,26222,José Eduardo Rosa Vale de Castro,3,Right Center Back,50.3,65.0,,,,,,,,,,,,,,,,,,,,,,,,,,,,,,,,,,,,,,,,,,,,,,,,,,,,,,,,,,,,,,,,,,,,,,,,,,,,,,,,,,,,,,,,,,,,,,,,,,,,,,,,,,,,,,,,,,,,,,,,,,,,,,,,,,,,,,,,,,,,,,,,,,,,,,,,,,,,,,,,,,,,,,,,,,,,,,,,,,,,,,,,,,,,,,
7ff5f5db-ae59-4b3a-9b1f-0131bd56dffc,705,1,00:21:53.392,21,53,43,Carry,44,360,Rayo Vallecano,3,From Free Kick,360,Rayo Vallecano,4.265994,,71e9bbe6-9e9d-40fd-988f-8cbe2449311e,26222,José Eduardo Rosa Vale de Castro,3,Right Center Back,50.3,65.0,,,,True,,,,,,,,,,,,,,,,,,,,,,,,,,,,,,,,,,,,,,,7eadacd4-4619-44d8-907a-c64b64ac78a6,c6bb88f5-e25e-4657-bd0b-cb49db8cc510,57.2,73.9,,,,,,,,,,,,,,,,,,,,,,,,,,,,,,,,,,,,,,,,,,,,,,,,,,,,,,,,,,,,,,,,,,,,,,,,,,,,,,,,,,,,,,,,,,,,,,,,,,,,,,,,,,,,,,,,,,,,,,,,,,,,,,,,,,,,,,,,,,,,,,,,
71e9bbe6-9e9d-40fd-988f-8cbe2449311e,706,1,00:21:55.618,21,55,17,Pressure,44,360,Rayo Vallecano,3,From Free Kick,209,Celta Vigo,0.953745,,7ff5f5db-ae59-4b3a-9b1f-0131bd56dffc,27342,Josep Señé Escudero,19,Center Attacking Midfield,58.4,13.6,,,,,,,,,,,,,,,,,,,,,,,,,,,,,,,,,,,,,,,,,,,,,,,,,,,,,,,,,,,,,,,,,,,,,,,,,,,,,,,,,,,,,,,,,,,,,,,,,,,,,,,,,,,,,,,,,,,,,,,,,,,,,,,,,,,,,,,,,,,,,,,,,,,,,,,,,,,,,,,,,,,,,,,,,,,,,,,,,,,,,,,,,,,,,,
c6bb88f5-e25e-4657-bd0b-cb49db8cc510,707,1,00:21:57.658,21,57,30,Pass,44,360,Rayo Vallecano,3,From Free Kick,360,Rayo Vallecano,0.061497,,b98f67f4-8d5b-41a9-b60a-3b4e23bcdf65,26222,José Eduardo Rosa Vale de Castro,3,Right Center Back,57.2,73.9,,,,,,,,,,,,,,,,,,,,,,,,,,,,,,,2.184033,-0.27829966,1.0,Ground Pass,59.3,73.3,,40.0,Right Foot,,,,,,,,9.0,Incomplete,,,,,,,,,,,,,,,,,,,,,,,,,,,,,,,,,,,,,,,,,,,,,,,,,,,,,,,,,,,,,,,,,,,,,,,,,,,,,,,,,,,,,,,,,,,,,,,,,,,,,,,,,,,,,,,,,,,,,,,,,,,,,,,,,,,,,,,,,,,,,,
b98f67f4-8d5b-41a9-b60a-3b4e23bcdf65,708,1,00:21:57.719,21,57,6,Block,44,360,Rayo Vallecano,3,From Free Kick,209,Celta Vigo,0.0,,c6bb88f5-e25e-4657-bd0b-cb49db8cc510,27342,Josep Señé Escudero,19,Center Attacking Midfield,60.8,6.8,,,,,,,,,,,,,,,,,,,,,True,,,,,,,,,,,,,,,,,,,,,,,,,,,,,,,,,,,,,,,,,,,,,,,,,,,,,,,,,,,,,,,,,,,,,,,,,,,,,,,,,,,,,,,,,,,,,,,,,,,,,,,,,,,,,,,,,,,,,,,,,,,,,,,,,,,,,,,,,,,,,,,,,,,,,,,,,,,,,,,,,,,,,,,,,
36285451-cbc6-4447-9fee-143d9380c4bd,709,1,00:22:09.122,22,9,30,Pass,45,360,Rayo Vallecano,4,From Throw In,360,Rayo Vallecano,1.179076,,924d6569-f2fa-40f6-8284-e4bbad11c10d,24138,Joaquín José Marín Ruiz,2,Right Back,71.5,80.0,,,,,,,,,,,,,,,,,,,,,,,,,,,,,26685.0,Nicolás Ladislao Fedor Flores,23.654598,-0.31372935,3.0,High Pass,94.0,72.7,,,,67.0,Throw-in,,d0f271f5-9ecb-4dbd-a2ff-59dab6a9ab2c,,,,9.0,Incomplete,,,,,,,,,,,,,,,,,,,,,,,,,,,,,,,,,,,,,,,,,,,,,,,,,,,,,,,,,,,,,,,,,,,,,,,,,,,,,,,,,,,,,,,,,,,,,,,,,,,,,,,,,,,,,,,,,,,,,,,,,,,,,,,,,,,,,,,,,,,,,,
924d6569-f2fa-40f6-8284-e4bbad11c10d,710,1,00:22:10.301,22,10,42,Ball Receipt*,45,360,Rayo Vallecano,4,From Throw In,360,Rayo Vallecano,,,36285451-cbc6-4447-9fee-143d9380c4bd,26685,Nicolás Ladislao Fedor Flores,23,Center Forward,98.9,72.0,,,,,,,,,,,,,,,,,,,,,,,,,,,,,,,,,,,,,,,,,,,,,,,,,9.0,Incomplete,,,,,,,,,,,,,,,,,,,,,,,,,,,,,,,,,,,,,,,,,,,,,,,,,,,,,,,,,,,,,,,,,,,,,,,,,,,,,,,,,,,,,,,,,,,,,,,,,,,,,,,,,,,,,,,,,,,,,,,,,,,,,,,,,,,,,,,,,,,,
d0f271f5-9ecb-4dbd-a2ff-59dab6a9ab2c,711,1,00:22:10.301,22,10,30,Pass,45,360,Rayo Vallecano,4,From Throw In,209,Celta Vigo,0.95354,,29acad5c-3c9c-42a4-90bd-48fe4222a5c5,23785,Théo Bongonda Mbul''Ofeko Batombo,21,Left Wing,26.1,7.4,,,,,,,,,,,,,,,,,,,,,,,,,,,,,6796.0,Nemanja Radoja,11.240107,0.41190103,3.0,High Pass,36.4,11.9,,37.0,Head,66.0,Recovery,,36285451-cbc6-4447-9fee-143d9380c4bd,b2c9003e-5c3e-462c-9f14-53604251154a,,,9.0,Incomplete,,,,,,,,,,,,,,,,,,,,,,,,,,,,,,,,,,,,,,,,,,,,,,,,,,,,,,,,,,,,,,,,,,,,,,,,,,,,,,,,,,,,,,,,,,,,,,,,,,,,,,,,,,,,,,,,,,,,,,,,,,,,,,,,,,,,,,,,,,,,,,
29acad5c-3c9c-42a4-90bd-48fe4222a5c5,712,1,00:22:11.254,22,11,42,Ball Receipt*,45,360,Rayo Vallecano,4,From Throw In,209,Celta Vigo,,,d0f271f5-9ecb-4dbd-a2ff-59dab6a9ab2c,6796,Nemanja Radoja,11,Left Defensive Midfield,43.0,11.7,,,,,,,,,,,,,,,,,,,,,,,,,,,,,,,,,,,,,,,,,,,,,,,,,9.0,Incomplete,,,,,,,,,,,,,,,,,,,,,,,,,,,,,,,,,,,,,,,,,,,,,,,,,,,,,,,,,,,,,,,,,,,,,,,,,,,,,,,,,,,,,,,,,,,,,,,,,,,,,,,,,,,,,,,,,,,,,,,,,,,,,,,,,,,,,,,,,,,,
b2c9003e-5c3e-462c-9f14-53604251154a,713,1,00:22:11.254,22,11,30,Pass,45,360,Rayo Vallecano,4,From Throw In,360,Rayo Vallecano,0.718307,,39a4f4b6-0d7a-47a2-a31c-2bc19a62efc6,4711,Pablo Hernández Domínguez,17,Right Wing,83.7,68.2,,,,,,,,,,,,,,,,,,,,,,,,,,,,,26848.0,Roberto Trashorras Gayoso,5.503635,1.607144,2.0,Low Pass,83.5,73.7,,70.0,Other,66.0,Recovery,,d0f271f5-9ecb-4dbd-a2ff-59dab6a9ab2c,,,,,,,,,,,,,,,,,,,,,,,,,,,,,,,,,,,,,,,,,,,,,,,,,,,,,,,,,,,,,,,,,,,,,,,,,,,,,,,,,,,,,,,,,,,,,,,,,,,,,,,,,,,,,,,,,,,,,,,,,,,,,,,,,,,,,,,,,,,,,,,,,,,
39a4f4b6-0d7a-47a2-a31c-2bc19a62efc6,714,1,00:22:11.973,22,11,42,Ball Receipt*,45,360,Rayo Vallecano,4,From Throw In,360,Rayo Vallecano,,,b2c9003e-5c3e-462c-9f14-53604251154a,26848,Roberto Trashorras Gayoso,11,Left Defensive Midfield,83.5,73.7,,,,,,,,,,,,,,,,,,,,,,,,,,,,,,,,,,,,,,,,,,,,,,,,,,,,,,,,,,,,,,,,,,,,,,,,,,,,,,,,,,,,,,,,,,,,,,,,,,,,,,,,,,,,,,,,,,,,,,,,,,,,,,,,,,,,,,,,,,,,,,,,,,,,,,,,,,,,,,,,,,,,,,,,,,,,,,,,,,,,,,,,,,,,,,
106f248f-d17d-48d1-9b1d-c45dbda6d36d,715,1,00:22:11.973,22,11,43,Carry,45,360,Rayo Vallecano,4,From Throw In,360,Rayo Vallecano,0.768372,,39a4f4b6-0d7a-47a2-a31c-2bc19a62efc6,26848,Roberto Trashorras Gayoso,11,Left Defensive Midfield,83.5,73.7,,,,,,,,,,,,,,,,,,,,,,,,,,,,,,,,,,,,,,,,,,,da42c229-6a4c-4a1f-9b50-4bcb63d87f61,,83.7,73.5,,,,,,,,,,,,,,,,,,,,,,,,,,,,,,,,,,,,,,,,,,,,,,,,,,,,,,,,,,,,,,,,,,,,,,,,,,,,,,,,,,,,,,,,,,,,,,,,,,,,,,,,,,,,,,,,,,,,,,,,,,,,,,,,,,,,,,,,,,,,,,,,
da42c229-6a4c-4a1f-9b50-4bcb63d87f61,716,1,00:22:12.741,22,12,30,Pass,45,360,Rayo Vallecano,4,From Throw In,360,Rayo Vallecano,0.845915,,5b4390ee-55fe-473f-aedc-ca4d8032ee8b,26848,Roberto Trashorras Gayoso,11,Left Defensive Midfield,83.7,73.5,,,,,,,,,,,,,,,,,,,,,,,,,,,,,24138.0,Joaquín José Marín Ruiz,11.806778,-3.1077073,1.0,Ground Pass,71.9,73.1,,40.0,Right Foot,,,,,,,,,,,,,,,,,,,,,,,,,,,,,,,,,,,,,,,,,,,,,,,,,,,,,,,,,,,,,,,,,,,,,,,,,,,,,,,,,,,,,,,,,,,,,,,,,,,,,,,,,,,,,,,,,,,,,,,,,,,,,,,,,,,,,,,,,,,,,,,,,,,,,,,
5b4390ee-55fe-473f-aedc-ca4d8032ee8b,717,1,00:22:13.587,22,13,42,Ball Receipt*,45,360,Rayo Vallecano,4,From Throw In,360,Rayo Vallecano,,,da42c229-6a4c-4a1f-9b50-4bcb63d87f61,24138,Joaquín José Marín Ruiz,2,Right Back,71.9,73.1,,,,,,,,,,,,,,,,,,,,,,,,,,,,,,,,,,,,,,,,,,,,,,,,,,,,,,,,,,,,,,,,,,,,,,,,,,,,,,,,,,,,,,,,,,,,,,,,,,,,,,,,,,,,,,,,,,,,,,,,,,,,,,,,,,,,,,,,,,,,,,,,,,,,,,,,,,,,,,,,,,,,,,,,,,,,,,,,,,,,,,,,,,,,,,
5f067aa0-4d03-467b-af9f-7cd2eda9b880,718,1,00:22:13.587,22,13,43,Carry,45,360,Rayo Vallecano,4,From Throw In,360,Rayo Vallecano,0.934966,,5b4390ee-55fe-473f-aedc-ca4d8032ee8b,24138,Joaquín José Marín Ruiz,2,Right Back,71.9,73.1,,,,True,,,,,,,,,,,,,,,,,,,,,,,,,,,,,,,,,,,,,,,7e414c83-62df-412e-8ad7-828642d8ffdd,aadcea8a-c4d4-460a-b3e5-c0bcc9821fb0,70.6,72.2,,,,,,,,,,,,,,,,,,,,,,,,,,,,,,,,,,,,,,,,,,,,,,,,,,,,,,,,,,,,,,,,,,,,,,,,,,,,,,,,,,,,,,,,,,,,,,,,,,,,,,,,,,,,,,,,,,,,,,,,,,,,,,,,,,,,,,,,,,,,,,,,
aadcea8a-c4d4-460a-b3e5-c0bcc9821fb0,719,1,00:22:13.879,22,13,17,Pressure,45,360,Rayo Vallecano,4,From Throw In,209,Celta Vigo,0.634163,,5f067aa0-4d03-467b-af9f-7cd2eda9b880,6796,Nemanja Radoja,11,Left Defensive Midfield,44.1,8.3,,,,,,,,,,,,,,,,,,,,,,,,,,,,,,,,,,,,,,,,,,,,,,,,,,,,,,,,,,,,,,,,,,,,,,,,,,,,,,,,,,,,,,,,,,,,,,,,,,,,,,,,,,,,,,,,,,,,,,,,,,,,,,,,,,,,,,,,,,,,,,,,,,,,,,,,,,,,,,,,,,,,,,,,,,,,,,,,,,,,,,,,,,,,,,
7e414c83-62df-412e-8ad7-828642d8ffdd,720,1,00:22:14.522,22,14,30,Pass,45,360,Rayo Vallecano,4,From Throw In,360,Rayo Vallecano,0.907797,,5fb45f0d-135e-4ef2-8968-b03a3879044f,24138,Joaquín José Marín Ruiz,2,Right Back,70.6,72.2,,,,,,,,,,,,,,,,,,,,,,,,,,,,,,,17.217724,-2.6779451,2.0,Low Pass,55.2,64.5,,38.0,Left Foot,,,,,,,,9.0,Incomplete,,,,,,,,,,,,,,,,,,,,,,,,,,,,,,,,,,,,,,,,,,,,,,,,,,,,,,,,,,,,,,,,,,,,,,,,,,,,,,,,,,,,,,,,,,,,,,,,,,,,,,,,,,,,,,,,,,,,,,,,,,,,,,,,,,,,,,,,,,,,,,
5fb45f0d-135e-4ef2-8968-b03a3879044f,721,1,00:22:15.430,22,15,2,Ball Recovery,45,360,Rayo Vallecano,4,From Throw In,209,Celta Vigo,0.0,,7e414c83-62df-412e-8ad7-828642d8ffdd,6600,Claudio Beauvue,23,Center Forward,64.9,15.6,,,,,,,,,,,,,,,,,,,,,,,,,,,,,,,,,,,,,,,,,,,,,,,,,,,,,,,,,,,,,,,,,,,,,,,,,,,,,,,,,,,,,,,,,,,,,,,,,,,,,,,,,,,,,,,,,,,,,,,,,,,,,,,,,,,,,,,,,,,,,,,,,,,,,,,,,,,,,,,,,,,,,,,,,,,,,,,,,,,,,,,,,,,,,,
5e1d8897-0f84-4924-a64c-ee94de381415,722,1,00:22:15.430,22,15,43,Carry,45,360,Rayo Vallecano,4,From Throw In,209,Celta Vigo,3.729622,,5fb45f0d-135e-4ef2-8968-b03a3879044f,6600,Claudio Beauvue,23,Center Forward,64.9,15.6,,,,True,,,,,,,,,,,,,,,,,,,,,,,,,,,,,,,,,,,,,,,94fa5e3e-f4fa-4679-a52a-3910e53d232f,d3e5afb5-9bc5-4dac-83f5-c2ee1d69e30a,76.4,31.0,,,,,,,,,,,,,,,,,,,,,,,,,,,,,,,,,,,,,,,,,,,,,,,,,,,,,,,,,,,,,,,,,,,,,,,,,,,,,,,,,,,,,,,,,,,,,,,,,,,,,,,,,,,,,,,,,,,,,,,,,,,,,,,,,,,,,,,,,,,,,,,,
d3e5afb5-9bc5-4dac-83f5-c2ee1d69e30a,723,1,00:22:18.618,22,18,17,Pressure,45,360,Rayo Vallecano,4,From Throw In,360,Rayo Vallecano,0.38669,,5e1d8897-0f84-4924-a64c-ee94de381415,6713,Diego Javier Llorente Ríos,9,Right Defensive Midfield,47.3,49.8,,,,,,,True,,,,,,,,,,,,,,,,,,,,,,,,,,,,,,,,,,,,,,,,,,,,,,,,,,,,,,,,,,,,,,,,,,,,,,,,,,,,,,,,,,,,,,,,,,,,,,,,,,,,,,,,,,,,,,,,,,,,,,,,,,,,,,,,,,,,,,,,,,,,,,,,,,,,,,,,,,,,,,,,,,,,,,,,,,,,,,,,,,,,,,,
a6dc12ea-228e-445d-bf6c-ee8601a0536f,724,1,00:22:19.159,22,19,39,Dribbled Past,45,360,Rayo Vallecano,4,From Throw In,360,Rayo Vallecano,0.0,,94fa5e3e-f4fa-4679-a52a-3910e53d232f,6713,Diego Javier Llorente Ríos,9,Right Defensive Midfield,43.7,49.1,,,,,,,True,,,,,,,,,,,,,,,,,,,,,,,,,,,,,,,,,,,,e64cc8a9-95bb-42f4-b88b-43fd82ee8b31,,,,,,,,,,,,,,,,,,,,,,,,,,,,,,,,,,,,,,,,,,,,,,,,,,,,,,,,,,,,,,,,,,,,,,,,,,,,,,,,,,,,,,,,,,,,,,,,,,,,,,,,,,,,,,,,,,,,,,,,,,,,,,,,,,,,,,,,,,,,,,,,,,,
94fa5e3e-f4fa-4679-a52a-3910e53d232f,725,1,00:22:19.159,22,19,14,Dribble,45,360,Rayo Vallecano,4,From Throw In,209,Celta Vigo,0.0,,a6dc12ea-228e-445d-bf6c-ee8601a0536f,6600,Claudio Beauvue,23,Center Forward,76.4,31.0,,,,True,,,,,,,,,,,,,,,,,,,,,,,,,,,,,,,,,,,,,,,,,,,,,,,8.0,Complete,,,,,,,,,,,,,,,,,,,,,,,,,,,,,,,,,,,,,,,,,,,,,,,,,,,,,,,,,,,,,,,,,,,,,,,,,,,,,,,,,,,,,,,,,,,,,,,,,,,,,,,,,,,,,,,,,,,,,,,,,,,,,,,,,,,,,,,,,,
e64cc8a9-95bb-42f4-b88b-43fd82ee8b31,726,1,00:22:19.159,22,19,43,Carry,45,360,Rayo Vallecano,4,From Throw In,209,Celta Vigo,1.622851,,197e4025-24c1-48e5-a797-77f39051704f,6600,Claudio Beauvue,23,Center Forward,76.4,31.0,,,,True,,,,,,,,,,,,,,,,,,,,,,,,,,,,,,,,,,,,,,,94fa5e3e-f4fa-4679-a52a-3910e53d232f,97e309ba-22a3-45e2-9f2f-17f4942bd0bd,75.8,28.7,,,,,,,a6dc12ea-228e-445d-bf6c-ee8601a0536f,,,,,,,,,,,,,,,,,,,,,,,,,,,,,,,,,,,,,,,,,,,,,,,,,,,,,,,,,,,,,,,,,,,,,,,,,,,,,,,,,,,,,,,,,,,,,,,,,,,,,,,,,,,,,,,,,,,,,,,,,,,,,,,,,,,,,,,,,
197e4025-24c1-48e5-a797-77f39051704f,727,1,00:22:20.543,22,20,17,Pressure,45,360,Rayo Vallecano,4,From Throw In,360,Rayo Vallecano,0.348806,,97e309ba-22a3-45e2-9f2f-17f4942bd0bd,4711,Pablo Hernández Domínguez,17,Right Wing,47.1,52.1,,,,,,,,,,,,,,,,,,,,,,,,,,,,,,,,,,,,,,,,,,,e64cc8a9-95bb-42f4-b88b-43fd82ee8b31,,,,,,,,,,,,,,,,,,,,,,,,,,,,,,,,,,,,,,,,,,,,,,,,,,,,,,,,,,,,,,,,,,,,,,,,,,,,,,,,,,,,,,,,,,,,,,,,,,,,,,,,,,,,,,,,,,,,,,,,,,,,,,,,,,,,,,,,,,,,,,,,,,,
97e309ba-22a3-45e2-9f2f-17f4942bd0bd,728,1,00:22:20.782,22,20,30,Pass,45,360,Rayo Vallecano,4,From Throw In,209,Celta Vigo,2.9,,197e4025-24c1-48e5-a797-77f39051704f,6600,Claudio Beauvue,23,Center Forward,75.8,28.7,,,,True,,,,,,,,,,,,,,,,,,,,,,,,,6796.0,Nemanja Radoja,35.219597,-0.50047976,1.0,Ground Pass,106.7,11.8,,40.0,Right Foot,,,,483a7cda-d1b6-4cbc-88ce-79d9fec7f4f2,,,,76.0,Pass Offside,,,,,,,,,,,,,,,,,,,,,,,,,,,,,,,,,,,,,,,,,,,,,,,,,,,,,,,,,,,,,,,,,,,,,,,,,,,,,,,,,,,,,,,,,,,,,,,,,,,,,,,,,,,,,,,,,,,,,,,,,,,,,,,,,,,,,,,,,,,,,,
483a7cda-d1b6-4cbc-88ce-79d9fec7f4f2,729,1,00:22:23.682,22,23,42,Ball Receipt*,45,360,Rayo Vallecano,4,From Throw In,209,Celta Vigo,,,97e309ba-22a3-45e2-9f2f-17f4942bd0bd,6796,Nemanja Radoja,11,Left Defensive Midfield,106.7,11.8,,,,,,,,,,,,,,,,,,,,,,,,,,,,,,,,,,,,,,,,,,,,,,,,,9.0,Incomplete,,,,,,,,,,,,,,,,,,,,,,,,,,,,,,,,,,,,,,,,,,,,,,,,,,,,,,,,,,,,,,,,,,,,,,,,,,,,,,,,,,,,,,,,,,,,,,,,,,,,,,,,,,,,,,,,,,,,,,,,,,,,,,,,,,,,,,,,,,,,
36958b17-9516-419c-8b6a-e2fbdb4545bf,730,1,00:22:45.771,22,45,30,Pass,46,360,Rayo Vallecano,3,From Free Kick,360,Rayo Vallecano,2.3909,,4ddad2de-a094-455f-bc49-e9432caa5327,26222,José Eduardo Rosa Vale de Castro,3,Right Center Back,32.0,59.1,,,,,,,,,,,,,,,,,,,,,,,,,,,,,6914.0,Roberto Román Triguero,41.047413,-1.4609462,3.0,High Pass,36.5,18.3,True,40.0,Right Foot,62.0,Free Kick,,,,,,,,,,,,,,,,,,,,,,,,,,,,,,,,,,,,,,,,,,,,,,,,,,,,,,,,,,,,,,,,,,,,,,,,,,,,,,,,,,,,,,,,,,,,,,,,,,,,,,,,,,,,,,,,,,,,,,,,,,,,,,,,,,,,,,,,,,,,,,,,,,,,,
4ddad2de-a094-455f-bc49-e9432caa5327,731,1,00:22:48.162,22,48,42,Ball Receipt*,46,360,Rayo Vallecano,3,From Free Kick,360,Rayo Vallecano,,,36958b17-9516-419c-8b6a-e2fbdb4545bf,6914,Roberto Román Triguero,5,Left Center Back,36.5,18.3,,,,,,,,,,,,,,,,,,,,,,,,,,,,,,,,,,,,,,,,,,,,,,,,,,,,,,,,,,,,,,,,,,,,,,,,,,,,,,,,,,,,,,,,,,,,,,,,,,,,,,,,,,,,,,,,,,,,,,,,,,,,,,,,,,,,,,,,,,,,,,,,,,,,,,,,,,,,,,,,,,,,,,,,,,,,,,,,,,,,,,,,,,,,,,
7798ed30-40e0-4be9-856f-6d9409a4c3e9,732,1,00:22:48.162,22,48,43,Carry,46,360,Rayo Vallecano,3,From Free Kick,360,Rayo Vallecano,4.115744,,4ddad2de-a094-455f-bc49-e9432caa5327,6914,Roberto Román Triguero,5,Left Center Back,36.5,18.3,,,,,,,,,,,,,,,,,,,,,,,,,,,,,,,,,,,,,,,,,,,518808aa-3af0-440c-8e5f-e8c4a8e47d42,,55.0,15.8,,,,,,,,,,,,,,,,,,,,,,,,,,,,,,,,,,,,,,,,,,,,,,,,,,,,,,,,,,,,,,,,,,,,,,,,,,,,,,,,,,,,,,,,,,,,,,,,,,,,,,,,,,,,,,,,,,,,,,,,,,,,,,,,,,,,,,,,,,,,,,,,
518808aa-3af0-440c-8e5f-e8c4a8e47d42,733,1,00:22:52.278,22,52,30,Pass,46,360,Rayo Vallecano,3,From Free Kick,360,Rayo Vallecano,0.819635,,eec4d4c0-416d-4aeb-b446-995ef2d46879,6914,Roberto Román Triguero,5,Left Center Back,55.0,15.8,,,,,,,,,,,,,,,,,,,,,,,,,,,,,26848.0,Roberto Trashorras Gayoso,7.648529,2.411693,1.0,Ground Pass,49.3,20.9,,40.0,Right Foot,,,,,,,,,,,,,,,,,,,,,,,,,,,,,,,,,,,,,,,,,,,,,,,,,,,,,,,,,,,,,,,,,,,,,,,,,,,,,,,,,,,,,,,,,,,,,,,,,,,,,,,,,,,,,,,,,,,,,,,,,,,,,,,,,,,,,,,,,,,,,,,,,,,,,,,
eec4d4c0-416d-4aeb-b446-995ef2d46879,734,1,00:22:53.098,22,53,42,Ball Receipt*,46,360,Rayo Vallecano,3,From Free Kick,360,Rayo Vallecano,,,518808aa-3af0-440c-8e5f-e8c4a8e47d42,26848,Roberto Trashorras Gayoso,11,Left Defensive Midfield,49.3,20.9,,,,,,,,,,,,,,,,,,,,,,,,,,,,,,,,,,,,,,,,,,,,,,,,,,,,,,,,,,,,,,,,,,,,,,,,,,,,,,,,,,,,,,,,,,,,,,,,,,,,,,,,,,,,,,,,,,,,,,,,,,,,,,,,,,,,,,,,,,,,,,,,,,,,,,,,,,,,,,,,,,,,,,,,,,,,,,,,,,,,,,,,,,,,,,
2e0832a8-8ceb-480b-90dc-856760507b6c,735,1,00:22:53.098,22,53,43,Carry,46,360,Rayo Vallecano,3,From Free Kick,360,Rayo Vallecano,1.088519,,8d9f1d6a-c2c3-4a05-80eb-fb9bc567f21b,26848,Roberto Trashorras Gayoso,11,Left Defensive Midfield,49.3,20.9,,,,,,,,,,,,,,,,,,,,,,,,,,,,,,,,,,,,,,,,,,,eec4d4c0-416d-4aeb-b446-995ef2d46879,,49.3,14.3,,,,,,,,,,,,,,,,,,,,,,,,,,,,,,,,,,,,,,,,,,,,,,,,,,,,,,,,,,,,,,,,,,,,,,,,,,,,,,,,,,,,,,,,,,,,,,,,,,,,,,,,,,,,,,,,,,,,,,,,,,,,,,,,,,,,,,,,,,,,,,,,
8d9f1d6a-c2c3-4a05-80eb-fb9bc567f21b,736,1,00:22:54.186,22,54,30,Pass,46,360,Rayo Vallecano,3,From Free Kick,360,Rayo Vallecano,1.902502,,0d89f2a5-4442-435d-a7b5-9916dcd07115,26848,Roberto Trashorras Gayoso,11,Left Defensive Midfield,49.3,14.3,,,,,,,,,,,,,,,,,,,,,,,,,,,,,6914.0,Roberto Román Triguero,13.619104,-1.0480072,1.0,Ground Pass,56.1,2.5,,40.0,Right Foot,,,,,,,,,,,,,,,,,,,,,,,,,,,,,,,,,,,,,,,,,,,,,,,,,,,,,,,,,,,,,,,,,,,,,,,,,,,,,,,,,,,,,,,,,,,,,,,,,,,,,,,,,,,,,,,,,,,,,,,,,,,,,,,,,,,,,,,,,,,,,,,,,,,,,,,
66a2474c-bf21-492f-93aa-ff20651cb1b3,737,1,00:22:55.486,22,55,17,Pressure,46,360,Rayo Vallecano,3,From Free Kick,209,Celta Vigo,1.092478,,0d89f2a5-4442-435d-a7b5-9916dcd07115,27342,Josep Señé Escudero,19,Center Attacking Midfield,65.7,72.7,,,,,,,,,,,,,,,,,,,,,,,,,,,,,,,,,,,,,,,,,,,a4e9449c-b4c4-489c-ae66-738a2f48714a,,,,,,,,,,,,,,,,,,,,,,,,,,,,,,,,,,,,,,,,,,,,,,,,,,,,,,,,,,,,,,,,,,,,,,,,,,,,,,,,,,,,,,,,,,,,,,,,,,,,,,,,,,,,,,,,,,,,,,,,,,,,,,,,,,,,,,,,,,,,,,,,,,,
0d89f2a5-4442-435d-a7b5-9916dcd07115,738,1,00:22:56.089,22,56,42,Ball Receipt*,46,360,Rayo Vallecano,3,From Free Kick,360,Rayo Vallecano,,,66a2474c-bf21-492f-93aa-ff20651cb1b3,6914,Roberto Román Triguero,5,Left Center Back,56.1,2.5,,,,True,,,,,,,,,,,,,,,,,,,,,,,,,,,,,,,,,,,,,,,8d9f1d6a-c2c3-4a05-80eb-fb9bc567f21b,,,,,,,,,,,,,,,,,,,,,,,,,,,,,,,,,,,,,,,,,,,,,,,,,,,,,,,,,,,,,,,,,,,,,,,,,,,,,,,,,,,,,,,,,,,,,,,,,,,,,,,,,,,,,,,,,,,,,,,,,,,,,,,,,,,,,,,,,,,,,,,,,,,
a4e9449c-b4c4-489c-ae66-738a2f48714a,739,1,00:22:56.089,22,56,43,Carry,46,360,Rayo Vallecano,3,From Free Kick,360,Rayo Vallecano,0.559349,,0d89f2a5-4442-435d-a7b5-9916dcd07115,6914,Roberto Román Triguero,5,Left Center Back,56.1,2.5,,,,True,,,,,,,,,,,,,,,,,,,,,,,,,,,,,,,,,,,,,,,629f3942-56c7-42ea-998e-8ecda6b2299e,66a2474c-bf21-492f-93aa-ff20651cb1b3,57.0,1.6,,,,,,,,,,,,,,,,,,,,,,,,,,,,,,,,,,,,,,,,,,,,,,,,,,,,,,,,,,,,,,,,,,,,,,,,,,,,,,,,,,,,,,,,,,,,,,,,,,,,,,,,,,,,,,,,,,,,,,,,,,,,,,,,,,,,,,,,,,,,,,,,
629f3942-56c7-42ea-998e-8ecda6b2299e,740,1,00:22:56.648,22,56,30,Pass,46,360,Rayo Vallecano,3,From Free Kick,360,Rayo Vallecano,1.051453,,b549ff39-d4ae-4ca2-96a6-31834b50b91a,6914,Roberto Román Triguero,5,Left Center Back,57.0,1.6,,,,,,,,,,,,,,,,,,,,,,,,,,,,,26848.0,Roberto Trashorras Gayoso,7.8294315,2.6493814,1.0,Ground Pass,50.1,5.3,,40.0,Right Foot,,,,,,,,,,,,,,,,,,,,,,,,,,,,,,,,,,,,,,,,,,,,,,,,,,,,,,,,,,,,,,,,,,,,,,,,,,,,,,,,,,,,,,,,,,,,,,,,,,,,,,,,,,,,,,,,,,,,,,,,,,,,,,,,,,,,,,,,,,,,,,,,,,,,,,,
b549ff39-d4ae-4ca2-96a6-31834b50b91a,741,1,00:22:57.699,22,57,42,Ball Receipt*,46,360,Rayo Vallecano,3,From Free Kick,360,Rayo Vallecano,,,629f3942-56c7-42ea-998e-8ecda6b2299e,26848,Roberto Trashorras Gayoso,11,Left Defensive Midfield,50.1,5.3,,,,,,,,,,,,,,,,,,,,,,,,,,,,,,,,,,,,,,,,,,,,,,,,,,,,,,,,,,,,,,,,,,,,,,,,,,,,,,,,,,,,,,,,,,,,,,,,,,,,,,,,,,,,,,,,,,,,,,,,,,,,,,,,,,,,,,,,,,,,,,,,,,,,,,,,,,,,,,,,,,,,,,,,,,,,,,,,,,,,,,,,,,,,,,
8c1332a5-24aa-4210-9b8f-0b05b454c9da,742,1,00:22:57.699,22,57,43,Carry,46,360,Rayo Vallecano,3,From Free Kick,360,Rayo Vallecano,4.302651,,89b52e8e-df0d-4dc8-a628-7eea2ea4dc20,26848,Roberto Trashorras Gayoso,11,Left Defensive Midfield,50.1,5.3,,,,,,,,,,,,,,,,,,,,,,,,,,,,,,,,,,,,,,,,,,,b549ff39-d4ae-4ca2-96a6-31834b50b91a,,63.2,2.3,,,,,,,,,,,,,,,,,,,,,,,,,,,,,,,,,,,,,,,,,,,,,,,,,,,,,,,,,,,,,,,,,,,,,,,,,,,,,,,,,,,,,,,,,,,,,,,,,,,,,,,,,,,,,,,,,,,,,,,,,,,,,,,,,,,,,,,,,,,,,,,,
89b52e8e-df0d-4dc8-a628-7eea2ea4dc20,743,1,00:23:02.002,23,2,30,Pass,46,360,Rayo Vallecano,3,From Free Kick,360,Rayo Vallecano,2.073046,,33325426-906a-4b7f-bbe3-65d6128e9474,26848,Roberto Trashorras Gayoso,11,Left Defensive Midfield,63.2,2.3,,,,,,,,,,,,,,,,,,,,,,,,,,,,,7900.0,Tiago Manuel Dias Correia,33.01833,0.5232783,3.0,High Pass,91.8,18.8,,40.0,Right Foot,,,,,,,,,,,,,,,dc9be2c0-a8e0-4b10-8c9a-a5c805cb78fa,True,,,,,,,,,,,,,,,,,,,,,,,,,,,,,,,,,,,,,,,,,,,,,,,,,,,,,,,,,,,,,,,,,,,,,,,,,,,,,,,,,,,,,,,,,,,,,,,,,,,,,,,,,,,,,,,,,,,,,,,,,,,,,,,,,,,,,,,
33325426-906a-4b7f-bbe3-65d6128e9474,744,1,00:23:04.075,23,4,42,Ball Receipt*,46,360,Rayo Vallecano,3,From Free Kick,360,Rayo Vallecano,,,89b52e8e-df0d-4dc8-a628-7eea2ea4dc20,7900,Tiago Manuel Dias Correia,21,Left Wing,91.8,18.8,,,,,,,,,,,,,,,,,,,,,,,,,,,,,,,,,,,,,,,,,,,,,,,,,,,,,,,,,,,,,,,,,,,,,,,,,,,,,,,,,,,,,,,,,,,,,,,,,,,,,,,,,,,,,,,,,,,,,,,,,,,,,,,,,,,,,,,,,,,,,,,,,,,,,,,,,,,,,,,,,,,,,,,,,,,,,,,,,,,,,,,,,,,,,,
82da0e3c-d364-4260-9f96-ba1ab07cad3d,745,1,00:23:04.075,23,4,43,Carry,46,360,Rayo Vallecano,3,From Free Kick,360,Rayo Vallecano,3.567021,,33325426-906a-4b7f-bbe3-65d6128e9474,7900,Tiago Manuel Dias Correia,21,Left Wing,91.8,18.8,,,,True,,,,,,,,,,,,,,,,,,,,,,,,,,,,,,,,,,,,,,,dc9be2c0-a8e0-4b10-8c9a-a5c805cb78fa,f1dd1c85-c3cb-45e3-9c2c-58f70b6ba51b,95.4,28.9,,,,,,,,,,,,,,,,,,,,,,,,,,,,,,,,,,,,,,,,,,,,,,,,,,,,,,,,,,,,,,,,,,,,,,,,,,,,,,,,,,,,,,,,,,,,,,,,,,,,,,,,,,,,,,,,,,,,,,,,,,,,,,,,,,,,,,,,,,,,,,,,
f1dd1c85-c3cb-45e3-9c2c-58f70b6ba51b,746,1,00:23:06.060,23,6,17,Pressure,46,360,Rayo Vallecano,3,From Free Kick,209,Celta Vigo,1.500772,,82da0e3c-d364-4260-9f96-ba1ab07cad3d,75537,David Goldar Gómez,3,Right Center Back,22.1,56.9,,,,,,,,,,,,,,,,,,,,,,,,,,,,,,,,,,,,,,,,,,,,,,,,,,,,,,,,,,,,,,,,,,,,,,,,,,,,,,,,,,,,,,,,,,,,,,,,,,,,,,,,,,,,,,,,,,,,,,,,,,,,,,,,,,,,,,,,,,,,,,,,,,,,,,,,,,,,,,,,,,,,,,,,,,,,,,,,,,,,,,,,,,,,,,
dc9be2c0-a8e0-4b10-8c9a-a5c805cb78fa,747,1,00:23:07.642,23,7,16,Shot,46,360,Rayo Vallecano,3,From Free Kick,360,Rayo Vallecano,0.64192,,84cff875-f52e-4f8f-a359-97865f3e143d,7900,Tiago Manuel Dias Correia,21,Left Wing,95.4,28.9,,,,,,,,,,,,,,,,,,,,,,,,,,,,,,,,,,,,,,,,,,,,,,,,,,,,,,,,0.03085322,116.9,38.2,0.2,89b52e8e-df0d-4dc8-a628-7eea2ea4dc20,93.0,Normal,40.0,Right Foot,87.0,Open Play,100.0,Saved,85.7,51.6,24138.0,Joaquín José Marín Ruiz,2.0,Right Back,True,91.8,15.2,6914.0,Roberto Román Triguero,5.0,Left Center Back,True,106.6,30.4,6852.0,Jozabed Sánchez Ruiz,19.0,Center Attacking Midfield,True,106.7,45.3,26685.0,Nicolás Ladislao Fedor Flores,23.0,Center Forward,True,86.8,38.0,4711.0,Pablo Hernández Domínguez,17.0,Right Wing,True,116.8,38.2,6884.0,Sergio Álvarez Conde,1.0,Goalkeeper,False,99.5,17.2,6805.0,Hugo Mallo Novegil,2.0,Right Back,False,92.9,38.4,13552.0,Borja Fernández Fernández,9.0,Right Defensive Midfield,False,99.5,24.0,6796.0,Nemanja Radoja,11.0,Left Defensive Midfield,False,97.1,27.2,75537.0,David Goldar Gómez,3.0,Right Center Back,False,88.6,51.5,23785.0,Théo Bongonda Mbul''Ofeko Batombo,21.0,Left Wing,False,103.3,32.8,6804.0,Sergi Gómez Solà,5.0,Left Center Back,False,105.5,42.4,7577.0,Carles Planas Antolínez,6.0,Left Back,False,,,,,,,,,,,,,,,,,,,,,,,,,,,,,,,
84cff875-f52e-4f8f-a359-97865f3e143d,748,1,00:23:08.284,23,8,23,Goal Keeper,46,360,Rayo Vallecano,3,From Free Kick,209,Celta Vigo,0.0,,dc9be2c0-a8e0-4b10-8c9a-a5c805cb78fa,6884,Sergio Álvarez Conde,1,Goalkeeper,3.3,41.9,,,,,,,,,,,,,44.0,Set,33.0,Shot Saved,56.0,Saved Twice,46.0,Standing,,,,,,,,,,,,,,,,,,,,,,,,,,,,,,,,,,,,,,,,,,,,,,,,,,,,,,,,,,,,,,,,,,,,,,,,,,,,,,,,,,,,,,,,,,,,,,,,,,,,,,,,,,,,,,,,,,,,,,,,,,,,,,,,,,,,,,,,,,,,35.0,Both Hands,,,,,,,,,,,,,,,,,,,,,,,,,,,,,
4dd38f98-5c89-46f2-99d4-b1c561ed06d7,752,1,00:23:25.857,23,25,30,Pass,48,360,Rayo Vallecano,8,From Keeper,360,Rayo Vallecano,0.891328,,116b5987-0aa4-4c08-90c2-5172aef4f335,11298,José Ignacio Martínez García,6,Left Back,29.2,20.5,,,,True,,,,,,,,,,,,,,,,,,,,,,,,,26848.0,Roberto Trashorras Gayoso,10.937093,-0.082381934,2.0,Low Pass,40.1,19.6,,,,66.0,Recovery,,6a030576-7746-473a-9d9f-8a0a4db07a24,a2e91d5a-ddd0-40fb-81e9-370dda0e2670,,,,,,,,,,,,,,,,,,,,,,,,,,,,,,,,,,,,,,,,,,,,,,,,,,,,,,,,,,,,,,,,,,,,,,,,,,,,,,,,,,,,,,,,,,,,,,,,,,,,,,,,,,,,,,,,,,,,,,True,,,,,,,,,,,,,,,,,,,,,,,,,,,,
6a030576-7746-473a-9d9f-8a0a4db07a24,753,1,00:23:26.748,23,26,42,Ball Receipt*,48,360,Rayo Vallecano,8,From Keeper,360,Rayo Vallecano,,,4dd38f98-5c89-46f2-99d4-b1c561ed06d7,26848,Roberto Trashorras Gayoso,11,Left Defensive Midfield,40.1,19.6,,,,,,,,,,,,,,,,,,,,,,,,,,,,,,,,,,,,,,,,,,,,,,,,,,,,,,,,,,,,,,,,,,,,,,,,,,,,,,,,,,,,,,,,,,,,,,,,,,,,,,,,,,,,,,,,,,,,,,,,,,,,,,,,,,,,,,,,,,,,,,,,,,,,,,,,,,,,,,,,,,,,,,,,,,,,,,,,,,,,,,,,,,,,,,
d0c15ca4-260f-479d-98c9-60d5267b8a89,754,1,00:23:26.748,23,26,43,Carry,48,360,Rayo Vallecano,8,From Keeper,360,Rayo Vallecano,0.120912,,143fb507-4724-46ca-91a6-eda53d4f2ffe,26848,Roberto Trashorras Gayoso,11,Left Defensive Midfield,40.1,19.6,,,,,,,,,,,,,,,,,,,,,,,,,,,,,,,,,,,,,,,,,,,6a030576-7746-473a-9d9f-8a0a4db07a24,,39.8,19.6,,,,,,,,,,,,,,,,,,,,,,,,,,,,,,,,,,,,,,,,,,,,,,,,,,,,,,,,,,,,,,,,,,,,,,,,,,,,,,,,,,,,,,,,,,,,,,,,,,,,,,,,,,,,,,,,,,,,,,,,,,,,,,,,,,,,,,,,,,,,,,,,
143fb507-4724-46ca-91a6-eda53d4f2ffe,755,1,00:23:26.869,23,26,30,Pass,48,360,Rayo Vallecano,8,From Keeper,360,Rayo Vallecano,1.375008,,5ca46954-e7fa-47f5-9dfd-0714398ab8b7,26848,Roberto Trashorras Gayoso,11,Left Defensive Midfield,39.8,19.6,,,,,,,,,,,,,,,,,,,,,,,,,,,,,7900.0,Tiago Manuel Dias Correia,12.900388,-1.0064452,1.0,Ground Pass,46.7,8.7,,40.0,Right Foot,,,,,,,,,,,,,,,,,,,,,,,,,,,,,,,,,,,,,,,,,,,,,,,,,,,,,,,,,,,,,,,,,,,,,,,,,,,,,,,,,,,,,,,,,,,,,,,,,,,,,,,,,,,,,,,,,,,,,,,,,,,,,,,,,,,,,,,,,,,,,,,,,,,,,,,
5ca46954-e7fa-47f5-9dfd-0714398ab8b7,756,1,00:23:28.244,23,28,42,Ball Receipt*,48,360,Rayo Vallecano,8,From Keeper,360,Rayo Vallecano,,,143fb507-4724-46ca-91a6-eda53d4f2ffe,7900,Tiago Manuel Dias Correia,21,Left Wing,46.7,8.7,,,,,,,,,,,,,,,,,,,,,,,,,,,,,,,,,,,,,,,,,,,,,,,,,,,,,,,,,,,,,,,,,,,,,,,,,,,,,,,,,,,,,,,,,,,,,,,,,,,,,,,,,,,,,,,,,,,,,,,,,,,,,,,,,,,,,,,,,,,,,,,,,,,,,,,,,,,,,,,,,,,,,,,,,,,,,,,,,,,,,,,,,,,,,,
516ec5c0-923d-450a-a84f-4e49b2739cfa,757,1,00:23:28.244,23,28,43,Carry,48,360,Rayo Vallecano,8,From Keeper,360,Rayo Vallecano,4.950247,,5ca46954-e7fa-47f5-9dfd-0714398ab8b7,7900,Tiago Manuel Dias Correia,21,Left Wing,46.7,8.7,,,,,,,,,,,,,,,,,,,,,,,,,,,,,,,,,,,,,,,,,,,60d79e06-87fc-4135-96ee-cbfc044ecc00,,68.7,29.5,,,,,,,,,,,,,,,,,,,,,,,,,,,,,,,,,,,,,,,,,,,,,,,,,,,,,,,,,,,,,,,,,,,,,,,,,,,,,,,,,,,,,,,,,,,,,,,,,,,,,,,,,,,,,,,,,,,,,,,,,,,,,,,,,,,,,,,,,,,,,,,,
60d79e06-87fc-4135-96ee-cbfc044ecc00,758,1,00:23:33.194,23,33,30,Pass,48,360,Rayo Vallecano,8,From Keeper,360,Rayo Vallecano,3.994006,,51daba6a-4c90-46c7-a4d7-1e3a720f006a,7900,Tiago Manuel Dias Correia,21,Left Wing,68.7,29.5,,,,,,,,,,,,,,,,,,,,,,,,,,,,,24138.0,Joaquín José Marín Ruiz,62.17009,0.9453113,1.0,Ground Pass,105.1,79.9,True,40.0,Right Foot,,,,,,,,75.0,Out,,,,,,,,,,,,,,,,,,,,,,,,,,,,,,,,,,,,,,,,,,,,,,,,,,,,,,,,,,,,,,,,,,,,,,,,,,,,,,,,,,,,,,,,,,,,,,,,,,,,,,,,,,,,,,,,,,,,,,,,,,,,,,,,,,,,,,,,,,,,,,
51daba6a-4c90-46c7-a4d7-1e3a720f006a,759,1,00:23:37.188,23,37,42,Ball Receipt*,48,360,Rayo Vallecano,8,From Keeper,360,Rayo Vallecano,,,60d79e06-87fc-4135-96ee-cbfc044ecc00,24138,Joaquín José Marín Ruiz,2,Right Back,97.6,67.1,,,,,,,,,,,,,,,,,,,,,,,,,,,,,,,,,,,,,,,,,,,,,,,,,9.0,Incomplete,,,,,,,,,,,,,,,,,,,,,,,,,,,,,,,,,,,,,,,,,,,,,,,,,,,,,,,,,,,,,,,,,,,,,,,,,,,,,,,,,,,,,,,,,,,,,,,,,,,,,,,,,,,,,,,,,,,,,,,,,,,,,,,,,,,,,,,,,,,,
34384149-6e83-46ca-b9ab-4fca5e79efbb,763,1,00:24:13.248,24,13,30,Pass,50,360,Rayo Vallecano,4,From Throw In,360,Rayo Vallecano,0.457263,,,24138,Joaquín José Marín Ruiz,2,Right Back,92.0,80.0,,,,,,,,,,,,,,,,,,,,,,,,,,,,,,,14.623953,-0.46058953,3.0,High Pass,105.1,73.5,,,,67.0,Throw-in,,,,,,77.0,Unknown,,,,,,,,,,,,,,,,,,,,,,,,,,,,,,,,,,,,,,,,,,,,,,,,,,,,,,,,,,,,,,,,,,,,,,,,,,,,,,,,,,,,,,,,,,,,,,,,,,,,,,,,,,,,,,,,,,,,,,,,,,,,,,,,,,,,,,,,,,,,,,
35e65f55-0ff9-48b6-a177-0e3554820a74,764,1,00:24:13.745,24,13,22,Foul Committed,50,360,Rayo Vallecano,4,From Throw In,209,Celta Vigo,0.0,,62b03f2f-7f34-4d0c-9bba-d3d451134796,23785,Théo Bongonda Mbul''Ofeko Batombo,21,Left Wing,18.4,5.7,,,,,,,,,,,,,,,,,,,,,,,,,,,,,,,,,,,,,,,,,,,,,,,,,,,,,,,,,,,,,,,,,,,,,,,,,,,,,,,,,,,,,,,,,,,,,,,,,,,,,,,,,,,,,,,,,,,,,,,,,,,,,,,,,,,,,,,,,,,,,,,,,,,,,,,,,,,,,,,,,,,,,,,,,,,,,,,,,,,,,,,,,,,,,,
62b03f2f-7f34-4d0c-9bba-d3d451134796,765,1,00:24:13.745,24,13,21,Foul Won,50,360,Rayo Vallecano,4,From Throw In,360,Rayo Vallecano,0.0,,35e65f55-0ff9-48b6-a177-0e3554820a74,4711,Pablo Hernández Domínguez,17,Right Wing,101.7,74.4,,,,True,,,,,,,,,,,,,,,,,,,,,,,,,,,,,,,,,,,,,,,,,,,,,,,,,,,,,,,,,,,,,,,,,,,,,,,,,,,,,,,,,,,,,,,,,,,,,,,,,,,,,,,,,,,,,,,,,,,,,,,,,,,,,,,,,,,,,,,,,,,,,,,,,,,,,,,,,,,,,,,,True,,,,,,,,,,,,,,,,,,,,,,,,,,
443bebbf-9189-4358-b71f-ed753a8fd091,766,1,00:25:00.462,25,0,30,Pass,51,360,Rayo Vallecano,3,From Free Kick,360,Rayo Vallecano,1.746252,,583b4e9d-3ae8-444c-90c9-0953b12b387d,26848,Roberto Trashorras Gayoso,11,Left Defensive Midfield,100.7,71.7,,,,,,,,,,,,,,,,,,,,,,,,,,,,,6914.0,Roberto Román Triguero,39.548706,-1.2810348,3.0,High Pass,112.0,33.8,,40.0,Right Foot,62.0,Free Kick,,,,,,,,,,,,,a418172b-6aef-4ad5-ad45-cd4a86d200db,,,,,,,,,,,,,,,,,,,,,,,,,,,,,,,,,,,,,,,,,,,,,,,,,,,,,,,,,,,,,,,,,,,,,,,,,,,,,,,,,,,,,,,,,,,,,,,,,,,,,,,,,,,,,,,True,True,,,,,,,,,,,,,,,,,,,,,,,,
583b4e9d-3ae8-444c-90c9-0953b12b387d,767,1,00:25:02.208,25,2,42,Ball Receipt*,51,360,Rayo Vallecano,3,From Free Kick,360,Rayo Vallecano,,,443bebbf-9189-4358-b71f-ed753a8fd091,6914,Roberto Román Triguero,5,Left Center Back,112.0,33.8,,,,,,,,,,,,,,,,,,,,,,,,,,,,,,,,,,,,,,,,,,,,,,,,,,,,,,,,,,,,,,,,,,,,,,,,,,,,,,,,,,,,,,,,,,,,,,,,,,,,,,,,,,,,,,,,,,,,,,,,,,,,,,,,,,,,,,,,,,,,,,,,,,,,,,,,,,,,,,,,,,,,,,,,,,,,,,,,,,,,,,,,,,,,,,
ae38c3cf-18c0-4767-bc51-ec30b6cc10f5,768,1,00:25:02.208,25,2,4,Duel,51,360,Rayo Vallecano,3,From Free Kick,209,Celta Vigo,0.0,,a418172b-6aef-4ad5-ad45-cd4a86d200db,6804,Sergi Gómez Solà,5,Left Center Back,8.1,44.8,,,,True,,,,,,,,,,,,,,,,,,,,,,,,,,,,,,,,,,,,,,,,,,,,,,,,,,,,,,,,,,,,,,,,,,,,,,,,,,,,,,,,,,,,,,,,,,,,,,,,,,,,,,,,,,,,,,,,,,,,,,,,,,,,,,,,,,,,,,,,,,,,,,,,,,,,,,,,,,,,,,,,,,,10.0,Aerial Lost,,,,,,,,,,,,,,,,,,,,,,
a418172b-6aef-4ad5-ad45-cd4a86d200db,769,1,00:25:02.208,25,2,16,Shot,51,360,Rayo Vallecano,3,From Free Kick,360,Rayo Vallecano,0.586573,,ae38c3cf-18c0-4767-bc51-ec30b6cc10f5,6914,Roberto Román Triguero,5,Left Center Back,112.0,35.3,,,,True,,,,,,,,,,,,,,,,,,,,,,,,,,,,,,,,,,,,,,,e027535c-b8cc-45f9-a48c-7f048df6bdf1,,,,,,,,,,,,,0.053993687,120.0,37.1,1.4,443bebbf-9189-4358-b71f-ed753a8fd091,93.0,Normal,37.0,Head,87.0,Open Play,97.0,Goal,112.3,43.0,26685.0,Nicolás Ladislao Fedor Flores,23.0,Center Forward,True,113.3,41.6,6713.0,Diego Javier Llorente Ríos,9.0,Right Defensive Midfield,True,109.5,45.3,7900.0,Tiago Manuel Dias Correia,21.0,Left Wing,True,93.8,49.6,4711.0,Pablo Hernández Domínguez,17.0,Right Wing,True,100.5,46.9,23785.0,Théo Bongonda Mbul''Ofeko Batombo,21.0,Left Wing,False,111.1,46.6,27342.0,Josep Señé Escudero,19.0,Center Attacking Midfield,False,113.5,39.2,6804.0,Sergi Gómez Solà,5.0,Left Center Back,False,111.6,42.2,26222.0,José Eduardo Rosa Vale de Castro,3.0,Right Center Back,True,113.3,40.4,75537.0,David Goldar Gómez,3.0,Right Center Back,False,112.2,42.1,27340.0,Dejan Dražić,17.0,Right Wing,False,110.9,45.4,7577.0,Carles Planas Antolínez,6.0,Left Back,False,113.8,35.0,6805.0,Hugo Mallo Novegil,2.0,Right Back,False,112.6,35.9,13552.0,Borja Fernández Fernández,9.0,Right Defensive Midfield,False,,,,,,,,,,True,118.3,39.7,6884.0,Sergio Álvarez Conde,1.0,Goalkeeper,False,112.8,33.9,6796.0,Nemanja Radoja,11.0,Left Defensive Midfield,False,111.9,36.6,6852.0,Jozabed Sánchez Ruiz,19.0,Center Attacking Midfield,True
