id,index,period,timestamp,minute,second,type_id,type_name,possession,possession_team_id,possession_team_name,play_pattern_id,play_pattern_name,team_id,team_name,duration,tactics,related_events_0,off_camera,player_id,player_name,position_id,position_name,location_0,location_1,pass,carry,under_pressure,ball_receipt,out,clearance,dribble,shot,goalkeeper_position_id,goalkeeper_position_name,goalkeeper_technique_id,goalkeeper_technique_name,goalkeeper_type_id,goalkeeper_type_name,goalkeeper_outcome_id,goalkeeper_outcome_name,counterpress,duel,50_50,interception,foul_won,foul_committed,block,substitution,ball_recovery,injury_stoppage,related_events_1,pass_recipient_id,pass_recipient_name,pass_length,pass_angle,pass_height_id,pass_height_name,pass_end_location_0,pass_end_location_1,pass_body_part_id,pass_body_part_name,pass_type_id,pass_type_name,goalkeeper,carry_end_location_0,carry_end_location_1,pass_outcome_id,pass_outcome_name,ball_receipt_outcome_id,ball_receipt_outcome_name,related_events_2,pass_switch,pass_cross,related_events,foul_committed_card_id,foul_committed_card_name,foul_won_defensive,interception_outcome_id,interception_outcome_name,duel_type_id,duel_type_name,duel_outcome_id,duel_outcome_name,related_events_3,related_events_4,foul_committed_penalty,foul_won_penalty,tactics_formation,tactics_lineup_0_player_id,tactics_lineup_0_player_name,tactics_lineup_0_position_id,tactics_lineup_0_position_name,tactics_lineup_0_jersey_number,tactics_lineup_1_player_id,tactics_lineup_1_player_name,tactics_lineup_1_position_id,tactics_lineup_1_position_name,tactics_lineup_1_jersey_number,tactics_lineup_2_player_id,tactics_lineup_2_player_name,tactics_lineup_2_position_id,tactics_lineup_2_position_name,tactics_lineup_2_jersey_number,tactics_lineup_3_player_id,tactics_lineup_3_player_name,tactics_lineup_3_position_id,tactics_lineup_3_position_name,tactics_lineup_3_jersey_number,tactics_lineup_4_player_id,tactics_lineup_4_player_name,tactics_lineup_4_position_id,tactics_lineup_4_position_name,tactics_lineup_4_jersey_number,tactics_lineup_5_player_id,tactics_lineup_5_player_name,tactics_lineup_5_position_id,tactics_lineup_5_position_name,tactics_lineup_5_jersey_number,tactics_lineup_6_player_id,tactics_lineup_6_player_name,tactics_lineup_6_position_id,tactics_lineup_6_position_name,tactics_lineup_6_jersey_number,tactics_lineup_7_player_id,tactics_lineup_7_player_name,tactics_lineup_7_position_id,tactics_lineup_7_position_name,tactics_lineup_7_jersey_number,tactics_lineup_8_player_id,tactics_lineup_8_player_name,tactics_lineup_8_position_id,tactics_lineup_8_position_name,tactics_lineup_8_jersey_number,tactics_lineup_9_player_id,tactics_lineup_9_player_name,tactics_lineup_9_position_id,tactics_lineup_9_position_name,tactics_lineup_9_jersey_number,tactics_lineup_10_player_id,tactics_lineup_10_player_name,tactics_lineup_10_position_id,tactics_lineup_10_position_name,tactics_lineup_10_jersey_number,player,position,location,shot_one_on_one,shot_statsbomb_xg,shot_end_location_0,shot_end_location_1,shot_end_location_2,shot_type_id,shot_type_name,shot_outcome_id,shot_outcome_name,shot_technique_id,shot_technique_name,shot_body_part_id,shot_body_part_name,shot_freeze_frame_0_location_0,shot_freeze_frame_0_location_1,shot_freeze_frame_0_player_id,shot_freeze_frame_0_player_name,shot_freeze_frame_0_position_id,shot_freeze_frame_0_position_name,shot_freeze_frame_0_teammate,dribble_outcome_id,dribble_outcome_name,clearance_right_foot,clearance_body_part_id,clearance_body_part_name,pass_through_ball,pass_technique_id,pass_technique_name,goalkeeper_body_part_id,goalkeeper_body_part_name,clearance_head,shot_deflected,shot_first_time,shot_freeze_frame_1_location_0,shot_freeze_frame_1_location_1,shot_freeze_frame_1_player_id,shot_freeze_frame_1_player_name,shot_freeze_frame_1_position_id,shot_freeze_frame_1_position_name,shot_freeze_frame_1_teammate,shot_freeze_frame_2_location_0,shot_freeze_frame_2_location_1,shot_freeze_frame_2_player_id,shot_freeze_frame_2_player_name,shot_freeze_frame_2_position_id,shot_freeze_frame_2_position_name,shot_freeze_frame_2_teammate,shot_freeze_frame_3_location_0,shot_freeze_frame_3_location_1,shot_freeze_frame_3_player_id,shot_freeze_frame_3_player_name,shot_freeze_frame_3_position_id,shot_freeze_frame_3_position_name,shot_freeze_frame_3_teammate,shot_freeze_frame_4_location_0,shot_freeze_frame_4_location_1,shot_freeze_frame_4_player_id,shot_freeze_frame_4_player_name,shot_freeze_frame_4_position_id,shot_freeze_frame_4_position_name,shot_freeze_frame_4_teammate,shot_freeze_frame_5_location_0,shot_freeze_frame_5_location_1,shot_freeze_frame_5_player_id,shot_freeze_frame_5_player_name,shot_freeze_frame_5_position_id,shot_freeze_frame_5_position_name,shot_freeze_frame_5_teammate,shot_freeze_frame_6_location_0,shot_freeze_frame_6_location_1,shot_freeze_frame_6_player_id,shot_freeze_frame_6_player_name,shot_freeze_frame_6_position_id,shot_freeze_frame_6_position_name,shot_freeze_frame_6_teammate,shot_freeze_frame_7_location_0,shot_freeze_frame_7_location_1,shot_freeze_frame_7_player_id,shot_freeze_frame_7_player_name,shot_freeze_frame_7_position_id,shot_freeze_frame_7_position_name,shot_freeze_frame_7_teammate,shot_freeze_frame_8_location_0,shot_freeze_frame_8_location_1,shot_freeze_frame_8_player_id,shot_freeze_frame_8_player_name,shot_freeze_frame_8_position_id,shot_freeze_frame_8_position_name,shot_freeze_frame_8_teammate,shot_freeze_frame_9_location_0,shot_freeze_frame_9_location_1,shot_freeze_frame_9_player_id,shot_freeze_frame_9_player_name,shot_freeze_frame_9_position_id,shot_freeze_frame_9_position_name,shot_freeze_frame_9_teammate,shot_freeze_frame_10_location_0,shot_freeze_frame_10_location_1,shot_freeze_frame_10_player_id,shot_freeze_frame_10_player_name,shot_freeze_frame_10_position_id,shot_freeze_frame_10_position_name,shot_freeze_frame_10_teammate,shot_freeze_frame_11_location_0,shot_freeze_frame_11_location_1,shot_freeze_frame_11_player_id,shot_freeze_frame_11_player_name,shot_freeze_frame_11_position_id,shot_freeze_frame_11_position_name,shot_freeze_frame_11_teammate,shot_freeze_frame_12_location_0,shot_freeze_frame_12_location_1,shot_freeze_frame_12_player_id,shot_freeze_frame_12_player_name,shot_freeze_frame_12_position_id,shot_freeze_frame_12_position_name,shot_freeze_frame_12_teammate,shot_freeze_frame_13_location_0,shot_freeze_frame_13_location_1,shot_freeze_frame_13_player_id,shot_freeze_frame_13_player_name,shot_freeze_frame_13_position_id,shot_freeze_frame_13_position_name,shot_freeze_frame_13_teammate,shot_freeze_frame_14_location_0,shot_freeze_frame_14_location_1,shot_freeze_frame_14_player_id,shot_freeze_frame_14_player_name,shot_freeze_frame_14_position_id,shot_freeze_frame_14_position_name,shot_freeze_frame_14_teammate
de8369cc-8de6-4e67-a58e-b02a897f61c4,1317,1,00:34:45.081,34,45,30,Pass,90,217,Barcelona,1,Regular Play,217,Barcelona,0.779499,,ee7c2694-3bc7-4193-a647-b02ca90152b1,,5203.0,Sergio Busquets i Burgos,10.0,Center Defensive Midfield,54.9,56.1,,,,,,,,,,,,,,,,,,,,,,,,,,,f322ce87-09b0-469c-9cf1-09bacc65335e,4324.0,Daniel Alves da Silva,9.217917,1.834194,1.0,Ground Pass,52.5,65.0,40.0,Right Foot,66.0,Recovery,,,,,,,,,,,,,,,,,,,,,,,,,,,,,,,,,,,,,,,,,,,,,,,,,,,,,,,,,,,,,,,,,,,,,,,,,,,,,,,,,,,,,,,,,,,,,,,,,,,,,,,,,,,,,,,,,,,,,,,,,,,,,,,,,,,,,,,,,,,,,,,,,,,,,,,,,,,,,,,,,,,,,,,,,,,,,,,,,,,,,,,,,,,,,,,,,,,,,,,,,,,,,,,,,,,,,,
4d400a2b-3322-4229-934d-1ce678bfd23f,1319,1,00:34:45.860,34,45,30,Pass,90,217,Barcelona,1,Regular Play,217,Barcelona,0.641401,,23812ec5-8d16-4ed6-9c68-a10e358366e4,,4324.0,Daniel Alves da Silva,2.0,Right Back,51.4,65.4,,,,,,,,,,,,,,,,,,,,,,,,,,,,5470.0,Ivan Rakitić,4.924429,-0.22527678,1.0,Ground Pass,56.2,64.3,40.0,Right Foot,,,,,,,,,,,,,,,,,,,,,,,,,,,,,,,,,,,,,,,,,,,,,,,,,,,,,,,,,,,,,,,,,,,,,,,,,,,,,,,,,,,,,,,,,,,,,,,,,,,,,,,,,,,,,,,,,,,,,,,,,,,,,,,,,,,,,,,,,,,,,,,,,,,,,,,,,,,,,,,,,,,,,,,,,,,,,,,,,,,,,,,,,,,,,,,,,,,,,,,,,,,,,,,,,,,,,,,,
9c597a97-eb4d-4b7b-a6e7-efb50e9ebf5b,1321,1,00:34:46.502,34,46,30,Pass,90,217,Barcelona,1,Regular Play,217,Barcelona,0.846849,,e985f512-507b-4429-9f4b-31e64e60c5cd,,5470.0,Ivan Rakitić,13.0,Right Center Midfield,56.2,64.3,,,,,,,,,,,,,,,,,,,,,,,,,,,,4324.0,Daniel Alves da Silva,6.258594,2.9159913,1.0,Ground Pass,50.1,65.7,40.0,Right Foot,,,,,,,,,,,,,,,,,,,,,,,,,,,,,,,,,,,,,,,,,,,,,,,,,,,,,,,,,,,,,,,,,,,,,,,,,,,,,,,,,,,,,,,,,,,,,,,,,,,,,,,,,,,,,,,,,,,,,,,,,,,,,,,,,,,,,,,,,,,,,,,,,,,,,,,,,,,,,,,,,,,,,,,,,,,,,,,,,,,,,,,,,,,,,,,,,,,,,,,,,,,,,,,,,,,,,,,,
9ce8fdf3-ca4b-45d0-b54b-77eba3f6a952,1324,1,00:34:48.681,34,48,30,Pass,90,217,Barcelona,1,Regular Play,217,Barcelona,2.26546,,91757767-f05f-41be-998f-05443be7210f,,4324.0,Daniel Alves da Silva,2.0,Right Back,46.4,64.1,,,,,,,,,,,,,,,,,,,,,,,,,,,,5506.0,Javier Alejandro Mascherano,11.388591,-2.7920716,1.0,Ground Pass,35.7,60.2,40.0,Right Foot,,,,,,,,,,,,,,,,,,,,,,,,,,,,,,,,,,,,,,,,,,,,,,,,,,,,,,,,,,,,,,,,,,,,,,,,,,,,,,,,,,,,,,,,,,,,,,,,,,,,,,,,,,,,,,,,,,,,,,,,,,,,,,,,,,,,,,,,,,,,,,,,,,,,,,,,,,,,,,,,,,,,,,,,,,,,,,,,,,,,,,,,,,,,,,,,,,,,,,,,,,,,,,,,,,,,,,,,
a104a801-ce87-4028-bb35-993709ffc392,1327,1,00:34:51.599,34,51,30,Pass,90,217,Barcelona,1,Regular Play,217,Barcelona,1.045062,,e47455ee-783d-48e8-95bb-53fd784fd7dc,,5506.0,Javier Alejandro Mascherano,3.0,Right Center Back,36.8,56.7,,,,,,,,,,,,,,,,,,,,,,,,,,,,4324.0,Daniel Alves da Silva,12.847178,0.55777425,1.0,Ground Pass,47.7,63.5,40.0,Right Foot,,,,,,,,,,,,,,,,,,,,,,,,,,,,,,,,,,,,,,,,,,,,,,,,,,,,,,,,,,,,,,,,,,,,,,,,,,,,,,,,,,,,,,,,,,,,,,,,,,,,,,,,,,,,,,,,,,,,,,,,,,,,,,,,,,,,,,,,,,,,,,,,,,,,,,,,,,,,,,,,,,,,,,,,,,,,,,,,,,,,,,,,,,,,,,,,,,,,,,,,,,,,,,,,,,,,,,,,
010f1131-1f3e-412d-9525-7b164a0ddc51,1330,1,00:34:54.101,34,54,30,Pass,90,217,Barcelona,1,Regular Play,217,Barcelona,0.709481,,f990cc90-e833-49b6-b566-d0134d4d108b,,4324.0,Daniel Alves da Silva,2.0,Right Back,49.0,63.3,,,,,,,,,,,,,,,,,,,,,,,,,,,,5503.0,Lionel Andrés Messi Cuccittini,18.474306,-0.20164181,1.0,Ground Pass,67.1,59.6,40.0,Right Foot,,,,,,,,,,,,,,,,,,,,,,,,,,,,,,,,,,,,,,,,,,,,,,,,,,,,,,,,,,,,,,,,,,,,,,,,,,,,,,,,,,,,,,,,,,,,,,,,,,,,,,,,,,,,,,,,,,,,,,,,,,,,,,,,,,,,,,,,,,,,,,,,,,,,,,,,,,,,,,,,,,,,,,,,,,,,,,,,,,,,,,,,,,,,,,,,,,,,,,,,,,,,,,,,,,,,,,,,
cdf04094-c324-4cf8-bf80-702257300eae,1333,1,00:34:56.396,34,56,30,Pass,90,217,Barcelona,1,Regular Play,217,Barcelona,0.7266,,b9aa4896-72f5-4ec1-9d98-ab49420c7ab4,,5503.0,Lionel Andrés Messi Cuccittini,23.0,Center Forward,65.1,56.7,,,,,,,,,,,,,,,,,,,,,,,,,,,,4320.0,Neymar da Silva Santos Junior,10.793516,-0.693552,1.0,Ground Pass,73.4,49.8,38.0,Left Foot,,,,,,,,,,,,,,,,,,,,,,,,,,,,,,,,,,,,,,,,,,,,,,,,,,,,,,,,,,,,,,,,,,,,,,,,,,,,,,,,,,,,,,,,,,,,,,,,,,,,,,,,,,,,,,,,,,,,,,,,,,,,,,,,,,,,,,,,,,,,,,,,,,,,,,,,,,,,,,,,,,,,,,,,,,,,,,,,,,,,,,,,,,,,,,,,,,,,,,,,,,,,,,,,,,,,,,,,
ce852f71-29db-40ac-a50a-166b75843573,1336,1,00:34:57.162,34,57,30,Pass,90,217,Barcelona,1,Regular Play,217,Barcelona,0.529301,,0045be5e-282a-482f-b47b-f2dfed955d35,,4320.0,Neymar da Silva Santos Junior,21.0,Left Wing,73.2,49.3,,,,,,,,,,,,,,,,,,,,,,,,,,,27266d11-7984-48c3-919d-07e25c8fe762,5503.0,Lionel Andrés Messi Cuccittini,7.7077885,-2.3653686,1.0,Ground Pass,67.7,43.9,38.0,Left Foot,,,,,,9.0,Incomplete,,,,,,,,,,,,,,,,,,,,,,,,,,,,,,,,,,,,,,,,,,,,,,,,,,,,,,,,,,,,,,,,,,,,,,,,,,,,,,,,,,,,,,,,,,,,,,,,,,,,,,,,,,,,,,,,,,,,,,,,,,,,,,,,,,,,,,,,,,,,,,,,,,,,,,,,,,,,,,,,,,,,,,,,,,,,,,,,,,,,,,,,,,,,,,,,,,,,,,,,,,,,,,,,,
0ae59859-392d-43cc-a7ef-89b89d8bf6c2,1340,1,00:34:59.044,34,59,30,Pass,90,217,Barcelona,1,Regular Play,217,Barcelona,1.6505,,0045be5e-282a-482f-b47b-f2dfed955d35,,5203.0,Sergio Busquets i Burgos,10.0,Center Defensive Midfield,57.7,49.1,,,,,,,,,,,,,,,,,,,,,,,,,,,ce6882e7-f209-490c-8fe3-f9c564da697d,10609.0,Jérémy Mathieu,14.649232,-2.13229,1.0,Ground Pass,49.9,36.7,38.0,Left Foot,66.0,Recovery,,,,,,,,,,,,,,,,,,,,,,,,,,,,,,,,,,,,,,,,,,,,,,,,,,,,,,,,,,,,,,,,,,,,,,,,,,,,,,,,,,,,,,,,,,,,,,,,,,,,,,,,,,,,,,,,,,,,,,,,,,,,,,,,,,,,,,,,,,,,,,,,,,,,,,,,,,,,,,,,,,,,,,,,,,,,,,,,,,,,,,,,,,,,,,,,,,,,,,,,,,,,,,,,,,,,,,
a979ddc4-7f2a-4175-8c1d-deafea4bface,1342,1,00:35:00.695,35,0,30,Pass,90,217,Barcelona,1,Regular Play,217,Barcelona,1.806537,,4faecc3a-510c-4c51-a26c-f6e6bb047944,,10609.0,Jérémy Mathieu,5.0,Left Center Back,49.9,36.7,,,,,,,,,,,,,,,,,,,,,,,,,,,,5211.0,Jordi Alba Ramos,26.468283,-1.0089931,1.0,Ground Pass,64.0,14.3,40.0,Right Foot,,,,,,,,,,,,,,,,,,,,,,,,,,,,,,,,,,,,,,,,,,,,,,,,,,,,,,,,,,,,,,,,,,,,,,,,,,,,,,,,,,,,,,,,,,,,,,,,,,,,,,,,,,,,,,,,,,,,,,,,,,,,,,,,,,,,,,,,,,,,,,,,,,,,,,,,,,,,,,,,,,,,,,,,,,,,,,,,,,,,,,,,,,,,,,,,,,,,,,,,,,,,,,,,,,,,,,,,
76348901-8c96-4a39-b081-f34a1e5677d9,1345,1,00:35:03.583,35,3,30,Pass,90,217,Barcelona,1,Regular Play,217,Barcelona,0.817564,,75a109b8-87fb-43a3-bf51-b56c09dea133,,5211.0,Jordi Alba Ramos,6.0,Left Back,63.6,12.1,,,,,,,,,,,,,,,,,,,,,,,,,,,,5216.0,Andrés Iniesta Luján,6.8942003,1.152572,1.0,Ground Pass,66.4,18.4,38.0,Left Foot,,,,,,,,,,,,,,,,,,,,,,,,,,,,,,,,,,,,,,,,,,,,,,,,,,,,,,,,,,,,,,,,,,,,,,,,,,,,,,,,,,,,,,,,,,,,,,,,,,,,,,,,,,,,,,,,,,,,,,,,,,,,,,,,,,,,,,,,,,,,,,,,,,,,,,,,,,,,,,,,,,,,,,,,,,,,,,,,,,,,,,,,,,,,,,,,,,,,,,,,,,,,,,,,,,,,,,,,
7fe4dec9-59dd-42fa-88b9-758fed625097,1348,1,00:35:05.502,35,5,30,Pass,90,217,Barcelona,1,Regular Play,217,Barcelona,0.592001,,4b675762-6797-4872-a908-bc529910bd22,,5216.0,Andrés Iniesta Luján,15.0,Left Center Midfield,66.2,18.6,,,,,,,,,,,,,,,,,,,,,,,,,,,,5503.0,Lionel Andrés Messi Cuccittini,5.515433,0.7853982,1.0,Ground Pass,70.1,22.5,40.0,Right Foot,,,,,,,,,,,,,,,,,,,,,,,,,,,,,,,,,,,,,,,,,,,,,,,,,,,,,,,,,,,,,,,,,,,,,,,,,,,,,,,,,,,,,,,,,,,,,,,,,,,,,,,,,,,,,,,,,,,,,,,,,,,,,,,,,,,,,,,,,,,,,,,,,,,,,,,,,,,,,,,,,,,,,,,,,,,,,,,,,,,,,,,,,,,,,,,,,,,,,,,,,,,,,,,,,,,,,,,,
66bc851b-6def-4c40-9a9a-1df4e53f8541,1350,1,00:35:06.094,35,6,30,Pass,90,217,Barcelona,1,Regular Play,217,Barcelona,1.838963,,73914a15-153b-46b0-88f9-7ab475ebede0,,5503.0,Lionel Andrés Messi Cuccittini,23.0,Center Forward,70.1,22.5,,,,,,,,,,,,,,,,,,,,,,,,,,,,5211.0,Jordi Alba Ramos,12.907749,-1.9685671,1.0,Ground Pass,65.1,10.6,38.0,Left Foot,,,,,,,,,,,,,,,,,,,,,,,,,,,,,,,,,,,,,,,,,,,,,,,,,,,,,,,,,,,,,,,,,,,,,,,,,,,,,,,,,,,,,,,,,,,,,,,,,,,,,,,,,,,,,,,,,,,,,,,,,,,,,,,,,,,,,,,,,,,,,,,,,,,,,,,,,,,,,,,,,,,,,,,,,,,,,,,,,,,,,,,,,,,,,,,,,,,,,,,,,,,,,,,,,,,,,,,,
f0d91ec9-936e-45bc-bb0e-9d00f5d405d3,1353,1,00:35:08.856,35,8,30,Pass,90,217,Barcelona,1,Regular Play,217,Barcelona,1.019176,,67b18b2b-4f21-4108-8772-c33e64e40922,,5211.0,Jordi Alba Ramos,6.0,Left Back,64.5,10.6,,,,,,,,,,,,,,,,,,,,,,,,,,,,5216.0,Andrés Iniesta Luján,7.0767226,2.3961732,1.0,Ground Pass,59.3,15.4,38.0,Left Foot,,,,,,,,,,,,,,,,,,,,,,,,,,,,,,,,,,,,,,,,,,,,,,,,,,,,,,,,,,,,,,,,,,,,,,,,,,,,,,,,,,,,,,,,,,,,,,,,,,,,,,,,,,,,,,,,,,,,,,,,,,,,,,,,,,,,,,,,,,,,,,,,,,,,,,,,,,,,,,,,,,,,,,,,,,,,,,,,,,,,,,,,,,,,,,,,,,,,,,,,,,,,,,,,,,,,,,,,
3a18f0bf-0962-4bea-9da7-3131d7c01936,1356,1,00:35:11.480,35,11,30,Pass,90,217,Barcelona,1,Regular Play,217,Barcelona,2.051552,,9039aad2-fd49-4d7c-bc4e-b996fbc6edc8,,5216.0,Andrés Iniesta Luján,15.0,Left Center Midfield,56.2,17.5,,,,,,,,,,,,,,,,,,,,,,,,,,,,5506.0,Javier Alejandro Mascherano,31.441692,2.0216424,1.0,Ground Pass,42.5,45.8,40.0,Right Foot,,,,,,,,,,,,,,,,,,,,,,,,,,,,,,,,,,,,,,,,,,,,,,,,,,,,,,,,,,,,,,,,,,,,,,,,,,,,,,,,,,,,,,,,,,,,,,,,,,,,,,,,,,,,,,,,,,,,,,,,,,,,,,,,,,,,,,,,,,,,,,,,,,,,,,,,,,,,,,,,,,,,,,,,,,,,,,,,,,,,,,,,,,,,,,,,,,,,,,,,,,,,,,,,,,,,,,,,
d704cf0e-6505-44f9-a18b-0b9e68560f42,1359,1,00:35:15.226,35,15,30,Pass,90,217,Barcelona,1,Regular Play,217,Barcelona,1.956243,,bce85534-d20e-49a0-84d7-4570f0d4f124,,5506.0,Javier Alejandro Mascherano,3.0,Right Center Back,44.5,51.1,,,,,,,,,,,,,,,,,,,,,,,,,,,,4324.0,Daniel Alves da Silva,33.799706,0.7853982,1.0,Ground Pass,68.4,75.0,40.0,Right Foot,,,,,,,,,,,,,,,,,,,,,,,,,,,,,,,,,,,,,,,,,,,,,,,,,,,,,,,,,,,,,,,,,,,,,,,,,,,,,,,,,,,,,,,,,,,,,,,,,,,,,,,,,,,,,,,,,,,,,,,,,,,,,,,,,,,,,,,,,,,,,,,,,,,,,,,,,,,,,,,,,,,,,,,,,,,,,,,,,,,,,,,,,,,,,,,,,,,,,,,,,,,,,,,,,,,,,,,,
50fceaa1-db25-4875-822a-9c999d8aeae1,1362,1,00:35:21.047,35,21,30,Pass,90,217,Barcelona,1,Regular Play,217,Barcelona,1.787693,,63188876-00e4-4155-8f8a-866030ae2d88,,4324.0,Daniel Alves da Silva,2.0,Right Back,78.6,74.8,,,,,,,,,,,,,,,,,,,,,,,,,,,,5506.0,Javier Alejandro Mascherano,21.552261,-2.283952,1.0,Ground Pass,64.5,58.5,40.0,Right Foot,,,,,,,,,,,,,,,,,,,,,,,,,,,,,,,,,,,,,,,,,,,,,,,,,,,,,,,,,,,,,,,,,,,,,,,,,,,,,,,,,,,,,,,,,,,,,,,,,,,,,,,,,,,,,,,,,,,,,,,,,,,,,,,,,,,,,,,,,,,,,,,,,,,,,,,,,,,,,,,,,,,,,,,,,,,,,,,,,,,,,,,,,,,,,,,,,,,,,,,,,,,,,,,,,,,,,,,,
010d6575-960d-43be-ae87-54e2584b826a,1365,1,00:35:25.157,35,25,30,Pass,90,217,Barcelona,1,Regular Play,217,Barcelona,2.454843,,bd955e6d-1b6d-41b4-8b11-ec52d26fa1e0,,5506.0,Javier Alejandro Mascherano,3.0,Right Center Back,63.0,56.1,,,,,,,,,,,,,,,,,,,,,,,,,,,,5211.0,Jordi Alba Ramos,58.47777,-0.7866073,3.0,High Pass,104.3,14.7,40.0,Right Foot,,,,,,,,,,,True,,,,,,,,,,,,,,,,,,,,,,,,,,,,,,,,,,,,,,,,,,,,,,,,,,,,,,,,,,,,,,,,,,,,,,,,,,,,,,,,,,,,,,,,,,,,,,,,,,,,,,,,,,,,,,,,,,,,,,,,,,,,,,,,,,,,,,,,,,,,,,,,,,,,,,,,,,,,,,,,,,,,,,,,,,,,,,,,,,,,,,,,,,,,,,,,,,,,,,,,,,,,,
70cd68ea-7c67-423a-9a87-985f5c1e6daf,1368,1,00:35:28.610,35,28,30,Pass,90,217,Barcelona,1,Regular Play,217,Barcelona,1.419439,,3229411c-abe8-417a-bd2b-3b6358c554fa,,5211.0,Jordi Alba Ramos,6.0,Left Back,112.4,17.8,,,,,,,,,,,,,,,,,,,,,,,,,,,,,,28.085583,2.0280745,3.0,High Pass,100.0,43.0,38.0,Left Foot,,,,,,9.0,Incomplete,,,,,True,,,,,,,,,,,,,,,,,,,,,,,,,,,,,,,,,,,,,,,,,,,,,,,,,,,,,,,,,,,,,,,,,,,,,,,,,,,,,,,,,,,,,,,,,,,,,,,,,,,,,,,,,,,,,,,,,,,,,,,,,,,,,,,,,,,,,,,,,,,,,,,,,,,,,,,,,,,,,,,,,,,,,,,,,,,,,,,,,,,,,,,,,,,,,,,,,,,,,,,,,,,,
70166026-d460-41ea-bc2e-1693670d1d63,1379,1,00:36:18.533,36,18,30,Pass,92,217,Barcelona,4,From Throw In,217,Barcelona,1.825019,,db857cfd-8c13-4cf8-9e6d-e03703e29b2b,True,5211.0,Jordi Alba Ramos,6.0,Left Back,37.3,1.0,,,,,,,,,,,,,,,,,,,,,,,,,,,,10609.0,Jérémy Mathieu,12.593649,2.7846806,2.0,Low Pass,25.5,5.4,,,67.0,Throw-in,,,,,,,,,,,,,,,,,,,,,,,,,,,,,,,,,,,,,,,,,,,,,,,,,,,,,,,,,,,,,,,,,,,,,,,,,,,,,,,,,,,,,,,,,,,,,,,,,,,,,,,,,,,,,,,,,,,,,,,,,,,,,,,,,,,,,,,,,,,,,,,,,,,,,,,,,,,,,,,,,,,,,,,,,,,,,,,,,,,,,,,,,,,,,,,,,,,,,,,,,,,,,,,,,,,,,,
2abc3c4d-5a3b-4cfc-86ec-9afa9df0780a,1381,1,00:36:22.101,36,22,30,Pass,92,217,Barcelona,4,From Throw In,217,Barcelona,2.64136,,3c62064a-7ad4-4472-b485-d41af5ff6922,,10609.0,Jérémy Mathieu,5.0,Left Center Back,25.3,5.6,,,,,,,,,,,,,,,,,,,,,,,,,,,,4324.0,Daniel Alves da Silva,65.315926,1.2979646,3.0,High Pass,42.9,68.5,38.0,Left Foot,,,,,,,,,,,True,,,,,,,,,,,,,,,,,,,,,,,,,,,,,,,,,,,,,,,,,,,,,,,,,,,,,,,,,,,,,,,,,,,,,,,,,,,,,,,,,,,,,,,,,,,,,,,,,,,,,,,,,,,,,,,,,,,,,,,,,,,,,,,,,,,,,,,,,,,,,,,,,,,,,,,,,,,,,,,,,,,,,,,,,,,,,,,,,,,,,,,,,,,,,,,,,,,,,,,,,,,,,
39a59333-e11b-4611-bba7-ae665abfed4a,1384,1,00:36:26.284,36,26,30,Pass,92,217,Barcelona,4,From Throw In,217,Barcelona,0.935472,,fdd5c5b7-300d-4c23-9816-a3333f6b3964,,4324.0,Daniel Alves da Silva,2.0,Right Back,44.7,62.0,,,,,,,,,,,,,,,,,,,,,,,,,,,,5470.0,Ivan Rakitić,7.392564,-1.0466167,1.0,Ground Pass,48.4,55.6,40.0,Right Foot,,,,,,,,,,,,,,,,,,,,,,,,,,,,,,,,,,,,,,,,,,,,,,,,,,,,,,,,,,,,,,,,,,,,,,,,,,,,,,,,,,,,,,,,,,,,,,,,,,,,,,,,,,,,,,,,,,,,,,,,,,,,,,,,,,,,,,,,,,,,,,,,,,,,,,,,,,,,,,,,,,,,,,,,,,,,,,,,,,,,,,,,,,,,,,,,,,,,,,,,,,,,,,,,,,,,,,,,
4b37fc9a-2e76-421d-a394-c4b34337d928,1387,1,00:36:29.094,36,29,30,Pass,92,217,Barcelona,4,From Throw In,217,Barcelona,1.271997,,e001304b-6d4a-430a-a853-6285c993b2d8,,5470.0,Ivan Rakitić,13.0,Right Center Midfield,50.3,54.8,,,,,,,,,,,,,,,,,,,,,,,,,,,,4324.0,Daniel Alves da Silva,13.555811,1.1930296,1.0,Ground Pass,55.3,67.4,40.0,Right Foot,,,,,,,,,,,,,,,,,,,,,,,,,,,,,,,,,,,,,,,,,,,,,,,,,,,,,,,,,,,,,,,,,,,,,,,,,,,,,,,,,,,,,,,,,,,,,,,,,,,,,,,,,,,,,,,,,,,,,,,,,,,,,,,,,,,,,,,,,,,,,,,,,,,,,,,,,,,,,,,,,,,,,,,,,,,,,,,,,,,,,,,,,,,,,,,,,,,,,,,,,,,,,,,,,,,,,,,,
67a1d9aa-41d2-4ce3-bb66-c0df6ad28a46,1391,1,00:36:32.670,36,32,30,Pass,92,217,Barcelona,4,From Throw In,217,Barcelona,1.739087,,9445a4c5-8a8f-4b56-8956-5a7e7671f30e,,4324.0,Daniel Alves da Silva,2.0,Right Back,62.3,67.2,,,True,,,,,,,,,,,,,,,,,,,,,,,,a67d581c-c5fb-46c4-bb7f-f0675f541a8a,5506.0,Javier Alejandro Mascherano,22.218235,-2.53861,1.0,Ground Pass,44.0,54.6,40.0,Right Foot,,,,,,,,,,,,,,,,,,,,,,,,,,,,,,,,,,,,,,,,,,,,,,,,,,,,,,,,,,,,,,,,,,,,,,,,,,,,,,,,,,,,,,,,,,,,,,,,,,,,,,,,,,,,,,,,,,,,,,,,,,,,,,,,,,,,,,,,,,,,,,,,,,,,,,,,,,,,,,,,,,,,,,,,,,,,,,,,,,,,,,,,,,,,,,,,,,,,,,,,,,,,,,,,,,,,,,,,
d4d18816-4be8-405a-b599-7c962cc0c8dd,1394,1,00:36:36.351,36,36,30,Pass,92,217,Barcelona,4,From Throw In,217,Barcelona,0.883099,,e40bc984-af6c-42a1-87e4-ac0ae253ea46,,5506.0,Javier Alejandro Mascherano,3.0,Right Center Back,47.1,47.4,,,,,,,,,,,,,,,,,,,,,,,,,,,,5503.0,Lionel Andrés Messi Cuccittini,15.4149275,-0.7853982,1.0,Ground Pass,58.0,36.5,40.0,Right Foot,,,,,,,,,,,,,,,,,,,,,,,,,,,,,,,,,,,,,,,,,,,,,,,,,,,,,,,,,,,,,,,,,,,,,,,,,,,,,,,,,,,,,,,,,,,,,,,,,,,,,,,,,,,,,,,,,,,,,,,,,,,,,,,,,,,,,,,,,,,,,,,,,,,,,,,,,,,,,,,,,,,,,,,,,,,,,,,,,,,,,,,,,,,,,,,,,,,,,,,,,,,,,,,,,,,,,,,,
7c366bca-b65a-4d8a-9306-051c376e2194,1397,1,00:36:39.433,36,39,30,Pass,92,217,Barcelona,4,From Throw In,217,Barcelona,2.829895,,1c75c9fc-9191-4cf1-a5f5-93d0df3ff02f,,5503.0,Lionel Andrés Messi Cuccittini,23.0,Center Forward,64.0,35.0,,,,,,,,,,,,,,,,,,,,,,,,,,,f2eae062-cc98-4010-9c10-9c4968d57459,5211.0,Jordi Alba Ramos,30.480978,-0.59164226,1.0,Ground Pass,89.3,18.0,38.0,Left Foot,,,,,,9.0,Incomplete,,,,,,,,,,,,,,,,,,,,,,,,,,,,,,,,,,,,,,,,,,,,,,,,,,,,,,,,,,,,,,,,,,,,,,,,,,,,,,,,,,,,,,,,,,,,,,,,,,,,,,,,,,,,,,,,,,,,,,,,,,,,,,,,,,,,,,,,,,,,,,,,,,,,,,,,,,,,,,,,,,,,,,,,,,,,,,,,,,,,,,,,,,,,,,,,,,,,,,,,,,,,,,,,,
32e92253-bef3-4c21-bba8-58844a106dee,1406,1,00:36:46.005,36,46,30,Pass,92,217,Barcelona,4,From Throw In,217,Barcelona,0.7169,,82b53bb4-c037-4759-821b-e1b3f7fca728,,5503.0,Lionel Andrés Messi Cuccittini,23.0,Center Forward,96.0,23.4,,,True,,,,,,,,,,,,,,,,,,,,,,,,de149d78-e9f7-44b5-9b9f-3e7f37da5d11,4320.0,Neymar da Silva Santos Junior,4.7010636,0.90602183,1.0,Ground Pass,98.9,27.1,38.0,Left Foot,,,,,,9.0,Incomplete,,,f0e804aa-108b-483e-a373-c368ecb63fd1,,,,,,,,,,,,,,,,,,,,,,,,,,,,,,,,,,,,,,,,,,,,,,,,,,,,,,,,,,,,,,,,,,,,,,,,,,,,,,,,,,,,,,,,,,,,,,,,,,,,,,,,,,,,,,,,,,,,,,,,,,,,,,,,,,,,,,,,,,,,,,,,,,,,,,,,,,,,,,,,,,,,,,,,,,,,,,,,,,,,,,,,,,,,,,,,,,,,,,,,,,,,,,
1b4ad7f7-132a-44f7-a650-21c719728143,1427,1,00:37:22.728,37,22,30,Pass,95,217,Barcelona,1,Regular Play,217,Barcelona,0.9976,,76c3c9cf-b403-4c49-bdbf-1c99ca36fa01,,5470.0,Ivan Rakitić,13.0,Right Center Midfield,59.9,48.0,,,,,,,,,,,,,,,,,,,,,,,,,,,,5203.0,Sergio Busquets i Burgos,3.8078866,-1.1659045,3.0,High Pass,61.4,44.5,40.0,Right Foot,66.0,Recovery,,,,,,,,,,,,,,,,,,,,,,,,,,,,,,,,,,,,,,,,,,,,,,,,,,,,,,,,,,,,,,,,,,,,,,,,,,,,,,,,,,,,,,,,,,,,,,,,,,,,,,,,,,,,,,,,,,,,,,,,,,,,,,,,,,,,,,,,,,,,,,,,,,,,,,,,,,,,,,,,,,,,,,,,,,,,,,,,,,,,,,,,,,,,,,,,,,,,,,,,,,,,,,,,,,,,,,
b86457e9-206f-4192-9c5f-0c7f7c9871fc,1429,1,00:37:23.725,37,23,30,Pass,95,217,Barcelona,1,Regular Play,217,Barcelona,1.99698,,74e9b4be-1767-46a5-b16f-3f1e220ffa36,,5203.0,Sergio Busquets i Burgos,10.0,Center Defensive Midfield,61.2,44.8,,,,,,,,,,,,,,,,,,,,,,,,,,,,5470.0,Ivan Rakitić,14.897315,1.6851599,3.0,High Pass,59.5,59.6,37.0,Head,,,,,,,,,,,,,,,,,,,,,,,,,,,,,,,,,,,,,,,,,,,,,,,,,,,,,,,,,,,,,,,,,,,,,,,,,,,,,,,,,,,,,,,,,,,,,,,,,,,,,,,,,,,,,,,,,,,,,,,,,,,,,,,,,,,,,,,,,,,,,,,,,,,,,,,,,,,,,,,,,,,,,,,,,,,,,,,,,,,,,,,,,,,,,,,,,,,,,,,,,,,,,,,,,,,,,,,,
c965d72b-42ca-4f40-a2f5-548325aafb64,1432,1,00:37:26.000,37,26,30,Pass,95,217,Barcelona,1,Regular Play,217,Barcelona,1.509467,,63abd2f0-46f4-4d74-9957-3a0138e216fc,,5470.0,Ivan Rakitić,13.0,Right Center Midfield,60.1,62.2,,,,,,,,,,,,,,,,,,,,,,,,,,,,4324.0,Daniel Alves da Silva,10.701869,2.7281122,1.0,Ground Pass,50.3,66.5,40.0,Right Foot,,,,,,,,,,,,,,,,,,,,,,,,,,,,,,,,,,,,,,,,,,,,,,,,,,,,,,,,,,,,,,,,,,,,,,,,,,,,,,,,,,,,,,,,,,,,,,,,,,,,,,,,,,,,,,,,,,,,,,,,,,,,,,,,,,,,,,,,,,,,,,,,,,,,,,,,,,,,,,,,,,,,,,,,,,,,,,,,,,,,,,,,,,,,,,,,,,,,,,,,,,,,,,,,,,,,,,,,
0913a305-a4d6-48b7-ba12-3d2db6763f31,1435,1,00:37:36.281,37,36,30,Pass,95,217,Barcelona,1,Regular Play,217,Barcelona,1.818073,,2de28a33-a2a8-45da-9939-1c117f6ebb4b,,4324.0,Daniel Alves da Silva,2.0,Right Back,71.4,63.5,,,,,,,,,,,,,,,,,,,,,,,,,,,,5506.0,Javier Alejandro Mascherano,25.824213,-2.5686264,1.0,Ground Pass,49.7,49.5,40.0,Right Foot,,,,,,,,,,,,,,,,,,,,,,,,,,,,,,,,,,,,,,,,,,,,,,,,,,,,,,,,,,,,,,,,,,,,,,,,,,,,,,,,,,,,,,,,,,,,,,,,,,,,,,,,,,,,,,,,,,,,,,,,,,,,,,,,,,,,,,,,,,,,,,,,,,,,,,,,,,,,,,,,,,,,,,,,,,,,,,,,,,,,,,,,,,,,,,,,,,,,,,,,,,,,,,,,,,,,,,,,
15bf330b-7298-4d96-a1d3-eb6f80c95663,1438,1,00:37:39.847,37,39,30,Pass,95,217,Barcelona,1,Regular Play,217,Barcelona,1.4758,,ddd64eb7-66c1-4902-bdcb-cf54d804a66d,,5506.0,Javier Alejandro Mascherano,3.0,Right Center Back,55.3,49.3,,,,,,,,,,,,,,,,,,,,,,,,,,,,5216.0,Andrés Iniesta Luján,19.657314,-1.1572207,1.0,Ground Pass,63.2,31.3,40.0,Right Foot,,,,,,,,,,,,,,,,,,,,,,,,,,,,,,,,,,,,,,,,,,,,,,,,,,,,,,,,,,,,,,,,,,,,,,,,,,,,,,,,,,,,,,,,,,,,,,,,,,,,,,,,,,,,,,,,,,,,,,,,,,,,,,,,,,,,,,,,,,,,,,,,,,,,,,,,,,,,,,,,,,,,,,,,,,,,,,,,,,,,,,,,,,,,,,,,,,,,,,,,,,,,,,,,,,,,,,,,
1e7f049e-ffc4-4983-a9e5-090fb7bdace1,1440,1,00:37:41.323,37,41,30,Pass,95,217,Barcelona,1,Regular Play,217,Barcelona,1.4947,,175fef33-95d6-4487-b3f9-2861196a9553,,5216.0,Andrés Iniesta Luján,15.0,Left Center Midfield,63.0,30.6,,,,,,,,,,,,,,,,,,,,,,,,,,,,10609.0,Jérémy Mathieu,12.0415945,-2.9409397,1.0,Ground Pass,51.2,28.2,40.0,Right Foot,,,,,,,,,,,,,,,,,,,,,,,,,,,,,,,,,,,,,,,,,,,,,,,,,,,,,,,,,,,,,,,,,,,,,,,,,,,,,,,,,,,,,,,,,,,,,,,,,,,,,,,,,,,,,,,,,,,,,,,,,,,,,,,,,,,,,,,,,,,,,,,,,,,,,,,,,,,,,,,,,,,,,,,,,,,,,,,,,,,,,,,,,,,,,,,,,,,,,,,,,,,,,,,,,,,,,,,,
f7c33b72-0230-4fbd-9ce3-d0ffa622f360,1442,1,00:37:42.817,37,42,30,Pass,95,217,Barcelona,1,Regular Play,217,Barcelona,1.7081,,9bd16ddb-b0e3-492e-90af-b650b67dadec,,10609.0,Jérémy Mathieu,5.0,Left Center Back,50.5,25.4,,,,,,,,,,,,,,,,,,,,,,,,,,,,5211.0,Jordi Alba Ramos,27.513815,-0.76226604,1.0,Ground Pass,70.4,6.4,38.0,Left Foot,,,,,,,,,,,,,,,,,,,,,,,,,,,,,,,,,,,,,,,,,,,,,,,,,,,,,,,,,,,,,,,,,,,,,,,,,,,,,,,,,,,,,,,,,,,,,,,,,,,,,,,,,,,,,,,,,,,,,,,,,,,,,,,,,,,,,,,,,,,,,,,,,,,,,,,,,,,,,,,,,,,,,,,,,,,,,,,,,,,,,,,,,,,,,,,,,,,,,,,,,,,,,,,,,,,,,,,,
068a2cf0-26c5-4f7c-ac76-bc3ae1a14744,1444,1,00:37:44.525,37,44,30,Pass,95,217,Barcelona,1,Regular Play,217,Barcelona,1.488699,,78d1b2bb-30ef-477e-a26b-7241a052402f,,5211.0,Jordi Alba Ramos,6.0,Left Back,68.4,6.9,,,,,,,,,,,,,,,,,,,,,,,,,,,,10609.0,Jérémy Mathieu,21.900913,2.4889593,1.0,Ground Pass,51.0,20.2,38.0,Left Foot,,,,,,,,,,,,,,,,,,,,,,,,,,,,,,,,,,,,,,,,,,,,,,,,,,,,,,,,,,,,,,,,,,,,,,,,,,,,,,,,,,,,,,,,,,,,,,,,,,,,,,,,,,,,,,,,,,,,,,,,,,,,,,,,,,,,,,,,,,,,,,,,,,,,,,,,,,,,,,,,,,,,,,,,,,,,,,,,,,,,,,,,,,,,,,,,,,,,,,,,,,,,,,,,,,,,,,,,
9f1636af-c910-4f5a-9bdb-cebf0ed9474c,1447,1,00:37:48.286,37,48,30,Pass,95,217,Barcelona,1,Regular Play,217,Barcelona,3.106249,,a5655b49-8201-4b21-b5f0-1109cfcc8104,,10609.0,Jérémy Mathieu,5.0,Left Center Back,53.2,21.9,,,,,,,,,,,,,,,,,,,,,,,,,,,,4324.0,Daniel Alves da Silva,53.87773,1.3060094,3.0,High Pass,67.3,73.9,38.0,Left Foot,,,,,,,,,,,True,,,,,,,,,,,,,,,,,,,,,,,,,,,,,,,,,,,,,,,,,,,,,,,,,,,,,,,,,,,,,,,,,,,,,,,,,,,,,,,,,,,,,,,,,,,,,,,,,,,,,,,,,,,,,,,,,,,,,,,,,,,,,,,,,,,,,,,,,,,,,,,,,,,,,,,,,,,,,,,,,,,,,,,,,,,,,,,,,,,,,,,,,,,,,,,,,,,,,,,,,,,,,
de24dce2-f901-4cfa-9e6f-7596ec510c66,1450,1,00:37:56.530,37,56,30,Pass,95,217,Barcelona,1,Regular Play,217,Barcelona,2.0162,,d822cd77-5d00-452a-9ae9-49f74e7a7c1c,,4324.0,Daniel Alves da Silva,2.0,Right Back,89.3,73.7,,,,,,,,,,,,,,,,,,,,,,,,,,,,5470.0,Ivan Rakitić,9.552486,-2.3191743,1.0,Ground Pass,82.8,66.7,40.0,Right Foot,,,,,,,,,,,,,,,,,,,,,,,,,,,,,,,,,,,,,,,,,,,,,,,,,,,,,,,,,,,,,,,,,,,,,,,,,,,,,,,,,,,,,,,,,,,,,,,,,,,,,,,,,,,,,,,,,,,,,,,,,,,,,,,,,,,,,,,,,,,,,,,,,,,,,,,,,,,,,,,,,,,,,,,,,,,,,,,,,,,,,,,,,,,,,,,,,,,,,,,,,,,,,,,,,,,,,,,,
addf35a2-effa-450b-b33c-557f04980f9f,1453,1,00:37:58.586,37,58,30,Pass,95,217,Barcelona,1,Regular Play,217,Barcelona,0.7259,,aa495dab-3b6c-4d4d-af39-9f7ab3a673ee,,5470.0,Ivan Rakitić,13.0,Right Center Midfield,82.8,65.9,,,,,,,,,,,,,,,,,,,,,,,,,,,,5503.0,Lionel Andrés Messi Cuccittini,7.034202,-1.8295672,1.0,Ground Pass,81.0,59.1,40.0,Right Foot,,,,,,,,,,,,,,,,,,,,,,,,,,,,,,,,,,,,,,,,,,,,,,,,,,,,,,,,,,,,,,,,,,,,,,,,,,,,,,,,,,,,,,,,,,,,,,,,,,,,,,,,,,,,,,,,,,,,,,,,,,,,,,,,,,,,,,,,,,,,,,,,,,,,,,,,,,,,,,,,,,,,,,,,,,,,,,,,,,,,,,,,,,,,,,,,,,,,,,,,,,,,,,,,,,,,,,,,
82ea37fb-34b5-456f-9d38-0c835c8fdf17,1456,1,00:37:59.312,37,59,30,Pass,95,217,Barcelona,1,Regular Play,217,Barcelona,1.04531,,18b08458-fde0-46b2-8d57-a00a196fa314,,5503.0,Lionel Andrés Messi Cuccittini,23.0,Center Forward,78.9,59.6,,,True,,,,,,,,,,,,,,,,,,,,,,,,5ee0f8f4-22a7-47a5-a208-b4c3f069993e,5470.0,Ivan Rakitić,6.946222,1.4553697,1.0,Ground Pass,79.7,66.5,40.0,Right Foot,,,,,,,,,,,,,,,,,,,,,,,,,,,,,,,,,,,,,,,,,,,,,,,,,,,,,,,,,,,,,,,,,,,,,,,,,,,,,,,,,,,,,,,,,,,,,,,,,,,,,,,,,,,,,,,,,,,,,,,,,,,,,,,,,,,,,,,,,,,,,,,,,,,,,,,,,,,,,,,,,,,,,,,,,,,,,,,,,,,,,,,,,,,,,,,,,,,,,,,,,,,,,,,,,,,,,,,,
ceab9825-88c3-481a-b253-1ffe39c00e1c,1459,1,00:38:00.845,38,0,30,Pass,95,217,Barcelona,1,Regular Play,217,Barcelona,1.1459,,18b08458-fde0-46b2-8d57-a00a196fa314,,5470.0,Ivan Rakitić,13.0,Right Center Midfield,78.6,68.3,,,True,,,,,,,,,,,,,,,,,,,,,,,,ce2dfb52-2f01-4555-8168-d41495046ef0,4324.0,Daniel Alves da Silva,14.773287,0.5090709,1.0,Ground Pass,91.5,75.5,40.0,Right Foot,,,,,,,,,,,,,,,,,,,,,,,,,,,,,,,,,,,,,,,,,,,,,,,,,,,,,,,,,,,,,,,,,,,,,,,,,,,,,,,,,,,,,,,,,,,,,,,,,,,,,,,,,,,,,,,,,,,,,,,,,,,,,,,,,,,,,,,,,,,,,,,,,,,,,,,,,,,,,,,,,,,,,,,,,,,,,,,,,,,,,,,,,,,,,,,,,,,,,,,,,,,,,,,,,,,,,,,,
579b9241-b8db-445f-a72c-473ec4b32779,1461,1,00:38:01.991,38,1,30,Pass,95,217,Barcelona,1,Regular Play,217,Barcelona,1.116167,,053bbb86-d679-44ba-b765-3529bac01573,,4324.0,Daniel Alves da Silva,2.0,Right Back,91.9,75.2,,,,,,,,,,,,,,,,,,,,,,,,,,,,5503.0,Lionel Andrés Messi Cuccittini,14.612324,-2.1018264,1.0,Ground Pass,84.5,62.6,40.0,Right Foot,,,,,,,,,,,,,,,,,,,,,,,,,,,,,,,,,,,,,,,,,,,,,,,,,,,,,,,,,,,,,,,,,,,,,,,,,,,,,,,,,,,,,,,,,,,,,,,,,,,,,,,,,,,,,,,,,,,,,,,,,,,,,,,,,,,,,,,,,,,,,,,,,,,,,,,,,,,,,,,,,,,,,,,,,,,,,,,,,,,,,,,,,,,,,,,,,,,,,,,,,,,,,,,,,,,,,,,,
caab7b63-d199-4b38-8212-6935b8a860fe,1464,1,00:38:04.381,38,4,30,Pass,95,217,Barcelona,1,Regular Play,217,Barcelona,0.282834,,5ffec0e1-3da1-4f72-a0ea-f38d1641e121,,5503.0,Lionel Andrés Messi Cuccittini,23.0,Center Forward,86.5,58.3,,,,,,,,,,,,,,,,,,,,,,,,,,,7f68548f-934e-4f87-907e-a4e8bdee0847,4320.0,Neymar da Silva Santos Junior,5.818075,-1.0687062,1.0,Ground Pass,89.3,53.2,38.0,Left Foot,,,,,,9.0,Incomplete,,,,,,,,,,,,,,,,,,,,,,,,,,,,,,,,,,,,,,,,,,,,,,,,,,,,,,,,,,,,,,,,,,,,,,,,,,,,,,,,,,,,,,,,,,,,,,,,,,,,,,,,,,,,,,,,,,,,,,,,,,,,,,,,,,,,,,,,,,,,,,,,,,,,,,,,,,,,,,,,,,,,,,,,,,,,,,,,,,,,,,,,,,,,,,,,,,,,,,,,,,,,,,,,,
9a597056-92f4-4bba-85d6-20f91529d197,1495,1,00:39:01.870,39,1,30,Pass,98,217,Barcelona,3,From Free Kick,217,Barcelona,1.6596,,6e3ed038-2e20-4a74-9d1a-c0db06e5a5bc,True,5211.0,Jordi Alba Ramos,6.0,Left Back,55.8,9.5,,,,,,,,,,,,,,,,,,,,,,,,,,,,10609.0,Jérémy Mathieu,15.520632,2.600068,1.0,Ground Pass,42.5,17.5,40.0,Right Foot,62.0,Free Kick,,,,,,,,,,,,,,,,,,,,,,,,,,,,,,,,,,,,,,,,,,,,,,,,,,,,,,,,,,,,,,,,,,,,,,,,,,,,,,,,,,,,,,,,,,,,,,,,,,,,,,,,,,,,,,,,,,,,,,,,,,,,,,,,,,,,,,,,,,,,,,,,,,,,,,,,,,,,,,,,,,,,,,,,,,,,,,,,,,,,,,,,,,,,,,,,,,,,,,,,,,,,,,,,,,,,,,
1d57cf75-91c6-47f2-968f-143c6d75e546,1497,1,00:39:03.598,39,3,30,Pass,98,217,Barcelona,3,From Free Kick,217,Barcelona,1.6329,,94a80480-0abb-40a2-8c55-be986d083f69,,10609.0,Jérémy Mathieu,5.0,Left Center Back,41.4,18.6,,,,,,,,,,,,,,,,,,,,,,,,,,,,5506.0,Javier Alejandro Mascherano,23.860638,1.6421038,1.0,Ground Pass,39.7,42.4,38.0,Left Foot,,,,,,,,,,,,,,,,,,,,,,,,,,,,,,,,,,,,,,,,,,,,,,,,,,,,,,,,,,,,,,,,,,,,,,,,,,,,,,,,,,,,,,,,,,,,,,,,,,,,,,,,,,,,,,,,,,,,,,,,,,,,,,,,,,,,,,,,,,,,,,,,,,,,,,,,,,,,,,,,,,,,,,,,,,,,,,,,,,,,,,,,,,,,,,,,,,,,,,,,,,,,,,,,,,,,,,,,
ebfcbf39-c6ed-4378-bbdd-6b68eb2c26c8,1500,1,00:39:06.456,39,6,30,Pass,98,217,Barcelona,3,From Free Kick,217,Barcelona,2.008215,,0cd489fb-8ac7-4ba1-8165-0464c2b49a94,,5506.0,Javier Alejandro Mascherano,3.0,Right Center Back,40.3,42.4,,,,,,,,,,,,,,,,,,,,,,,,,,,,5503.0,Lionel Andrés Messi Cuccittini,40.046474,0.6614812,1.0,Ground Pass,71.9,67.0,40.0,Right Foot,,,,,,,,,,,,,,,,,,,,,,,,,,,,,,,,,,,,,,,,,,,,,,,,,,,,,,,,,,,,,,,,,,,,,,,,,,,,,,,,,,,,,,,,,,,,,,,,,,,,,,,,,,,,,,,,,,,,,,,,,,,,,,,,,,,,,,,,,,,,,,,,,,,,,,,,,,,,,,,,,,,,,,,,,,,,,,,,,,,,,,,,,,,,,,,,,,,,,,,,,,,,,,,,,,,,,,,,
29cb206e-031f-4a85-b2fa-304721658998,1504,1,00:39:13.781,39,13,30,Pass,98,217,Barcelona,3,From Free Kick,217,Barcelona,0.889181,,218b96f2-b375-4c15-90e3-3d8dc0830b6e,,5503.0,Lionel Andrés Messi Cuccittini,23.0,Center Forward,80.4,58.0,,,,,,,,,,,,,,,,,,,,,,,,,,,7fae6971-522a-4321-96e2-410e5409a06d,5216.0,Andrés Iniesta Luján,16.546904,-1.1071488,1.0,Ground Pass,87.8,43.2,38.0,Left Foot,,,,,,9.0,Incomplete,,,,,,,,,,,,,,,,,,,,,,,,,,,,,,,,,,,,,,,,,,,,,,,,,,,,,,,,,,,,,,,,,,,,,,,,,,,,,,,,,,,,,,,,,,,,,,,,,,,,,,,,,,,,,,,,,,,,,,,,,,,,,,,,,,,,,,,,,,,,,,,,,,,,,,,,,,,,,,,,,,,,,,,,,,,,,,,,,,,,,,,,,,,,,,,,,,,,,,,,,,,,,,,,,
bc998215-6966-4654-b6c7-7aebabed1fdb,1517,1,00:39:26.938,39,26,30,Pass,98,217,Barcelona,3,From Free Kick,217,Barcelona,1.512055,,0cfa43f7-b862-4006-95ba-7a067160c81a,,5211.0,Jordi Alba Ramos,6.0,Left Back,69.9,13.4,,,,,,,,,,,,,,,,,,,,,,,,,,,,5203.0,Sergio Busquets i Burgos,11.200892,1.9264323,1.0,Ground Pass,66.0,23.9,38.0,Left Foot,,,,,,,,,,,,,,,,,,,,,,,,,,,,,,,,,,,,,,,,,,,,,,,,,,,,,,,,,,,,,,,,,,,,,,,,,,,,,,,,,,,,,,,,,,,,,,,,,,,,,,,,,,,,,,,,,,,,,,,,,,,,,,,,,,,,,,,,,,,,,,,,,,,,,,,,,,,,,,,,,,,,,,,,,,,,,,,,,,,,,,,,,,,,,,,,,,,,,,,,,,,,,,,,,,,,,,,,
9f34a3ce-1b26-4d9f-b84e-1e636273b37d,1520,1,00:39:31.134,39,31,30,Pass,98,217,Barcelona,3,From Free Kick,217,Barcelona,1.656218,,b95e40eb-cfe5-4c04-a62b-93e0ed8809a9,,5203.0,Sergio Busquets i Burgos,10.0,Center Defensive Midfield,66.7,36.5,,,,,,,,,,,,,,,,,,,,,,,,,,,,5470.0,Ivan Rakitić,25.102987,1.3702757,3.0,High Pass,71.7,61.1,40.0,Right Foot,,,,,,,,,,,,,,,,,,,,,,,,,,,,,,,,,,,,,,,,,,,,,,,,,,,,,,,,,,,,,,,,,,,,,,,,,,,,,,,,,,,,,,,,,,,,,,,,,,,,,,,,,,,,,,,,,,,,,,,,,,,,,,,,,,,,,,,,,,,,,,,,,,,,,,,,,,,,,,,,,,,,,,,,,,,,,,,,,,,,,,,,,,,,,,,,,,,,,,,,,,,,,,,,,,,,,,,,
89b00a85-508a-420a-a7c0-d2ac0b29d144,1523,1,00:39:34.485,39,34,30,Pass,98,217,Barcelona,3,From Free Kick,217,Barcelona,1.223206,,8cc859d7-fb99-4d3d-b100-ad42c39e4683,,5470.0,Ivan Rakitić,13.0,Right Center Midfield,72.3,63.9,,,,,,,,,,,,,,,,,,,,,,,,,,,,4324.0,Daniel Alves da Silva,15.425303,0.82207894,1.0,Ground Pass,82.8,75.2,40.0,Right Foot,,,,,,,,,,,,,,,,,,,,,,,,,,,,,,,,,,,,,,,,,,,,,,,,,,,,,,,,,,,,,,,,,,,,,,,,,,,,,,,,,,,,,,,,,,,,,,,,,,,,,,,,,,,,,,,,,,,,,,,,,,,,,,,,,,,,,,,,,,,,,,,,,,,,,,,,,,,,,,,,,,,,,,,,,,,,,,,,,,,,,,,,,,,,,,,,,,,,,,,,,,,,,,,,,,,,,,,,
417fccdd-93b5-44f7-b23f-a7086d62409f,1527,1,00:39:39.257,39,39,30,Pass,98,217,Barcelona,3,From Free Kick,217,Barcelona,2.366239,,47d15f80-a346-4a7e-aa5b-e8fcb47fcd07,,4324.0,Daniel Alves da Silva,2.0,Right Back,89.1,75.2,,,True,,,,,,,,,,,,,,,,,,,,,,,,ac0a3a60-4fdd-4da5-a612-59e1d7d04a50,5470.0,Ivan Rakitić,9.590099,-2.4521947,1.0,Ground Pass,81.7,69.1,40.0,Right Foot,,,,,,,,,,,,,,,,,,,,,,,,,,,,,,,,,,,,,,,,,,,,,,,,,,,,,,,,,,,,,,,,,,,,,,,,,,,,,,,,,,,,,,,,,,,,,,,,,,,,,,,,,,,,,,,,,,,,,,,,,,,,,,,,,,,,,,,,,,,,,,,,,,,,,,,,,,,,,,,,,,,,,,,,,,,,,,,,,,,,,,,,,,,,,,,,,,,,,,,,,,,,,,,,,,,,,,,,
11bdf097-fdac-42c7-9d6d-a2d43d09a075,1530,1,00:39:42.878,39,42,30,Pass,98,217,Barcelona,3,From Free Kick,217,Barcelona,1.243241,,3cc84912-c06f-46b6-9434-fd36dcce87bd,,5470.0,Ivan Rakitić,13.0,Right Center Midfield,82.8,64.6,,,,,,,,,,,,,,,,,,,,,,,,,,,,5203.0,Sergio Busquets i Burgos,13.810503,-2.412545,1.0,Ground Pass,72.5,55.4,40.0,Right Foot,,,,,,,,,,,,,,,,,,,,,,,,,,,,,,,,,,,,,,,,,,,,,,,,,,,,,,,,,,,,,,,,,,,,,,,,,,,,,,,,,,,,,,,,,,,,,,,,,,,,,,,,,,,,,,,,,,,,,,,,,,,,,,,,,,,,,,,,,,,,,,,,,,,,,,,,,,,,,,,,,,,,,,,,,,,,,,,,,,,,,,,,,,,,,,,,,,,,,,,,,,,,,,,,,,,,,,,,
681c5499-d264-435d-b4d1-a944f422d728,1533,1,00:39:45.211,39,45,30,Pass,98,217,Barcelona,3,From Free Kick,217,Barcelona,1.0955,,a697da5b-12a5-402b-90ae-dc1f370f43b4,,5203.0,Sergio Busquets i Burgos,10.0,Center Defensive Midfield,74.1,49.1,,,,,,,,,,,,,,,,,,,,,,,,,,,,4320.0,Neymar da Silva Santos Junior,17.226143,-0.67020786,1.0,Ground Pass,87.6,38.4,40.0,Right Foot,,,,,,,,,,,,,,,,,,,,,,,,,,,,,,,,,,,,,,,,,,,,,,,,,,,,,,,,,,,,,,,,,,,,,,,,,,,,,,,,,,,,,,,,,,,,,,,,,,,,,,,,,,,,,,,,,,,,,,,,,,,,,,,,,,,,,,,,,,,,,,,,,,,,,,,,,,,,,,,,,,,,,,,,,,,,,,,,,,,,,,,,,,,,,,,,,,,,,,,,,,,,,,,,,,,,,,,,
c23393e6-0fb7-49b2-8cb1-6304d59bd3c5,1535,1,00:39:46.306,39,46,30,Pass,98,217,Barcelona,3,From Free Kick,217,Barcelona,0.883898,,d7f3d05e-6dc2-402b-8b11-3bf4dfc8ae82,,4320.0,Neymar da Silva Santos Junior,21.0,Left Wing,87.6,38.2,,,,,,,,,,,,,,,,,,,,,,,,,,,,5216.0,Andrés Iniesta Luján,8.631338,-1.3961241,2.0,Low Pass,89.1,29.7,40.0,Right Foot,,,,,,,,,,,,,,,,,,,,,,,,,,,,,,,,,,,,,,,,,,,,,,,,,,,,,,,,,,,,,,,,,,,,,,,,,,,,,,,,,,,,,,,,,,,,,,,,,,,,,,,,,,,,,,,,,,,,,,,,,,,,,,,,,,,,,,,,,,,,,,,,,,,,,,,,,,,,,,,,,,,,,,,,,,,,,,,,,,,,,,,,,,,,,,,,,,,,,,,,,,,,,,,,,,,,,,,,
69393cf0-1757-4b6d-9f0d-c40ed0ef157f,1538,1,00:39:49.413,39,49,30,Pass,98,217,Barcelona,3,From Free Kick,217,Barcelona,1.5972,,24ac7aec-85c4-40ca-bd55-e87c660575c0,,5216.0,Andrés Iniesta Luján,15.0,Left Center Midfield,95.6,30.6,,,,,,,,,,,,,,,,,,,,,,,,,,,,5503.0,Lionel Andrés Messi Cuccittini,22.614155,0.89191175,3.0,High Pass,109.8,48.2,40.0,Right Foot,,,,,,,,,,,,,,,,,,,,,,,,,,,,,,,,,,,,,,,,,,,,,,,,,,,,,,,,,,,,,,,,,,,,,,,,,,,,,,,,,,,,,,,,,,,,,,,,,,,,,,,,,,,,,,,,,,,,,,,,,,,,,,,,,,,,,,,,,,,,,,,,,,,,,,,,,,,,,,,,,,,,,,,,,,,,,,,,,,,,,,,,,,,,,,,,,,,,,,,,,,,,,,,,,,,,,,,,
0b17f98e-e51a-478f-b620-899be104516b,1552,1,00:41:44.707,41,44,30,Pass,101,217,Barcelona,1,Regular Play,217,Barcelona,3.2761,,64fc4c0e-a46a-4631-a2f2-d0d26226a335,,5470.0,Ivan Rakitić,13.0,Right Center Midfield,46.0,41.9,,,True,,,,,,,,,,,,,,,,,,,,,,,,ea5fc4bf-93ca-4e79-b074-60dd00be31d0,4691.0,Claudio Andrés Bravo Muñoz,35.71358,-3.0321722,2.0,Low Pass,10.5,38.0,40.0,Right Foot,66.0,Recovery,,,,,,,,,,,,,,,,,,,,,,,,,,,,,,,,,,,,,,,,,,,,,,,,,,,,,,,,,,,,,,,,,,,,,,,,,,,,,,,,,,,,,,,,,,,,,,,,,,,,,,,,,,,,,,,,,,,,,,,,,,,,,,,,,,,,,,,,,,,,,,,,,,,,,,,,,,,,,,,,,,,,,,,,,,,,,,,,,,,,,,,,,,,,,,,,,,,,,,,,,,,,,,,,,,,,,,
c6b16271-300f-4a43-bacc-ca548d536efb,1554,1,00:41:47.983,41,47,30,Pass,101,217,Barcelona,1,Regular Play,217,Barcelona,2.450114,,64fc4c0e-a46a-4631-a2f2-d0d26226a335,,4691.0,Claudio Andrés Bravo Muñoz,1.0,Goalkeeper,10.3,38.0,,,True,,,,,,,,,,,,,,,,,,,,,,,,907bfce4-ca02-4895-a651-7172df9fbc25,5211.0,Jordi Alba Ramos,31.676489,-0.99680334,1.0,Ground Pass,27.5,11.4,40.0,Right Foot,,,,,,,,,,,,,,,,,,,,,,,,,,,,,,,,,,,,,,,,,,,,,,,,,,,,,,,,,,,,,,,,,,,,,,,,,,,,,,,,,,,,,,,,,,,,,,,,,,,,,,,,,,,,,,,,,,,,,,,,,,,,,,,,,,,,,,,,,,,,,,,,,,,,,,,,,,,,,,,,,,,,,,,,,,,,,,,,,,,,,,,,,,,,,,,,,,,,,,,,,,,,,,,,,,,,,,,,
4e61e995-1234-431d-b3fc-9056acac4c1e,1557,1,00:41:51.284,41,51,30,Pass,101,217,Barcelona,1,Regular Play,217,Barcelona,1.306936,,6e477ac8-56fe-4b2b-8b40-894d50e89596,,5211.0,Jordi Alba Ramos,6.0,Left Back,25.5,10.6,,,,,,,,,,,,,,,,,,,,,,,,,,,,5216.0,Andrés Iniesta Luján,27.222233,-0.04041915,1.0,Ground Pass,52.7,9.5,38.0,Left Foot,,,,,,,,,,,,,,,,,,,,,,,,,,,,,,,,,,,,,,,,,,,,,,,,,,,,,,,,,,,,,,,,,,,,,,,,,,,,,,,,,,,,,,,,,,,,,,,,,,,,,,,,,,,,,,,,,,,,,,,,,,,,,,,,,,,,,,,,,,,,,,,,,,,,,,,,,,,,,,,,,,,,,,,,,,,,,,,,,,,,,,,,,,,,,,,,,,,,,,,,,,,,,,,,,,,,,,,,
15d1f61c-834f-45cb-ab9c-68f8fe661930,1560,1,00:41:57.867,41,57,30,Pass,101,217,Barcelona,1,Regular Play,217,Barcelona,1.435213,,0bbc9736-e24f-477d-ac78-bc7bcf51dc72,,5216.0,Andrés Iniesta Luján,15.0,Left Center Midfield,76.7,12.8,,,,,,,,,,,,,,,,,,,,,,,,,,,,5503.0,Lionel Andrés Messi Cuccittini,27.305677,1.6588037,1.0,Ground Pass,74.3,40.0,40.0,Right Foot,,,,,,,,,,,,,,,,,,,,,,,,,,,,,,,,,,,,,,,,,,,,,,,,,,,,,,,,,,,,,,,,,,,,,,,,,,,,,,,,,,,,,,,,,,,,,,,,,,,,,,,,,,,,,,,,,,,,,,,,,,,,,,,,,,,,,,,,,,,,,,,,,,,,,,,,,,,,,,,,,,,,,,,,,,,,,,,,,,,,,,,,,,,,,,,,,,,,,,,,,,,,,,,,,,,,,,,,
2ff2cba0-5b7f-4dc2-8d3d-a2c04cad23bb,1571,1,00:42:06.468,42,6,30,Pass,101,217,Barcelona,1,Regular Play,217,Barcelona,0.947,,261c9e85-7995-4938-9498-e3e91a778ed1,,5216.0,Andrés Iniesta Luján,15.0,Left Center Midfield,78.9,33.0,,,,,,,,,,,,,,,,,True,,,,,,,,,,a42c4259-cf34-4013-8a0a-2968cd45b6ce,5211.0,Jordi Alba Ramos,12.403628,-2.5222805,1.0,Ground Pass,68.8,25.8,40.0,Right Foot,64.0,Interception,,,,,,,,,,,,,,,,,,,,,,,,,,,,,,,,,,,,,,,,,,,,,,,,,,,,,,,,,,,,,,,,,,,,,,,,,,,,,,,,,,,,,,,,,,,,,,,,,,,,,,,,,,,,,,,,,,,,,,,,,,,,,,,,,,,,,,,,,,,,,,,,,,,,,,,,,,,,,,,,,,,,,,,,,,,,,,,,,,,,,,,,,,,,,,,,,,,,,,,,,,,,,,,,,,,,,,
f87825e5-19a8-41c2-bd3e-681d8dbfe6e9,1574,1,00:42:08.497,42,8,30,Pass,101,217,Barcelona,1,Regular Play,217,Barcelona,1.57464,,58299720-353b-45f4-a73f-9cf22cefd91b,,5211.0,Jordi Alba Ramos,6.0,Left Back,67.7,26.0,,,,,,,,,,,,,,,,,,,,,,,,,,,,5470.0,Ivan Rakitić,22.00818,1.5980623,1.0,Ground Pass,67.1,48.0,38.0,Left Foot,,,,,,,,,,,,,,,,,,,,,,,,,,,,,,,,,,,,,,,,,,,,,,,,,,,,,,,,,,,,,,,,,,,,,,,,,,,,,,,,,,,,,,,,,,,,,,,,,,,,,,,,,,,,,,,,,,,,,,,,,,,,,,,,,,,,,,,,,,,,,,,,,,,,,,,,,,,,,,,,,,,,,,,,,,,,,,,,,,,,,,,,,,,,,,,,,,,,,,,,,,,,,,,,,,,,,,,,
33842664-aad5-46b2-a815-127f535efb99,1577,1,00:42:11.798,42,11,30,Pass,101,217,Barcelona,1,Regular Play,217,Barcelona,2.311657,,f6ee6557-b795-4360-8d37-6a8894e7cb65,,5470.0,Ivan Rakitić,13.0,Right Center Midfield,69.9,57.8,,,,,,,,,,,,,,,,,,,,,,,,,,,,4324.0,Daniel Alves da Silva,25.62889,0.7357153,1.0,Ground Pass,88.9,75.0,40.0,Right Foot,,,,,,,,,,,,,,,,,,,,,,,,,,,,,,,,,,,,,,,,,,,,,,,,,,,,,,,,,,,,,,,,,,,,,,,,,,,,,,,,,,,,,,,,,,,,,,,,,,,,,,,,,,,,,,,,,,,,,,,,,,,,,,,,,,,,,,,,,,,,,,,,,,,,,,,,,,,,,,,,,,,,,,,,,,,,,,,,,,,,,,,,,,,,,,,,,,,,,,,,,,,,,,,,,,,,,,,,
7384657b-c1d7-4d1b-80ca-fcfce609ea59,1580,1,00:42:15.696,42,15,30,Pass,101,217,Barcelona,1,Regular Play,217,Barcelona,1.372212,,0a6f5228-0684-4e9e-ac85-6f86a498b0b4,,4324.0,Daniel Alves da Silva,2.0,Right Back,93.4,74.8,,,,,,,,,,,,,,,,,,,,,,,,,,,,3958.0,Pedro Eliezer Rodríguez Ledesma,17.755281,-0.36272582,1.0,Ground Pass,110.0,68.5,40.0,Right Foot,,,,,,,,,,,,,,,,,,,,,,,,,,,,,,,,,,,,,,,,,,,,,,,,,,,,,,,,,,,,,,,,,,,,,,,,,,,,,,,,,,,,,,,,,,,,,,,,,,,,,,,,,,,,,,,,,,,,,,,,,,,,,,,,,,,,,,,,,,,,,,,,,,,,,,,,,,,,,,,,,,,,,,,,,,,,,,,,,,,,,,,,,,,,,,,,,,,,,,,,,,,,,,,,,,,,,,,,
5d08ee60-7016-4b3d-8067-65b44593a3e4,1584,1,00:42:18.583,42,18,30,Pass,101,217,Barcelona,1,Regular Play,217,Barcelona,3.1947,,313ef949-a81c-4435-93a1-b980d96406a7,,3958.0,Pedro Eliezer Rodríguez Ledesma,17.0,Right Wing,114.6,66.3,,,,,,,,,,,,,,,,,,,,,,,,,,,,4320.0,Neymar da Silva Santos Junior,39.603157,-1.583422,3.0,High Pass,114.1,26.7,40.0,Right Foot,,,,,,,,,,,,True,,,,,,,,,,,,,,,,,,,,,,,,,,,,,,,,,,,,,,,,,,,,,,,,,,,,,,,,,,,,,,,,,,,,,,,,,,,,,,,,,,,,,,,,,,,,,,,,,,,,,,,,,,,,,,,,,,,,,,,,,,,,,,,,,,,,,,,,,,,,,,,,,,,,,,,,,,,,,,,,,,,,,,,,,,,,,,,,,,,,,,,,,,,,,,,,,,,,,,,,,,,,
52dc1500-c8bb-402e-b599-5f072ba3bebe,1608,1,00:43:20.773,43,20,30,Pass,103,217,Barcelona,1,Regular Play,217,Barcelona,2.419442,,278435bb-f3c6-4d6a-b85a-a4cd4c2ca1af,,5211.0,Jordi Alba Ramos,6.0,Left Back,20.5,23.0,,,True,,,,,,,,,,,,,,,,,,,,,,,,e61e0818-0bb5-443c-ab73-af7bd632d182,4320.0,Neymar da Silva Santos Junior,20.541178,-0.4266275,1.0,Ground Pass,39.2,14.5,38.0,Left Foot,66.0,Recovery,,,,,,,,,,,,,,,,,,,,,,,,,,,,,,,,,,,,,,,,,,,,,,,,,,,,,,,,,,,,,,,,,,,,,,,,,,,,,,,,,,,,,,,,,,,,,,,,,,,,,,,,,,,,,,,,,,,,,,,,,,,,,,,,,,,,,,,,,,,,,,,,,,,,,,,,,,,,,,,,,,,,,,,,,,,,,,,,,,,,,,,,,,,,,,,,,,,,,,,,,,,,,,,,,,,,,,
6648fb56-92e6-4b27-9ae8-1389d79a99ee,1611,1,00:43:24.608,43,24,30,Pass,103,217,Barcelona,1,Regular Play,217,Barcelona,4.085,,83851239-4fc0-469f-b4a0-2f8a87a17903,,4320.0,Neymar da Silva Santos Junior,21.0,Left Wing,51.0,10.4,,,,,,,,,,,,,,,,,,,,,,,,,,,c027f49e-27c5-4631-a6f0-77859741e9ff,3958.0,Pedro Eliezer Rodríguez Ledesma,61.11759,0.75762755,3.0,High Pass,95.4,52.4,38.0,Left Foot,,,,,,9.0,Incomplete,,,,True,,,,,,,,,,,,,,,,,,,,,,,,,,,,,,,,,,,,,,,,,,,,,,,,,,,,,,,,,,,,,,,,,,,,,,,,,,,,,,,,,,,,,,,,,,,,,,,,,,,,True,108.0,Through Ball,,,,,,,,,,,,,,,,,,,,,,,,,,,,,,,,,,,,,,,,,,,,,,,,,,,,,,,,,,,,,,,,,,,,,,,,,,,,,,,,,,,,,,,,,,,,,,,,,,,,,,,
01749457-d44d-4027-9639-f8d8c1618eca,1614,1,00:43:35.839,43,35,30,Pass,104,217,Barcelona,4,From Throw In,217,Barcelona,0.59574,,f368f2a8-c2a0-462c-a09a-21ac7cfb971b,True,5503.0,Lionel Andrés Messi Cuccittini,23.0,Center Forward,90.6,80.0,,,,,,,,,,,,,,,,,,,,,,,,,,,,4324.0,Daniel Alves da Silva,9.780082,-2.2183874,2.0,Low Pass,84.7,72.2,,,67.0,Throw-in,,,,,,,,,,,,,,,,,,,,,,,,,,,,,,,,,,,,,,,,,,,,,,,,,,,,,,,,,,,,,,,,,,,,,,,,,,,,,,,,,,,,,,,,,,,,,,,,,,,,,,,,,,,,,,,,,,,,,,,,,,,,,,,,,,,,,,,,,,,,,,,,,,,,,,,,,,,,,,,,,,,,,,,,,,,,,,,,,,,,,,,,,,,,,,,,,,,,,,,,,,,,,,,,,,,,,,
35ad4848-1d34-4ec9-9e04-505428a97bd7,1616,1,00:43:37.325,43,37,30,Pass,104,217,Barcelona,4,From Throw In,217,Barcelona,1.203152,,938a338a-4445-49de-84e8-2e238fefedbf,True,4324.0,Daniel Alves da Silva,2.0,Right Back,89.5,71.5,,,,,,,,,,,,,,,,,,,,,,,,,,,,5503.0,Lionel Andrés Messi Cuccittini,4.535416,1.3258177,1.0,Ground Pass,90.6,75.9,40.0,Right Foot,,,,,,,,,,,,,,,,,,,,,,,,,,,,,,,,,,,,,,,,,,,,,,,,,,,,,,,,,,,,,,,,,,,,,,,,,,,,,,,,,,,,,,,,,,,,,,,,,,,,,,,,,,,,,,,,,,,,,,,,,,,,,,,,,,,,,,,,,,,,,,,,,,,,,,,,,,,,,,,,,,,,,,,,,,,,,,,,,,,,,,,,,,,,,,,,,,,,,,,,,,,,,,,,,,,,,,,,
dca8a12d-5583-484b-928b-d6f459093eac,1618,1,00:43:41.477,43,41,30,Pass,104,217,Barcelona,4,From Throw In,217,Barcelona,1.720364,,4b654f8c-e57c-4c7d-a8f2-34992da1a75a,,5503.0,Lionel Andrés Messi Cuccittini,23.0,Center Forward,91.7,70.7,,,,,,,,,,,,,,,,,,,,,,,,,,,,4324.0,Daniel Alves da Silva,22.365152,-0.44365028,1.0,Ground Pass,111.9,61.1,38.0,Left Foot,,,,,,,,,,,,,,,,,,,,,,,,,,,,,,,,,,,,,,,,,,,,,,,,,,,,,,,,,,,,,,,,,,,,,,,,,,,,,,,,,,,,,,,,,,,,,,,,,,,,,,,,,,,,,,,,,,,,,,,,,,,,,,,,,,,,,,,,,,,,,,,,,,,,,,,,,,,,,,,,,,,,,,,,,,,,,,,,,,,,,,,,,,,,,,,,,,,,,,,,,,,,,,,,,,,,,,,,
e0c83e69-b90f-45b5-8f01-1eea1cd53df7,1625,1,00:43:45.177,43,45,30,Pass,104,217,Barcelona,4,From Throw In,217,Barcelona,1.0594,,1c9a8109-4341-4572-8a00-6e1ee1e0a2b1,,4324.0,Daniel Alves da Silva,2.0,Right Back,110.4,56.9,,,,,,,,,,,,,,,,,,,,,,,,,,,2e99de77-3b65-4cb3-b557-b25bcc1c7630,3958.0,Pedro Eliezer Rodríguez Ledesma,15.615697,-1.5259546,3.0,High Pass,111.1,41.3,40.0,Right Foot,,,,,,9.0,Incomplete,,,,,True,,,,,,,,,,,,,,,,,,,,,,,,,,,,,,,,,,,,,,,,,,,,,,,,,,,,,,,,,,,,,,,,,,,,,,,,,,,,,,,,,,,,,,,,,,,,,,,,,,,,,,,,,,,,,,,,,,,,,,,,,,,,,,,,,,,,,,,,,,,,,,,,,,,,,,,,,,,,,,,,,,,,,,,,,,,,,,,,,,,,,,,,,,,,,,,,,,,,,,,,,,,,
